tenant_id,dealer_id,dealer_name,order_id,customer_id,order_date,quarter,is_repeat_order,amount,region,source_ref
tenant-demo,D001,经销商01,O-D001-2026Q1-C0001,D001-C0001,2026-02-07,2026Q1,true,29372.1,桂中,erp:order:O-D001-2026Q1-C0001
tenant-demo,D001,经销商01,O-D001-2026Q2-C0001,D001-C0001,2026-04-27,2026Q2,false,16087.15,桂中,erp:order:O-D001-2026Q2-C0001
tenant-demo,D001,经销商01,O-D001-2026Q1-C0002,D001-C0002,2026-02-03,2026Q1,true,17635.4,桂中,erp:order:O-D001-2026Q1-C0002
tenant-demo,D001,经销商01,O-D001-2026Q2-C0002,D001-C0002,2026-06-11,2026Q2,false,34340.47,桂中,erp:order:O-D001-2026Q2-C0002
tenant-demo,D001,经销商01,O-D001-2026Q1-C0003,D001-C0003,2026-02-10,2026Q1,true,47333.05,桂中,erp:order:O-D001-2026Q1-C0003
tenant-demo,D001,经销商01,O-D001-2026Q2-C0003,D001-C0003,2026-04-11,2026Q2,false,6847.35,桂中,erp:order:O-D001-2026Q2-C0003
tenant-demo,D001,经销商01,O-D001-2026Q1-C0004,D001-C0004,2026-03-10,2026Q1,false,40672.93,桂中,erp:order:O-D001-2026Q1-C0004
tenant-demo,D001,经销商01,O-D001-2026Q2-C0004,D001-C0004,2026-04-18,2026Q2,false,16063.17,桂中,erp:order:O-D001-2026Q2-C0004
tenant-demo,D001,经销商01,O-D001-2026Q1-C0005,D001-C0005,2026-03-03,2026Q1,true,32512.63,桂中,erp:order:O-D001-2026Q1-C0005
tenant-demo,D001,经销商01,O-D001-2026Q2-C0005,D001-C0005,2026-04-26,2026Q2,true,16029.41,桂中,erp:order:O-D001-2026Q2-C0005
tenant-demo,D001,经销商01,O-D001-2026Q1-C0006,D001-C0006,2026-01-09,2026Q1,false,15969.17,桂中,erp:order:O-D001-2026Q1-C0006
tenant-demo,D001,经销商01,O-D001-2026Q2-C0006,D001-C0006,2026-04-24,2026Q2,true,29804.21,桂中,erp:order:O-D001-2026Q2-C0006
tenant-demo,D001,经销商01,O-D001-2026Q1-C0007,D001-C0007,2026-03-01,2026Q1,true,8380.84,桂中,erp:order:O-D001-2026Q1-C0007
tenant-demo,D001,经销商01,O-D001-2026Q2-C0007,D001-C0007,2026-05-16,2026Q2,true,18086.97,桂中,erp:order:O-D001-2026Q2-C0007
tenant-demo,D001,经销商01,O-D001-2026Q1-C0008,D001-C0008,2026-01-04,2026Q1,true,26097.55,桂中,erp:order:O-D001-2026Q1-C0008
tenant-demo,D001,经销商01,O-D001-2026Q2-C0008,D001-C0008,2026-05-03,2026Q2,true,27564.33,桂中,erp:order:O-D001-2026Q2-C0008
tenant-demo,D001,经销商01,O-D001-2026Q1-C0009,D001-C0009,2026-03-06,2026Q1,true,27917.15,桂中,erp:order:O-D001-2026Q1-C0009
tenant-demo,D001,经销商01,O-D001-2026Q2-C0009,D001-C0009,2026-04-05,2026Q2,true,13080.49,桂中,erp:order:O-D001-2026Q2-C0009
tenant-demo,D001,经销商01,O-D001-2026Q1-C0010,D001-C0010,2026-02-10,2026Q1,true,41969.76,桂中,erp:order:O-D001-2026Q1-C0010
tenant-demo,D001,经销商01,O-D001-2026Q2-C0010,D001-C0010,2026-06-27,2026Q2,true,9809.5,桂中,erp:order:O-D001-2026Q2-C0010
tenant-demo,D001,经销商01,O-D001-2026Q1-C0011,D001-C0011,2026-02-05,2026Q1,true,46371.06,桂中,erp:order:O-D001-2026Q1-C0011
tenant-demo,D001,经销商01,O-D001-2026Q2-C0011,D001-C0011,2026-04-18,2026Q2,false,45219.15,桂中,erp:order:O-D001-2026Q2-C0011
tenant-demo,D001,经销商01,O-D001-2026Q1-C0012,D001-C0012,2026-01-25,2026Q1,true,45971.68,桂中,erp:order:O-D001-2026Q1-C0012
tenant-demo,D001,经销商01,O-D001-2026Q2-C0012,D001-C0012,2026-06-26,2026Q2,false,19223.09,桂中,erp:order:O-D001-2026Q2-C0012
tenant-demo,D001,经销商01,O-D001-2026Q1-C0013,D001-C0013,2026-03-27,2026Q1,true,35248.92,桂中,erp:order:O-D001-2026Q1-C0013
tenant-demo,D001,经销商01,O-D001-2026Q2-C0013,D001-C0013,2026-06-07,2026Q2,false,47456.36,桂中,erp:order:O-D001-2026Q2-C0013
tenant-demo,D001,经销商01,O-D001-2026Q1-C0014,D001-C0014,2026-02-18,2026Q1,true,13016.97,桂中,erp:order:O-D001-2026Q1-C0014
tenant-demo,D001,经销商01,O-D001-2026Q2-C0014,D001-C0014,2026-06-28,2026Q2,true,12105.36,桂中,erp:order:O-D001-2026Q2-C0014
tenant-demo,D001,经销商01,O-D001-2026Q1-C0015,D001-C0015,2026-02-25,2026Q1,true,35050.04,桂中,erp:order:O-D001-2026Q1-C0015
tenant-demo,D001,经销商01,O-D001-2026Q2-C0015,D001-C0015,2026-05-26,2026Q2,false,7898.64,桂中,erp:order:O-D001-2026Q2-C0015
tenant-demo,D001,经销商01,O-D001-2026Q1-C0016,D001-C0016,2026-02-18,2026Q1,true,24357.71,桂中,erp:order:O-D001-2026Q1-C0016
tenant-demo,D001,经销商01,O-D001-2026Q2-C0016,D001-C0016,2026-06-15,2026Q2,false,24772.95,桂中,erp:order:O-D001-2026Q2-C0016
tenant-demo,D001,经销商01,O-D001-2026Q1-C0017,D001-C0017,2026-02-06,2026Q1,true,5488.99,桂中,erp:order:O-D001-2026Q1-C0017
tenant-demo,D001,经销商01,O-D001-2026Q2-C0017,D001-C0017,2026-04-26,2026Q2,false,16608.61,桂中,erp:order:O-D001-2026Q2-C0017
tenant-demo,D001,经销商01,O-D001-2026Q1-C0018,D001-C0018,2026-02-19,2026Q1,true,34089.75,桂中,erp:order:O-D001-2026Q1-C0018
tenant-demo,D001,经销商01,O-D001-2026Q2-C0018,D001-C0018,2026-06-12,2026Q2,false,5850.99,桂中,erp:order:O-D001-2026Q2-C0018
tenant-demo,D001,经销商01,O-D001-2026Q1-C0019,D001-C0019,2026-03-05,2026Q1,true,31103.18,桂中,erp:order:O-D001-2026Q1-C0019
tenant-demo,D001,经销商01,O-D001-2026Q2-C0019,D001-C0019,2026-05-13,2026Q2,false,11232.31,桂中,erp:order:O-D001-2026Q2-C0019
tenant-demo,D001,经销商01,O-D001-2026Q1-C0020,D001-C0020,2026-01-20,2026Q1,true,30383.24,桂中,erp:order:O-D001-2026Q1-C0020
tenant-demo,D001,经销商01,O-D001-2026Q2-C0020,D001-C0020,2026-05-01,2026Q2,true,9016.13,桂中,erp:order:O-D001-2026Q2-C0020
tenant-demo,D001,经销商01,O-D001-2026Q1-C0021,D001-C0021,2026-02-17,2026Q1,false,12991.01,桂中,erp:order:O-D001-2026Q1-C0021
tenant-demo,D001,经销商01,O-D001-2026Q2-C0021,D001-C0021,2026-05-22,2026Q2,true,45186.59,桂中,erp:order:O-D001-2026Q2-C0021
tenant-demo,D001,经销商01,O-D001-2026Q1-C0022,D001-C0022,2026-01-08,2026Q1,false,33759.99,桂中,erp:order:O-D001-2026Q1-C0022
tenant-demo,D001,经销商01,O-D001-2026Q2-C0022,D001-C0022,2026-06-16,2026Q2,false,19084.32,桂中,erp:order:O-D001-2026Q2-C0022
tenant-demo,D001,经销商01,O-D001-2026Q1-C0023,D001-C0023,2026-03-14,2026Q1,true,48044.29,桂中,erp:order:O-D001-2026Q1-C0023
tenant-demo,D001,经销商01,O-D001-2026Q2-C0023,D001-C0023,2026-06-24,2026Q2,false,20162.82,桂中,erp:order:O-D001-2026Q2-C0023
tenant-demo,D001,经销商01,O-D001-2026Q1-C0024,D001-C0024,2026-02-21,2026Q1,false,46296.8,桂中,erp:order:O-D001-2026Q1-C0024
tenant-demo,D001,经销商01,O-D001-2026Q2-C0024,D001-C0024,2026-04-25,2026Q2,true,14876.11,桂中,erp:order:O-D001-2026Q2-C0024
tenant-demo,D001,经销商01,O-D001-2026Q1-C0025,D001-C0025,2026-02-06,2026Q1,true,28026.13,桂中,erp:order:O-D001-2026Q1-C0025
tenant-demo,D001,经销商01,O-D001-2026Q2-C0025,D001-C0025,2026-04-10,2026Q2,false,28023.43,桂中,erp:order:O-D001-2026Q2-C0025
tenant-demo,D001,经销商01,O-D001-2026Q1-C0026,D001-C0026,2026-02-28,2026Q1,false,18442.31,桂中,erp:order:O-D001-2026Q1-C0026
tenant-demo,D001,经销商01,O-D001-2026Q2-C0026,D001-C0026,2026-04-23,2026Q2,false,29854.3,桂中,erp:order:O-D001-2026Q2-C0026
tenant-demo,D001,经销商01,O-D001-2026Q1-C0027,D001-C0027,2026-02-20,2026Q1,false,36557.42,桂中,erp:order:O-D001-2026Q1-C0027
tenant-demo,D001,经销商01,O-D001-2026Q2-C0027,D001-C0027,2026-04-20,2026Q2,false,8823.79,桂中,erp:order:O-D001-2026Q2-C0027
tenant-demo,D001,经销商01,O-D001-2026Q1-C0028,D001-C0028,2026-03-13,2026Q1,false,48203.55,桂中,erp:order:O-D001-2026Q1-C0028
tenant-demo,D001,经销商01,O-D001-2026Q2-C0028,D001-C0028,2026-05-14,2026Q2,false,12932.42,桂中,erp:order:O-D001-2026Q2-C0028
tenant-demo,D001,经销商01,O-D001-2026Q1-C0029,D001-C0029,2026-03-24,2026Q1,true,14792.84,桂中,erp:order:O-D001-2026Q1-C0029
tenant-demo,D001,经销商01,O-D001-2026Q2-C0029,D001-C0029,2026-04-16,2026Q2,false,39098.76,桂中,erp:order:O-D001-2026Q2-C0029
tenant-demo,D001,经销商01,O-D001-2026Q1-C0030,D001-C0030,2026-03-21,2026Q1,false,35673.64,桂中,erp:order:O-D001-2026Q1-C0030
tenant-demo,D001,经销商01,O-D001-2026Q2-C0030,D001-C0030,2026-06-28,2026Q2,false,20659.17,桂中,erp:order:O-D001-2026Q2-C0030
tenant-demo,D001,经销商01,O-D001-2026Q1-C0031,D001-C0031,2026-03-02,2026Q1,true,12415.92,桂中,erp:order:O-D001-2026Q1-C0031
tenant-demo,D001,经销商01,O-D001-2026Q2-C0031,D001-C0031,2026-04-26,2026Q2,false,28587.83,桂中,erp:order:O-D001-2026Q2-C0031
tenant-demo,D001,经销商01,O-D001-2026Q1-C0032,D001-C0032,2026-01-09,2026Q1,false,16483.28,桂中,erp:order:O-D001-2026Q1-C0032
tenant-demo,D001,经销商01,O-D001-2026Q2-C0032,D001-C0032,2026-04-05,2026Q2,false,38160.84,桂中,erp:order:O-D001-2026Q2-C0032
tenant-demo,D001,经销商01,O-D001-2026Q1-C0033,D001-C0033,2026-03-27,2026Q1,true,48615.28,桂中,erp:order:O-D001-2026Q1-C0033
tenant-demo,D001,经销商01,O-D001-2026Q2-C0033,D001-C0033,2026-06-23,2026Q2,true,48506.05,桂中,erp:order:O-D001-2026Q2-C0033
tenant-demo,D001,经销商01,O-D001-2026Q1-C0034,D001-C0034,2026-01-28,2026Q1,false,8690.37,桂中,erp:order:O-D001-2026Q1-C0034
tenant-demo,D001,经销商01,O-D001-2026Q2-C0034,D001-C0034,2026-05-13,2026Q2,true,22205.9,桂中,erp:order:O-D001-2026Q2-C0034
tenant-demo,D001,经销商01,O-D001-2026Q1-C0035,D001-C0035,2026-02-15,2026Q1,false,12413.94,桂中,erp:order:O-D001-2026Q1-C0035
tenant-demo,D001,经销商01,O-D001-2026Q2-C0035,D001-C0035,2026-05-07,2026Q2,false,10684.85,桂中,erp:order:O-D001-2026Q2-C0035
tenant-demo,D001,经销商01,O-D001-2026Q1-C0036,D001-C0036,2026-03-18,2026Q1,true,10363.4,桂中,erp:order:O-D001-2026Q1-C0036
tenant-demo,D001,经销商01,O-D001-2026Q2-C0036,D001-C0036,2026-04-22,2026Q2,false,23370.08,桂中,erp:order:O-D001-2026Q2-C0036
tenant-demo,D001,经销商01,O-D001-2026Q1-C0037,D001-C0037,2026-01-13,2026Q1,true,18296.4,桂中,erp:order:O-D001-2026Q1-C0037
tenant-demo,D001,经销商01,O-D001-2026Q2-C0037,D001-C0037,2026-04-07,2026Q2,false,38730.96,桂中,erp:order:O-D001-2026Q2-C0037
tenant-demo,D001,经销商01,O-D001-2026Q1-C0038,D001-C0038,2026-03-01,2026Q1,false,28776.34,桂中,erp:order:O-D001-2026Q1-C0038
tenant-demo,D001,经销商01,O-D001-2026Q2-C0038,D001-C0038,2026-06-08,2026Q2,true,6386.38,桂中,erp:order:O-D001-2026Q2-C0038
tenant-demo,D001,经销商01,O-D001-2026Q1-C0039,D001-C0039,2026-01-06,2026Q1,false,42589.96,桂中,erp:order:O-D001-2026Q1-C0039
tenant-demo,D001,经销商01,O-D001-2026Q2-C0039,D001-C0039,2026-06-07,2026Q2,false,17815.17,桂中,erp:order:O-D001-2026Q2-C0039
tenant-demo,D001,经销商01,O-D001-2026Q1-C0040,D001-C0040,2026-03-25,2026Q1,false,17295.16,桂中,erp:order:O-D001-2026Q1-C0040
tenant-demo,D001,经销商01,O-D001-2026Q2-C0040,D001-C0040,2026-06-15,2026Q2,true,16289.7,桂中,erp:order:O-D001-2026Q2-C0040
tenant-demo,D001,经销商01,O-D001-2026Q1-C0041,D001-C0041,2026-01-18,2026Q1,false,40599.08,桂中,erp:order:O-D001-2026Q1-C0041
tenant-demo,D001,经销商01,O-D001-2026Q2-C0041,D001-C0041,2026-05-28,2026Q2,false,21062.99,桂中,erp:order:O-D001-2026Q2-C0041
tenant-demo,D001,经销商01,O-D001-2026Q1-C0042,D001-C0042,2026-01-19,2026Q1,false,10481.0,桂中,erp:order:O-D001-2026Q1-C0042
tenant-demo,D001,经销商01,O-D001-2026Q2-C0042,D001-C0042,2026-04-10,2026Q2,true,44551.85,桂中,erp:order:O-D001-2026Q2-C0042
tenant-demo,D001,经销商01,O-D001-2026Q1-C0043,D001-C0043,2026-01-04,2026Q1,true,41475.27,桂中,erp:order:O-D001-2026Q1-C0043
tenant-demo,D001,经销商01,O-D001-2026Q2-C0043,D001-C0043,2026-04-18,2026Q2,false,30618.89,桂中,erp:order:O-D001-2026Q2-C0043
tenant-demo,D001,经销商01,O-D001-2026Q1-C0044,D001-C0044,2026-03-25,2026Q1,false,18338.57,桂中,erp:order:O-D001-2026Q1-C0044
tenant-demo,D001,经销商01,O-D001-2026Q2-C0044,D001-C0044,2026-06-05,2026Q2,true,37594.21,桂中,erp:order:O-D001-2026Q2-C0044
tenant-demo,D001,经销商01,O-D001-2026Q1-C0045,D001-C0045,2026-02-19,2026Q1,true,8383.26,桂中,erp:order:O-D001-2026Q1-C0045
tenant-demo,D001,经销商01,O-D001-2026Q2-C0045,D001-C0045,2026-05-17,2026Q2,false,41246.55,桂中,erp:order:O-D001-2026Q2-C0045
tenant-demo,D001,经销商01,O-D001-2026Q1-C0046,D001-C0046,2026-03-11,2026Q1,false,35476.83,桂中,erp:order:O-D001-2026Q1-C0046
tenant-demo,D001,经销商01,O-D001-2026Q2-C0046,D001-C0046,2026-05-23,2026Q2,false,5038.01,桂中,erp:order:O-D001-2026Q2-C0046
tenant-demo,D001,经销商01,O-D001-2026Q1-C0047,D001-C0047,2026-02-18,2026Q1,true,25229.85,桂中,erp:order:O-D001-2026Q1-C0047
tenant-demo,D001,经销商01,O-D001-2026Q2-C0047,D001-C0047,2026-06-22,2026Q2,true,22973.12,桂中,erp:order:O-D001-2026Q2-C0047
tenant-demo,D001,经销商01,O-D001-2026Q1-C0048,D001-C0048,2026-01-21,2026Q1,false,30713.68,桂中,erp:order:O-D001-2026Q1-C0048
tenant-demo,D001,经销商01,O-D001-2026Q2-C0048,D001-C0048,2026-05-07,2026Q2,false,46301.56,桂中,erp:order:O-D001-2026Q2-C0048
tenant-demo,D001,经销商01,O-D001-2026Q1-C0049,D001-C0049,2026-02-21,2026Q1,true,30059.99,桂中,erp:order:O-D001-2026Q1-C0049
tenant-demo,D001,经销商01,O-D001-2026Q2-C0049,D001-C0049,2026-06-27,2026Q2,false,31917.39,桂中,erp:order:O-D001-2026Q2-C0049
tenant-demo,D001,经销商01,O-D001-2026Q1-C0050,D001-C0050,2026-01-15,2026Q1,false,37777.12,桂中,erp:order:O-D001-2026Q1-C0050
tenant-demo,D001,经销商01,O-D001-2026Q2-C0050,D001-C0050,2026-06-14,2026Q2,true,32037.46,桂中,erp:order:O-D001-2026Q2-C0050
tenant-demo,D001,经销商01,O-D001-2026Q1-C0051,D001-C0051,2026-03-10,2026Q1,false,47186.45,桂中,erp:order:O-D001-2026Q1-C0051
tenant-demo,D001,经销商01,O-D001-2026Q2-C0051,D001-C0051,2026-05-20,2026Q2,true,36630.14,桂中,erp:order:O-D001-2026Q2-C0051
tenant-demo,D001,经销商01,O-D001-2026Q1-C0052,D001-C0052,2026-01-12,2026Q1,true,35097.82,桂中,erp:order:O-D001-2026Q1-C0052
tenant-demo,D001,经销商01,O-D001-2026Q2-C0052,D001-C0052,2026-06-13,2026Q2,true,28678.58,桂中,erp:order:O-D001-2026Q2-C0052
tenant-demo,D001,经销商01,O-D001-2026Q1-C0053,D001-C0053,2026-02-11,2026Q1,true,31070.58,桂中,erp:order:O-D001-2026Q1-C0053
tenant-demo,D001,经销商01,O-D001-2026Q2-C0053,D001-C0053,2026-06-24,2026Q2,true,43756.04,桂中,erp:order:O-D001-2026Q2-C0053
tenant-demo,D001,经销商01,O-D001-2026Q1-C0054,D001-C0054,2026-03-03,2026Q1,false,36477.67,桂中,erp:order:O-D001-2026Q1-C0054
tenant-demo,D001,经销商01,O-D001-2026Q2-C0054,D001-C0054,2026-06-08,2026Q2,true,27171.59,桂中,erp:order:O-D001-2026Q2-C0054
tenant-demo,D001,经销商01,O-D001-2026Q1-C0055,D001-C0055,2026-03-10,2026Q1,false,33815.99,桂中,erp:order:O-D001-2026Q1-C0055
tenant-demo,D001,经销商01,O-D001-2026Q2-C0055,D001-C0055,2026-05-24,2026Q2,false,33335.39,桂中,erp:order:O-D001-2026Q2-C0055
tenant-demo,D001,经销商01,O-D001-2026Q1-C0056,D001-C0056,2026-03-25,2026Q1,true,33316.79,桂中,erp:order:O-D001-2026Q1-C0056
tenant-demo,D001,经销商01,O-D001-2026Q2-C0056,D001-C0056,2026-05-28,2026Q2,true,47170.31,桂中,erp:order:O-D001-2026Q2-C0056
tenant-demo,D001,经销商01,O-D001-2026Q1-C0057,D001-C0057,2026-01-27,2026Q1,true,13016.8,桂中,erp:order:O-D001-2026Q1-C0057
tenant-demo,D001,经销商01,O-D001-2026Q2-C0057,D001-C0057,2026-04-12,2026Q2,false,39923.49,桂中,erp:order:O-D001-2026Q2-C0057
tenant-demo,D001,经销商01,O-D001-2026Q1-C0058,D001-C0058,2026-03-14,2026Q1,false,46069.69,桂中,erp:order:O-D001-2026Q1-C0058
tenant-demo,D001,经销商01,O-D001-2026Q2-C0058,D001-C0058,2026-06-10,2026Q2,true,44327.39,桂中,erp:order:O-D001-2026Q2-C0058
tenant-demo,D001,经销商01,O-D001-2026Q1-C0059,D001-C0059,2026-02-16,2026Q1,true,11843.15,桂中,erp:order:O-D001-2026Q1-C0059
tenant-demo,D001,经销商01,O-D001-2026Q2-C0059,D001-C0059,2026-06-02,2026Q2,true,12632.99,桂中,erp:order:O-D001-2026Q2-C0059
tenant-demo,D001,经销商01,O-D001-2026Q1-C0060,D001-C0060,2026-01-24,2026Q1,false,17186.92,桂中,erp:order:O-D001-2026Q1-C0060
tenant-demo,D001,经销商01,O-D001-2026Q2-C0060,D001-C0060,2026-04-12,2026Q2,true,31578.63,桂中,erp:order:O-D001-2026Q2-C0060
tenant-demo,D001,经销商01,O-D001-2026Q1-C0061,D001-C0061,2026-02-01,2026Q1,true,8014.95,桂中,erp:order:O-D001-2026Q1-C0061
tenant-demo,D001,经销商01,O-D001-2026Q2-C0061,D001-C0061,2026-06-06,2026Q2,false,12386.24,桂中,erp:order:O-D001-2026Q2-C0061
tenant-demo,D001,经销商01,O-D001-2026Q1-C0062,D001-C0062,2026-02-21,2026Q1,true,36070.14,桂中,erp:order:O-D001-2026Q1-C0062
tenant-demo,D001,经销商01,O-D001-2026Q2-C0062,D001-C0062,2026-06-10,2026Q2,false,36000.87,桂中,erp:order:O-D001-2026Q2-C0062
tenant-demo,D001,经销商01,O-D001-2026Q1-C0063,D001-C0063,2026-01-08,2026Q1,false,14400.02,桂中,erp:order:O-D001-2026Q1-C0063
tenant-demo,D001,经销商01,O-D001-2026Q2-C0063,D001-C0063,2026-05-03,2026Q2,false,44871.14,桂中,erp:order:O-D001-2026Q2-C0063
tenant-demo,D001,经销商01,O-D001-2026Q1-C0064,D001-C0064,2026-03-22,2026Q1,false,8369.81,桂中,erp:order:O-D001-2026Q1-C0064
tenant-demo,D001,经销商01,O-D001-2026Q2-C0064,D001-C0064,2026-06-18,2026Q2,false,21569.37,桂中,erp:order:O-D001-2026Q2-C0064
tenant-demo,D001,经销商01,O-D001-2026Q1-C0065,D001-C0065,2026-01-10,2026Q1,true,38152.66,桂中,erp:order:O-D001-2026Q1-C0065
tenant-demo,D001,经销商01,O-D001-2026Q2-C0065,D001-C0065,2026-06-27,2026Q2,true,34388.01,桂中,erp:order:O-D001-2026Q2-C0065
tenant-demo,D001,经销商01,O-D001-2026Q1-C0066,D001-C0066,2026-02-20,2026Q1,false,30030.9,桂中,erp:order:O-D001-2026Q1-C0066
tenant-demo,D001,经销商01,O-D001-2026Q2-C0066,D001-C0066,2026-05-18,2026Q2,false,38293.02,桂中,erp:order:O-D001-2026Q2-C0066
tenant-demo,D001,经销商01,O-D001-2026Q1-C0067,D001-C0067,2026-02-26,2026Q1,true,22987.2,桂中,erp:order:O-D001-2026Q1-C0067
tenant-demo,D001,经销商01,O-D001-2026Q2-C0067,D001-C0067,2026-06-11,2026Q2,true,16678.48,桂中,erp:order:O-D001-2026Q2-C0067
tenant-demo,D001,经销商01,O-D001-2026Q1-C0068,D001-C0068,2026-02-20,2026Q1,false,37222.35,桂中,erp:order:O-D001-2026Q1-C0068
tenant-demo,D001,经销商01,O-D001-2026Q2-C0068,D001-C0068,2026-06-01,2026Q2,false,36801.06,桂中,erp:order:O-D001-2026Q2-C0068
tenant-demo,D001,经销商01,O-D001-2026Q1-C0069,D001-C0069,2026-03-13,2026Q1,true,43329.74,桂中,erp:order:O-D001-2026Q1-C0069
tenant-demo,D001,经销商01,O-D001-2026Q2-C0069,D001-C0069,2026-05-25,2026Q2,true,19243.81,桂中,erp:order:O-D001-2026Q2-C0069
tenant-demo,D001,经销商01,O-D001-2026Q1-C0070,D001-C0070,2026-02-07,2026Q1,false,16179.19,桂中,erp:order:O-D001-2026Q1-C0070
tenant-demo,D001,经销商01,O-D001-2026Q2-C0070,D001-C0070,2026-06-06,2026Q2,true,8264.27,桂中,erp:order:O-D001-2026Q2-C0070
tenant-demo,D001,经销商01,O-D001-2026Q1-C0071,D001-C0071,2026-03-15,2026Q1,false,44197.39,桂中,erp:order:O-D001-2026Q1-C0071
tenant-demo,D001,经销商01,O-D001-2026Q2-C0071,D001-C0071,2026-06-05,2026Q2,false,31164.49,桂中,erp:order:O-D001-2026Q2-C0071
tenant-demo,D001,经销商01,O-D001-2026Q1-C0072,D001-C0072,2026-02-15,2026Q1,false,32281.7,桂中,erp:order:O-D001-2026Q1-C0072
tenant-demo,D001,经销商01,O-D001-2026Q2-C0072,D001-C0072,2026-04-25,2026Q2,false,28696.65,桂中,erp:order:O-D001-2026Q2-C0072
tenant-demo,D001,经销商01,O-D001-2026Q1-C0073,D001-C0073,2026-03-15,2026Q1,false,11214.41,桂中,erp:order:O-D001-2026Q1-C0073
tenant-demo,D001,经销商01,O-D001-2026Q2-C0073,D001-C0073,2026-05-08,2026Q2,false,21249.04,桂中,erp:order:O-D001-2026Q2-C0073
tenant-demo,D001,经销商01,O-D001-2026Q1-C0074,D001-C0074,2026-01-23,2026Q1,false,10212.66,桂中,erp:order:O-D001-2026Q1-C0074
tenant-demo,D001,经销商01,O-D001-2026Q2-C0074,D001-C0074,2026-04-04,2026Q2,false,35662.94,桂中,erp:order:O-D001-2026Q2-C0074
tenant-demo,D001,经销商01,O-D001-2026Q1-C0075,D001-C0075,2026-02-16,2026Q1,true,15242.89,桂中,erp:order:O-D001-2026Q1-C0075
tenant-demo,D001,经销商01,O-D001-2026Q2-C0075,D001-C0075,2026-04-02,2026Q2,false,46787.28,桂中,erp:order:O-D001-2026Q2-C0075
tenant-demo,D001,经销商01,O-D001-2026Q1-C0076,D001-C0076,2026-03-01,2026Q1,false,7490.44,桂中,erp:order:O-D001-2026Q1-C0076
tenant-demo,D001,经销商01,O-D001-2026Q2-C0076,D001-C0076,2026-04-22,2026Q2,true,44999.43,桂中,erp:order:O-D001-2026Q2-C0076
tenant-demo,D001,经销商01,O-D001-2026Q1-C0077,D001-C0077,2026-03-17,2026Q1,false,6562.1,桂中,erp:order:O-D001-2026Q1-C0077
tenant-demo,D001,经销商01,O-D001-2026Q2-C0077,D001-C0077,2026-06-15,2026Q2,false,41670.98,桂中,erp:order:O-D001-2026Q2-C0077
tenant-demo,D001,经销商01,O-D001-2026Q1-C0078,D001-C0078,2026-02-04,2026Q1,false,20409.94,桂中,erp:order:O-D001-2026Q1-C0078
tenant-demo,D001,经销商01,O-D001-2026Q2-C0078,D001-C0078,2026-04-04,2026Q2,false,32595.9,桂中,erp:order:O-D001-2026Q2-C0078
tenant-demo,D001,经销商01,O-D001-2026Q1-C0079,D001-C0079,2026-01-16,2026Q1,false,14992.93,桂中,erp:order:O-D001-2026Q1-C0079
tenant-demo,D001,经销商01,O-D001-2026Q2-C0079,D001-C0079,2026-04-08,2026Q2,false,25241.63,桂中,erp:order:O-D001-2026Q2-C0079
tenant-demo,D001,经销商01,O-D001-2026Q1-C0080,D001-C0080,2026-02-15,2026Q1,true,15608.15,桂中,erp:order:O-D001-2026Q1-C0080
tenant-demo,D001,经销商01,O-D001-2026Q2-C0080,D001-C0080,2026-05-07,2026Q2,false,29615.88,桂中,erp:order:O-D001-2026Q2-C0080
tenant-demo,D001,经销商01,O-D001-2026Q1-C0081,D001-C0081,2026-02-11,2026Q1,false,25326.36,桂中,erp:order:O-D001-2026Q1-C0081
tenant-demo,D001,经销商01,O-D001-2026Q2-C0081,D001-C0081,2026-04-07,2026Q2,true,27334.98,桂中,erp:order:O-D001-2026Q2-C0081
tenant-demo,D001,经销商01,O-D001-2026Q1-C0082,D001-C0082,2026-01-01,2026Q1,true,49747.7,桂中,erp:order:O-D001-2026Q1-C0082
tenant-demo,D001,经销商01,O-D001-2026Q2-C0082,D001-C0082,2026-05-11,2026Q2,true,40884.92,桂中,erp:order:O-D001-2026Q2-C0082
tenant-demo,D001,经销商01,O-D001-2026Q1-C0083,D001-C0083,2026-03-10,2026Q1,true,44997.34,桂中,erp:order:O-D001-2026Q1-C0083
tenant-demo,D001,经销商01,O-D001-2026Q2-C0083,D001-C0083,2026-05-06,2026Q2,true,46347.81,桂中,erp:order:O-D001-2026Q2-C0083
tenant-demo,D001,经销商01,O-D001-2026Q1-C0084,D001-C0084,2026-03-05,2026Q1,true,44601.36,桂中,erp:order:O-D001-2026Q1-C0084
tenant-demo,D001,经销商01,O-D001-2026Q2-C0084,D001-C0084,2026-04-01,2026Q2,false,40717.96,桂中,erp:order:O-D001-2026Q2-C0084
tenant-demo,D001,经销商01,O-D001-2026Q1-C0085,D001-C0085,2026-03-18,2026Q1,false,22427.23,桂中,erp:order:O-D001-2026Q1-C0085
tenant-demo,D001,经销商01,O-D001-2026Q2-C0085,D001-C0085,2026-05-09,2026Q2,false,7570.39,桂中,erp:order:O-D001-2026Q2-C0085
tenant-demo,D001,经销商01,O-D001-2026Q1-C0086,D001-C0086,2026-02-21,2026Q1,true,10849.05,桂中,erp:order:O-D001-2026Q1-C0086
tenant-demo,D001,经销商01,O-D001-2026Q2-C0086,D001-C0086,2026-04-02,2026Q2,true,42799.12,桂中,erp:order:O-D001-2026Q2-C0086
tenant-demo,D001,经销商01,O-D001-2026Q1-C0087,D001-C0087,2026-03-27,2026Q1,true,29164.13,桂中,erp:order:O-D001-2026Q1-C0087
tenant-demo,D001,经销商01,O-D001-2026Q2-C0087,D001-C0087,2026-05-25,2026Q2,true,10801.64,桂中,erp:order:O-D001-2026Q2-C0087
tenant-demo,D001,经销商01,O-D001-2026Q1-C0088,D001-C0088,2026-01-07,2026Q1,true,10284.65,桂中,erp:order:O-D001-2026Q1-C0088
tenant-demo,D001,经销商01,O-D001-2026Q2-C0088,D001-C0088,2026-06-05,2026Q2,true,6243.03,桂中,erp:order:O-D001-2026Q2-C0088
tenant-demo,D001,经销商01,O-D001-2026Q1-C0089,D001-C0089,2026-03-27,2026Q1,true,38507.64,桂中,erp:order:O-D001-2026Q1-C0089
tenant-demo,D001,经销商01,O-D001-2026Q2-C0089,D001-C0089,2026-06-15,2026Q2,false,43053.02,桂中,erp:order:O-D001-2026Q2-C0089
tenant-demo,D001,经销商01,O-D001-2026Q1-C0090,D001-C0090,2026-03-09,2026Q1,false,22536.59,桂中,erp:order:O-D001-2026Q1-C0090
tenant-demo,D001,经销商01,O-D001-2026Q2-C0090,D001-C0090,2026-06-21,2026Q2,false,48631.77,桂中,erp:order:O-D001-2026Q2-C0090
tenant-demo,D001,经销商01,O-D001-2026Q1-C0091,D001-C0091,2026-01-19,2026Q1,true,15939.13,桂中,erp:order:O-D001-2026Q1-C0091
tenant-demo,D001,经销商01,O-D001-2026Q2-C0091,D001-C0091,2026-06-06,2026Q2,false,47082.47,桂中,erp:order:O-D001-2026Q2-C0091
tenant-demo,D001,经销商01,O-D001-2026Q1-C0092,D001-C0092,2026-03-23,2026Q1,false,20732.66,桂中,erp:order:O-D001-2026Q1-C0092
tenant-demo,D001,经销商01,O-D001-2026Q2-C0092,D001-C0092,2026-06-02,2026Q2,false,30211.59,桂中,erp:order:O-D001-2026Q2-C0092
tenant-demo,D001,经销商01,O-D001-2026Q1-C0093,D001-C0093,2026-03-14,2026Q1,true,45727.11,桂中,erp:order:O-D001-2026Q1-C0093
tenant-demo,D001,经销商01,O-D001-2026Q2-C0093,D001-C0093,2026-06-18,2026Q2,false,29214.25,桂中,erp:order:O-D001-2026Q2-C0093
tenant-demo,D001,经销商01,O-D001-2026Q1-C0094,D001-C0094,2026-03-03,2026Q1,false,24085.39,桂中,erp:order:O-D001-2026Q1-C0094
tenant-demo,D001,经销商01,O-D001-2026Q2-C0094,D001-C0094,2026-06-20,2026Q2,true,37109.59,桂中,erp:order:O-D001-2026Q2-C0094
tenant-demo,D001,经销商01,O-D001-2026Q1-C0095,D001-C0095,2026-01-09,2026Q1,true,37450.19,桂中,erp:order:O-D001-2026Q1-C0095
tenant-demo,D001,经销商01,O-D001-2026Q2-C0095,D001-C0095,2026-04-05,2026Q2,false,12991.03,桂中,erp:order:O-D001-2026Q2-C0095
tenant-demo,D001,经销商01,O-D001-2026Q1-C0096,D001-C0096,2026-01-28,2026Q1,true,7641.91,桂中,erp:order:O-D001-2026Q1-C0096
tenant-demo,D001,经销商01,O-D001-2026Q2-C0096,D001-C0096,2026-04-02,2026Q2,false,24264.58,桂中,erp:order:O-D001-2026Q2-C0096
tenant-demo,D001,经销商01,O-D001-2026Q1-C0097,D001-C0097,2026-03-16,2026Q1,true,33670.53,桂中,erp:order:O-D001-2026Q1-C0097
tenant-demo,D001,经销商01,O-D001-2026Q2-C0097,D001-C0097,2026-04-11,2026Q2,true,27550.75,桂中,erp:order:O-D001-2026Q2-C0097
tenant-demo,D001,经销商01,O-D001-2026Q1-C0098,D001-C0098,2026-03-02,2026Q1,true,6805.31,桂中,erp:order:O-D001-2026Q1-C0098
tenant-demo,D001,经销商01,O-D001-2026Q2-C0098,D001-C0098,2026-04-13,2026Q2,false,24950.74,桂中,erp:order:O-D001-2026Q2-C0098
tenant-demo,D001,经销商01,O-D001-2026Q1-C0099,D001-C0099,2026-02-01,2026Q1,false,39353.1,桂中,erp:order:O-D001-2026Q1-C0099
tenant-demo,D001,经销商01,O-D001-2026Q2-C0099,D001-C0099,2026-05-03,2026Q2,false,38148.15,桂中,erp:order:O-D001-2026Q2-C0099
tenant-demo,D001,经销商01,O-D001-2026Q1-C0100,D001-C0100,2026-02-03,2026Q1,false,16250.38,桂中,erp:order:O-D001-2026Q1-C0100
tenant-demo,D001,经销商01,O-D001-2026Q2-C0100,D001-C0100,2026-05-02,2026Q2,true,18582.78,桂中,erp:order:O-D001-2026Q2-C0100
tenant-demo,D001,经销商01,O-D001-2026Q1-C0101,D001-C0101,2026-02-24,2026Q1,false,37967.28,桂中,erp:order:O-D001-2026Q1-C0101
tenant-demo,D001,经销商01,O-D001-2026Q2-C0101,D001-C0101,2026-05-26,2026Q2,false,10850.22,桂中,erp:order:O-D001-2026Q2-C0101
tenant-demo,D001,经销商01,O-D001-2026Q1-C0102,D001-C0102,2026-03-10,2026Q1,false,10271.12,桂中,erp:order:O-D001-2026Q1-C0102
tenant-demo,D001,经销商01,O-D001-2026Q2-C0102,D001-C0102,2026-04-17,2026Q2,false,9232.63,桂中,erp:order:O-D001-2026Q2-C0102
tenant-demo,D001,经销商01,O-D001-2026Q1-C0103,D001-C0103,2026-02-11,2026Q1,true,30072.99,桂中,erp:order:O-D001-2026Q1-C0103
tenant-demo,D001,经销商01,O-D001-2026Q2-C0103,D001-C0103,2026-05-19,2026Q2,true,27919.41,桂中,erp:order:O-D001-2026Q2-C0103
tenant-demo,D001,经销商01,O-D001-2026Q1-C0104,D001-C0104,2026-01-21,2026Q1,false,26651.86,桂中,erp:order:O-D001-2026Q1-C0104
tenant-demo,D001,经销商01,O-D001-2026Q2-C0104,D001-C0104,2026-06-18,2026Q2,false,41660.66,桂中,erp:order:O-D001-2026Q2-C0104
tenant-demo,D001,经销商01,O-D001-2026Q1-C0105,D001-C0105,2026-03-23,2026Q1,false,37372.17,桂中,erp:order:O-D001-2026Q1-C0105
tenant-demo,D001,经销商01,O-D001-2026Q2-C0105,D001-C0105,2026-04-27,2026Q2,false,28403.54,桂中,erp:order:O-D001-2026Q2-C0105
tenant-demo,D001,经销商01,O-D001-2026Q1-C0106,D001-C0106,2026-03-06,2026Q1,true,49601.21,桂中,erp:order:O-D001-2026Q1-C0106
tenant-demo,D001,经销商01,O-D001-2026Q2-C0106,D001-C0106,2026-05-17,2026Q2,true,13998.84,桂中,erp:order:O-D001-2026Q2-C0106
tenant-demo,D001,经销商01,O-D001-2026Q1-C0107,D001-C0107,2026-02-12,2026Q1,false,19589.92,桂中,erp:order:O-D001-2026Q1-C0107
tenant-demo,D001,经销商01,O-D001-2026Q2-C0107,D001-C0107,2026-04-02,2026Q2,true,10686.5,桂中,erp:order:O-D001-2026Q2-C0107
tenant-demo,D001,经销商01,O-D001-2026Q1-C0108,D001-C0108,2026-03-18,2026Q1,true,18522.33,桂中,erp:order:O-D001-2026Q1-C0108
tenant-demo,D001,经销商01,O-D001-2026Q2-C0108,D001-C0108,2026-05-11,2026Q2,false,19114.26,桂中,erp:order:O-D001-2026Q2-C0108
tenant-demo,D001,经销商01,O-D001-2026Q1-C0109,D001-C0109,2026-02-24,2026Q1,true,20867.73,桂中,erp:order:O-D001-2026Q1-C0109
tenant-demo,D001,经销商01,O-D001-2026Q2-C0109,D001-C0109,2026-06-01,2026Q2,false,38683.12,桂中,erp:order:O-D001-2026Q2-C0109
tenant-demo,D001,经销商01,O-D001-2026Q1-C0110,D001-C0110,2026-01-11,2026Q1,false,28675.78,桂中,erp:order:O-D001-2026Q1-C0110
tenant-demo,D001,经销商01,O-D001-2026Q2-C0110,D001-C0110,2026-05-26,2026Q2,true,46148.81,桂中,erp:order:O-D001-2026Q2-C0110
tenant-demo,D001,经销商01,O-D001-2026Q1-C0111,D001-C0111,2026-01-15,2026Q1,true,19740.4,桂中,erp:order:O-D001-2026Q1-C0111
tenant-demo,D001,经销商01,O-D001-2026Q2-C0111,D001-C0111,2026-05-15,2026Q2,true,49073.52,桂中,erp:order:O-D001-2026Q2-C0111
tenant-demo,D001,经销商01,O-D001-2026Q1-C0112,D001-C0112,2026-03-13,2026Q1,false,46079.81,桂中,erp:order:O-D001-2026Q1-C0112
tenant-demo,D001,经销商01,O-D001-2026Q2-C0112,D001-C0112,2026-04-19,2026Q2,true,41703.32,桂中,erp:order:O-D001-2026Q2-C0112
tenant-demo,D001,经销商01,O-D001-2026Q1-C0113,D001-C0113,2026-01-02,2026Q1,true,41061.55,桂中,erp:order:O-D001-2026Q1-C0113
tenant-demo,D001,经销商01,O-D001-2026Q2-C0113,D001-C0113,2026-06-28,2026Q2,false,28567.03,桂中,erp:order:O-D001-2026Q2-C0113
tenant-demo,D001,经销商01,O-D001-2026Q1-C0114,D001-C0114,2026-01-23,2026Q1,true,49662.39,桂中,erp:order:O-D001-2026Q1-C0114
tenant-demo,D001,经销商01,O-D001-2026Q2-C0114,D001-C0114,2026-05-12,2026Q2,false,30820.27,桂中,erp:order:O-D001-2026Q2-C0114
tenant-demo,D001,经销商01,O-D001-2026Q1-C0115,D001-C0115,2026-03-12,2026Q1,true,49577.19,桂中,erp:order:O-D001-2026Q1-C0115
tenant-demo,D001,经销商01,O-D001-2026Q2-C0115,D001-C0115,2026-05-20,2026Q2,true,23115.86,桂中,erp:order:O-D001-2026Q2-C0115
tenant-demo,D001,经销商01,O-D001-2026Q1-C0116,D001-C0116,2026-03-17,2026Q1,true,49088.97,桂中,erp:order:O-D001-2026Q1-C0116
tenant-demo,D001,经销商01,O-D001-2026Q2-C0116,D001-C0116,2026-04-09,2026Q2,false,12550.89,桂中,erp:order:O-D001-2026Q2-C0116
tenant-demo,D001,经销商01,O-D001-2026Q1-C0117,D001-C0117,2026-03-05,2026Q1,true,35925.9,桂中,erp:order:O-D001-2026Q1-C0117
tenant-demo,D001,经销商01,O-D001-2026Q2-C0117,D001-C0117,2026-04-25,2026Q2,false,45806.28,桂中,erp:order:O-D001-2026Q2-C0117
tenant-demo,D001,经销商01,O-D001-2026Q1-C0118,D001-C0118,2026-03-20,2026Q1,true,23499.9,桂中,erp:order:O-D001-2026Q1-C0118
tenant-demo,D001,经销商01,O-D001-2026Q2-C0118,D001-C0118,2026-04-18,2026Q2,false,7254.73,桂中,erp:order:O-D001-2026Q2-C0118
tenant-demo,D001,经销商01,O-D001-2026Q1-C0119,D001-C0119,2026-03-04,2026Q1,true,35659.26,桂中,erp:order:O-D001-2026Q1-C0119
tenant-demo,D001,经销商01,O-D001-2026Q2-C0119,D001-C0119,2026-04-21,2026Q2,false,14195.51,桂中,erp:order:O-D001-2026Q2-C0119
tenant-demo,D001,经销商01,O-D001-2026Q1-C0120,D001-C0120,2026-03-03,2026Q1,true,30704.74,桂中,erp:order:O-D001-2026Q1-C0120
tenant-demo,D001,经销商01,O-D001-2026Q2-C0120,D001-C0120,2026-04-21,2026Q2,false,43481.77,桂中,erp:order:O-D001-2026Q2-C0120
tenant-demo,D001,经销商01,O-D001-2026Q1-C0121,D001-C0121,2026-03-28,2026Q1,false,42721.86,桂中,erp:order:O-D001-2026Q1-C0121
tenant-demo,D001,经销商01,O-D001-2026Q2-C0121,D001-C0121,2026-06-12,2026Q2,true,24444.04,桂中,erp:order:O-D001-2026Q2-C0121
tenant-demo,D001,经销商01,O-D001-2026Q1-C0122,D001-C0122,2026-02-23,2026Q1,false,45500.59,桂中,erp:order:O-D001-2026Q1-C0122
tenant-demo,D001,经销商01,O-D001-2026Q2-C0122,D001-C0122,2026-04-07,2026Q2,false,41335.35,桂中,erp:order:O-D001-2026Q2-C0122
tenant-demo,D001,经销商01,O-D001-2026Q1-C0123,D001-C0123,2026-01-14,2026Q1,false,31913.51,桂中,erp:order:O-D001-2026Q1-C0123
tenant-demo,D001,经销商01,O-D001-2026Q2-C0123,D001-C0123,2026-05-18,2026Q2,true,25348.72,桂中,erp:order:O-D001-2026Q2-C0123
tenant-demo,D001,经销商01,O-D001-2026Q1-C0124,D001-C0124,2026-01-26,2026Q1,false,46068.02,桂中,erp:order:O-D001-2026Q1-C0124
tenant-demo,D001,经销商01,O-D001-2026Q2-C0124,D001-C0124,2026-04-27,2026Q2,true,26697.12,桂中,erp:order:O-D001-2026Q2-C0124
tenant-demo,D001,经销商01,O-D001-2026Q1-C0125,D001-C0125,2026-02-14,2026Q1,true,42836.09,桂中,erp:order:O-D001-2026Q1-C0125
tenant-demo,D001,经销商01,O-D001-2026Q2-C0125,D001-C0125,2026-06-18,2026Q2,false,14061.36,桂中,erp:order:O-D001-2026Q2-C0125
tenant-demo,D001,经销商01,O-D001-2026Q1-C0126,D001-C0126,2026-03-16,2026Q1,false,39664.96,桂中,erp:order:O-D001-2026Q1-C0126
tenant-demo,D001,经销商01,O-D001-2026Q2-C0126,D001-C0126,2026-06-17,2026Q2,false,8438.58,桂中,erp:order:O-D001-2026Q2-C0126
tenant-demo,D001,经销商01,O-D001-2026Q1-C0127,D001-C0127,2026-03-14,2026Q1,false,40830.43,桂中,erp:order:O-D001-2026Q1-C0127
tenant-demo,D001,经销商01,O-D001-2026Q2-C0127,D001-C0127,2026-05-01,2026Q2,false,6805.36,桂中,erp:order:O-D001-2026Q2-C0127
tenant-demo,D001,经销商01,O-D001-2026Q1-C0128,D001-C0128,2026-02-23,2026Q1,true,13539.22,桂中,erp:order:O-D001-2026Q1-C0128
tenant-demo,D001,经销商01,O-D001-2026Q2-C0128,D001-C0128,2026-04-18,2026Q2,false,36110.05,桂中,erp:order:O-D001-2026Q2-C0128
tenant-demo,D001,经销商01,O-D001-2026Q1-C0129,D001-C0129,2026-02-17,2026Q1,false,10402.01,桂中,erp:order:O-D001-2026Q1-C0129
tenant-demo,D001,经销商01,O-D001-2026Q2-C0129,D001-C0129,2026-06-11,2026Q2,true,44923.61,桂中,erp:order:O-D001-2026Q2-C0129
tenant-demo,D001,经销商01,O-D001-2026Q1-C0130,D001-C0130,2026-03-21,2026Q1,true,48685.63,桂中,erp:order:O-D001-2026Q1-C0130
tenant-demo,D001,经销商01,O-D001-2026Q2-C0130,D001-C0130,2026-06-10,2026Q2,true,30738.57,桂中,erp:order:O-D001-2026Q2-C0130
tenant-demo,D001,经销商01,O-D001-2026Q1-C0131,D001-C0131,2026-03-27,2026Q1,true,28653.22,桂中,erp:order:O-D001-2026Q1-C0131
tenant-demo,D001,经销商01,O-D001-2026Q2-C0131,D001-C0131,2026-06-14,2026Q2,true,46705.52,桂中,erp:order:O-D001-2026Q2-C0131
tenant-demo,D001,经销商01,O-D001-2026Q1-C0132,D001-C0132,2026-03-10,2026Q1,false,32124.62,桂中,erp:order:O-D001-2026Q1-C0132
tenant-demo,D001,经销商01,O-D001-2026Q2-C0132,D001-C0132,2026-04-17,2026Q2,false,25363.5,桂中,erp:order:O-D001-2026Q2-C0132
tenant-demo,D001,经销商01,O-D001-2026Q1-C0133,D001-C0133,2026-01-18,2026Q1,true,24988.25,桂中,erp:order:O-D001-2026Q1-C0133
tenant-demo,D001,经销商01,O-D001-2026Q2-C0133,D001-C0133,2026-04-09,2026Q2,true,39762.91,桂中,erp:order:O-D001-2026Q2-C0133
tenant-demo,D001,经销商01,O-D001-2026Q1-C0134,D001-C0134,2026-02-24,2026Q1,false,33649.9,桂中,erp:order:O-D001-2026Q1-C0134
tenant-demo,D001,经销商01,O-D001-2026Q2-C0134,D001-C0134,2026-04-12,2026Q2,false,34769.68,桂中,erp:order:O-D001-2026Q2-C0134
tenant-demo,D001,经销商01,O-D001-2026Q1-C0135,D001-C0135,2026-02-22,2026Q1,false,23939.06,桂中,erp:order:O-D001-2026Q1-C0135
tenant-demo,D001,经销商01,O-D001-2026Q2-C0135,D001-C0135,2026-06-01,2026Q2,false,45289.87,桂中,erp:order:O-D001-2026Q2-C0135
tenant-demo,D001,经销商01,O-D001-2026Q1-C0136,D001-C0136,2026-01-28,2026Q1,false,45443.66,桂中,erp:order:O-D001-2026Q1-C0136
tenant-demo,D001,经销商01,O-D001-2026Q2-C0136,D001-C0136,2026-05-15,2026Q2,false,5216.83,桂中,erp:order:O-D001-2026Q2-C0136
tenant-demo,D001,经销商01,O-D001-2026Q1-C0137,D001-C0137,2026-02-21,2026Q1,true,17238.09,桂中,erp:order:O-D001-2026Q1-C0137
tenant-demo,D001,经销商01,O-D001-2026Q2-C0137,D001-C0137,2026-05-25,2026Q2,true,38721.37,桂中,erp:order:O-D001-2026Q2-C0137
tenant-demo,D001,经销商01,O-D001-2026Q1-C0138,D001-C0138,2026-02-26,2026Q1,true,20144.36,桂中,erp:order:O-D001-2026Q1-C0138
tenant-demo,D001,经销商01,O-D001-2026Q2-C0138,D001-C0138,2026-05-05,2026Q2,true,10242.93,桂中,erp:order:O-D001-2026Q2-C0138
tenant-demo,D001,经销商01,O-D001-2026Q1-C0139,D001-C0139,2026-01-06,2026Q1,false,23683.75,桂中,erp:order:O-D001-2026Q1-C0139
tenant-demo,D001,经销商01,O-D001-2026Q2-C0139,D001-C0139,2026-05-28,2026Q2,false,41632.37,桂中,erp:order:O-D001-2026Q2-C0139
tenant-demo,D001,经销商01,O-D001-2026Q1-C0140,D001-C0140,2026-02-14,2026Q1,true,10720.34,桂中,erp:order:O-D001-2026Q1-C0140
tenant-demo,D001,经销商01,O-D001-2026Q2-C0140,D001-C0140,2026-06-10,2026Q2,false,16606.43,桂中,erp:order:O-D001-2026Q2-C0140
tenant-demo,D001,经销商01,O-D001-2026Q1-C0141,D001-C0141,2026-03-09,2026Q1,false,38278.39,桂中,erp:order:O-D001-2026Q1-C0141
tenant-demo,D001,经销商01,O-D001-2026Q2-C0141,D001-C0141,2026-05-07,2026Q2,false,24507.62,桂中,erp:order:O-D001-2026Q2-C0141
tenant-demo,D001,经销商01,O-D001-2026Q1-C0142,D001-C0142,2026-02-13,2026Q1,false,37195.93,桂中,erp:order:O-D001-2026Q1-C0142
tenant-demo,D001,经销商01,O-D001-2026Q2-C0142,D001-C0142,2026-04-03,2026Q2,true,37228.1,桂中,erp:order:O-D001-2026Q2-C0142
tenant-demo,D001,经销商01,O-D001-2026Q1-C0143,D001-C0143,2026-01-08,2026Q1,false,10826.16,桂中,erp:order:O-D001-2026Q1-C0143
tenant-demo,D001,经销商01,O-D001-2026Q2-C0143,D001-C0143,2026-04-09,2026Q2,false,37857.45,桂中,erp:order:O-D001-2026Q2-C0143
tenant-demo,D001,经销商01,O-D001-2026Q1-C0144,D001-C0144,2026-01-13,2026Q1,true,12007.08,桂中,erp:order:O-D001-2026Q1-C0144
tenant-demo,D001,经销商01,O-D001-2026Q2-C0144,D001-C0144,2026-04-27,2026Q2,false,34234.71,桂中,erp:order:O-D001-2026Q2-C0144
tenant-demo,D001,经销商01,O-D001-2026Q1-C0145,D001-C0145,2026-02-20,2026Q1,false,5134.82,桂中,erp:order:O-D001-2026Q1-C0145
tenant-demo,D001,经销商01,O-D001-2026Q2-C0145,D001-C0145,2026-04-18,2026Q2,true,47966.73,桂中,erp:order:O-D001-2026Q2-C0145
tenant-demo,D001,经销商01,O-D001-2026Q1-C0146,D001-C0146,2026-02-12,2026Q1,true,14822.47,桂中,erp:order:O-D001-2026Q1-C0146
tenant-demo,D001,经销商01,O-D001-2026Q2-C0146,D001-C0146,2026-06-04,2026Q2,false,7116.57,桂中,erp:order:O-D001-2026Q2-C0146
tenant-demo,D001,经销商01,O-D001-2026Q1-C0147,D001-C0147,2026-03-14,2026Q1,false,38053.44,桂中,erp:order:O-D001-2026Q1-C0147
tenant-demo,D001,经销商01,O-D001-2026Q2-C0147,D001-C0147,2026-06-04,2026Q2,false,42570.92,桂中,erp:order:O-D001-2026Q2-C0147
tenant-demo,D001,经销商01,O-D001-2026Q1-C0148,D001-C0148,2026-03-09,2026Q1,false,49780.66,桂中,erp:order:O-D001-2026Q1-C0148
tenant-demo,D001,经销商01,O-D001-2026Q2-C0148,D001-C0148,2026-06-28,2026Q2,false,13056.88,桂中,erp:order:O-D001-2026Q2-C0148
tenant-demo,D001,经销商01,O-D001-2026Q1-C0149,D001-C0149,2026-01-22,2026Q1,true,7145.38,桂中,erp:order:O-D001-2026Q1-C0149
tenant-demo,D001,经销商01,O-D001-2026Q2-C0149,D001-C0149,2026-05-04,2026Q2,false,33992.23,桂中,erp:order:O-D001-2026Q2-C0149
tenant-demo,D001,经销商01,O-D001-2026Q1-C0150,D001-C0150,2026-02-22,2026Q1,false,35091.57,桂中,erp:order:O-D001-2026Q1-C0150
tenant-demo,D001,经销商01,O-D001-2026Q2-C0150,D001-C0150,2026-05-04,2026Q2,true,27851.83,桂中,erp:order:O-D001-2026Q2-C0150
tenant-demo,D001,经销商01,O-D001-2026Q1-C0151,D001-C0151,2026-02-04,2026Q1,true,32275.01,桂中,erp:order:O-D001-2026Q1-C0151
tenant-demo,D001,经销商01,O-D001-2026Q2-C0151,D001-C0151,2026-06-23,2026Q2,true,11711.01,桂中,erp:order:O-D001-2026Q2-C0151
tenant-demo,D001,经销商01,O-D001-2026Q1-C0152,D001-C0152,2026-03-09,2026Q1,true,14054.0,桂中,erp:order:O-D001-2026Q1-C0152
tenant-demo,D001,经销商01,O-D001-2026Q2-C0152,D001-C0152,2026-06-10,2026Q2,true,23747.18,桂中,erp:order:O-D001-2026Q2-C0152
tenant-demo,D001,经销商01,O-D001-2026Q1-C0153,D001-C0153,2026-03-26,2026Q1,true,44101.89,桂中,erp:order:O-D001-2026Q1-C0153
tenant-demo,D001,经销商01,O-D001-2026Q2-C0153,D001-C0153,2026-04-26,2026Q2,true,29515.81,桂中,erp:order:O-D001-2026Q2-C0153
tenant-demo,D001,经销商01,O-D001-2026Q1-C0154,D001-C0154,2026-02-28,2026Q1,false,39184.8,桂中,erp:order:O-D001-2026Q1-C0154
tenant-demo,D001,经销商01,O-D001-2026Q2-C0154,D001-C0154,2026-04-25,2026Q2,false,26868.85,桂中,erp:order:O-D001-2026Q2-C0154
tenant-demo,D001,经销商01,O-D001-2026Q1-C0155,D001-C0155,2026-03-12,2026Q1,false,49503.52,桂中,erp:order:O-D001-2026Q1-C0155
tenant-demo,D001,经销商01,O-D001-2026Q2-C0155,D001-C0155,2026-06-09,2026Q2,false,46661.58,桂中,erp:order:O-D001-2026Q2-C0155
tenant-demo,D001,经销商01,O-D001-2026Q1-C0156,D001-C0156,2026-03-15,2026Q1,true,7539.75,桂中,erp:order:O-D001-2026Q1-C0156
tenant-demo,D001,经销商01,O-D001-2026Q2-C0156,D001-C0156,2026-04-08,2026Q2,false,18493.89,桂中,erp:order:O-D001-2026Q2-C0156
tenant-demo,D001,经销商01,O-D001-2026Q1-C0157,D001-C0157,2026-02-23,2026Q1,true,27860.62,桂中,erp:order:O-D001-2026Q1-C0157
tenant-demo,D001,经销商01,O-D001-2026Q2-C0157,D001-C0157,2026-04-05,2026Q2,false,16085.72,桂中,erp:order:O-D001-2026Q2-C0157
tenant-demo,D001,经销商01,O-D001-2026Q1-C0158,D001-C0158,2026-02-18,2026Q1,true,16534.23,桂中,erp:order:O-D001-2026Q1-C0158
tenant-demo,D001,经销商01,O-D001-2026Q2-C0158,D001-C0158,2026-04-18,2026Q2,false,33351.17,桂中,erp:order:O-D001-2026Q2-C0158
tenant-demo,D001,经销商01,O-D001-2026Q1-C0159,D001-C0159,2026-03-05,2026Q1,false,42550.06,桂中,erp:order:O-D001-2026Q1-C0159
tenant-demo,D001,经销商01,O-D001-2026Q2-C0159,D001-C0159,2026-05-09,2026Q2,false,47563.88,桂中,erp:order:O-D001-2026Q2-C0159
tenant-demo,D001,经销商01,O-D001-2026Q1-C0160,D001-C0160,2026-02-09,2026Q1,true,26606.61,桂中,erp:order:O-D001-2026Q1-C0160
tenant-demo,D001,经销商01,O-D001-2026Q2-C0160,D001-C0160,2026-05-12,2026Q2,false,27109.69,桂中,erp:order:O-D001-2026Q2-C0160
tenant-demo,D001,经销商01,O-D001-2026Q1-C0161,D001-C0161,2026-01-11,2026Q1,false,31955.3,桂中,erp:order:O-D001-2026Q1-C0161
tenant-demo,D001,经销商01,O-D001-2026Q2-C0161,D001-C0161,2026-04-24,2026Q2,true,12927.15,桂中,erp:order:O-D001-2026Q2-C0161
tenant-demo,D001,经销商01,O-D001-2026Q1-C0162,D001-C0162,2026-03-15,2026Q1,false,44595.96,桂中,erp:order:O-D001-2026Q1-C0162
tenant-demo,D001,经销商01,O-D001-2026Q2-C0162,D001-C0162,2026-04-17,2026Q2,true,29064.34,桂中,erp:order:O-D001-2026Q2-C0162
tenant-demo,D001,经销商01,O-D001-2026Q1-C0163,D001-C0163,2026-03-05,2026Q1,true,19670.3,桂中,erp:order:O-D001-2026Q1-C0163
tenant-demo,D001,经销商01,O-D001-2026Q2-C0163,D001-C0163,2026-04-11,2026Q2,true,34027.89,桂中,erp:order:O-D001-2026Q2-C0163
tenant-demo,D001,经销商01,O-D001-2026Q1-C0164,D001-C0164,2026-02-11,2026Q1,false,33014.65,桂中,erp:order:O-D001-2026Q1-C0164
tenant-demo,D001,经销商01,O-D001-2026Q2-C0164,D001-C0164,2026-04-23,2026Q2,true,10328.32,桂中,erp:order:O-D001-2026Q2-C0164
tenant-demo,D001,经销商01,O-D001-2026Q1-C0165,D001-C0165,2026-01-21,2026Q1,true,16541.13,桂中,erp:order:O-D001-2026Q1-C0165
tenant-demo,D001,经销商01,O-D001-2026Q2-C0165,D001-C0165,2026-06-02,2026Q2,true,29247.15,桂中,erp:order:O-D001-2026Q2-C0165
tenant-demo,D001,经销商01,O-D001-2026Q1-C0166,D001-C0166,2026-03-04,2026Q1,false,30338.27,桂中,erp:order:O-D001-2026Q1-C0166
tenant-demo,D001,经销商01,O-D001-2026Q2-C0166,D001-C0166,2026-04-17,2026Q2,false,15181.16,桂中,erp:order:O-D001-2026Q2-C0166
tenant-demo,D001,经销商01,O-D001-2026Q1-C0167,D001-C0167,2026-02-14,2026Q1,false,30540.87,桂中,erp:order:O-D001-2026Q1-C0167
tenant-demo,D001,经销商01,O-D001-2026Q2-C0167,D001-C0167,2026-04-27,2026Q2,true,19743.84,桂中,erp:order:O-D001-2026Q2-C0167
tenant-demo,D001,经销商01,O-D001-2026Q1-C0168,D001-C0168,2026-03-08,2026Q1,false,18738.71,桂中,erp:order:O-D001-2026Q1-C0168
tenant-demo,D001,经销商01,O-D001-2026Q2-C0168,D001-C0168,2026-04-09,2026Q2,true,8805.44,桂中,erp:order:O-D001-2026Q2-C0168
tenant-demo,D001,经销商01,O-D001-2026Q1-C0169,D001-C0169,2026-02-09,2026Q1,false,35631.07,桂中,erp:order:O-D001-2026Q1-C0169
tenant-demo,D001,经销商01,O-D001-2026Q2-C0169,D001-C0169,2026-06-13,2026Q2,false,32051.25,桂中,erp:order:O-D001-2026Q2-C0169
tenant-demo,D001,经销商01,O-D001-2026Q1-C0170,D001-C0170,2026-02-12,2026Q1,true,6040.61,桂中,erp:order:O-D001-2026Q1-C0170
tenant-demo,D001,经销商01,O-D001-2026Q2-C0170,D001-C0170,2026-05-25,2026Q2,false,11274.85,桂中,erp:order:O-D001-2026Q2-C0170
tenant-demo,D001,经销商01,O-D001-2026Q1-C0171,D001-C0171,2026-03-02,2026Q1,true,11447.56,桂中,erp:order:O-D001-2026Q1-C0171
tenant-demo,D001,经销商01,O-D001-2026Q2-C0171,D001-C0171,2026-04-24,2026Q2,true,20615.08,桂中,erp:order:O-D001-2026Q2-C0171
tenant-demo,D001,经销商01,O-D001-2026Q1-C0172,D001-C0172,2026-02-11,2026Q1,false,49945.03,桂中,erp:order:O-D001-2026Q1-C0172
tenant-demo,D001,经销商01,O-D001-2026Q2-C0172,D001-C0172,2026-06-02,2026Q2,false,16202.85,桂中,erp:order:O-D001-2026Q2-C0172
tenant-demo,D001,经销商01,O-D001-2026Q1-C0173,D001-C0173,2026-01-05,2026Q1,false,21279.06,桂中,erp:order:O-D001-2026Q1-C0173
tenant-demo,D001,经销商01,O-D001-2026Q2-C0173,D001-C0173,2026-05-24,2026Q2,false,46659.28,桂中,erp:order:O-D001-2026Q2-C0173
tenant-demo,D001,经销商01,O-D001-2026Q1-C0174,D001-C0174,2026-01-04,2026Q1,false,33727.02,桂中,erp:order:O-D001-2026Q1-C0174
tenant-demo,D001,经销商01,O-D001-2026Q2-C0174,D001-C0174,2026-05-01,2026Q2,true,35583.99,桂中,erp:order:O-D001-2026Q2-C0174
tenant-demo,D001,经销商01,O-D001-2026Q1-C0175,D001-C0175,2026-02-04,2026Q1,false,28185.71,桂中,erp:order:O-D001-2026Q1-C0175
tenant-demo,D001,经销商01,O-D001-2026Q2-C0175,D001-C0175,2026-06-24,2026Q2,true,20856.31,桂中,erp:order:O-D001-2026Q2-C0175
tenant-demo,D001,经销商01,O-D001-2026Q1-C0176,D001-C0176,2026-03-28,2026Q1,true,42949.65,桂中,erp:order:O-D001-2026Q1-C0176
tenant-demo,D001,经销商01,O-D001-2026Q2-C0176,D001-C0176,2026-04-22,2026Q2,false,17198.59,桂中,erp:order:O-D001-2026Q2-C0176
tenant-demo,D001,经销商01,O-D001-2026Q1-C0177,D001-C0177,2026-03-17,2026Q1,true,30948.98,桂中,erp:order:O-D001-2026Q1-C0177
tenant-demo,D001,经销商01,O-D001-2026Q2-C0177,D001-C0177,2026-05-18,2026Q2,true,26401.35,桂中,erp:order:O-D001-2026Q2-C0177
tenant-demo,D001,经销商01,O-D001-2026Q1-C0178,D001-C0178,2026-02-08,2026Q1,true,47025.38,桂中,erp:order:O-D001-2026Q1-C0178
tenant-demo,D001,经销商01,O-D001-2026Q2-C0178,D001-C0178,2026-06-05,2026Q2,true,33472.82,桂中,erp:order:O-D001-2026Q2-C0178
tenant-demo,D001,经销商01,O-D001-2026Q1-C0179,D001-C0179,2026-03-04,2026Q1,false,7427.26,桂中,erp:order:O-D001-2026Q1-C0179
tenant-demo,D001,经销商01,O-D001-2026Q2-C0179,D001-C0179,2026-04-14,2026Q2,false,12881.6,桂中,erp:order:O-D001-2026Q2-C0179
tenant-demo,D001,经销商01,O-D001-2026Q1-C0180,D001-C0180,2026-01-09,2026Q1,false,17352.22,桂中,erp:order:O-D001-2026Q1-C0180
tenant-demo,D001,经销商01,O-D001-2026Q2-C0180,D001-C0180,2026-06-09,2026Q2,false,29247.48,桂中,erp:order:O-D001-2026Q2-C0180
tenant-demo,D001,经销商01,O-D001-2026Q1-C0181,D001-C0181,2026-02-23,2026Q1,true,26295.53,桂中,erp:order:O-D001-2026Q1-C0181
tenant-demo,D001,经销商01,O-D001-2026Q2-C0181,D001-C0181,2026-05-03,2026Q2,false,9668.91,桂中,erp:order:O-D001-2026Q2-C0181
tenant-demo,D001,经销商01,O-D001-2026Q1-C0182,D001-C0182,2026-03-12,2026Q1,false,34448.96,桂中,erp:order:O-D001-2026Q1-C0182
tenant-demo,D001,经销商01,O-D001-2026Q2-C0182,D001-C0182,2026-06-17,2026Q2,false,29513.87,桂中,erp:order:O-D001-2026Q2-C0182
tenant-demo,D001,经销商01,O-D001-2026Q1-C0183,D001-C0183,2026-01-20,2026Q1,true,35806.52,桂中,erp:order:O-D001-2026Q1-C0183
tenant-demo,D001,经销商01,O-D001-2026Q2-C0183,D001-C0183,2026-06-05,2026Q2,true,18865.76,桂中,erp:order:O-D001-2026Q2-C0183
tenant-demo,D001,经销商01,O-D001-2026Q1-C0184,D001-C0184,2026-03-05,2026Q1,false,12009.77,桂中,erp:order:O-D001-2026Q1-C0184
tenant-demo,D001,经销商01,O-D001-2026Q2-C0184,D001-C0184,2026-04-16,2026Q2,false,35447.83,桂中,erp:order:O-D001-2026Q2-C0184
tenant-demo,D001,经销商01,O-D001-2026Q1-C0185,D001-C0185,2026-02-12,2026Q1,false,42871.54,桂中,erp:order:O-D001-2026Q1-C0185
tenant-demo,D001,经销商01,O-D001-2026Q2-C0185,D001-C0185,2026-04-05,2026Q2,false,44986.66,桂中,erp:order:O-D001-2026Q2-C0185
tenant-demo,D001,经销商01,O-D001-2026Q1-C0186,D001-C0186,2026-02-27,2026Q1,false,43209.93,桂中,erp:order:O-D001-2026Q1-C0186
tenant-demo,D001,经销商01,O-D001-2026Q2-C0186,D001-C0186,2026-04-20,2026Q2,false,24787.29,桂中,erp:order:O-D001-2026Q2-C0186
tenant-demo,D001,经销商01,O-D001-2026Q1-C0187,D001-C0187,2026-02-22,2026Q1,true,11531.46,桂中,erp:order:O-D001-2026Q1-C0187
tenant-demo,D001,经销商01,O-D001-2026Q2-C0187,D001-C0187,2026-06-20,2026Q2,true,35912.97,桂中,erp:order:O-D001-2026Q2-C0187
tenant-demo,D001,经销商01,O-D001-2026Q1-C0188,D001-C0188,2026-03-01,2026Q1,true,47890.01,桂中,erp:order:O-D001-2026Q1-C0188
tenant-demo,D001,经销商01,O-D001-2026Q2-C0188,D001-C0188,2026-06-05,2026Q2,false,46385.65,桂中,erp:order:O-D001-2026Q2-C0188
tenant-demo,D001,经销商01,O-D001-2026Q1-C0189,D001-C0189,2026-03-04,2026Q1,false,22077.79,桂中,erp:order:O-D001-2026Q1-C0189
tenant-demo,D001,经销商01,O-D001-2026Q2-C0189,D001-C0189,2026-05-20,2026Q2,true,25678.8,桂中,erp:order:O-D001-2026Q2-C0189
tenant-demo,D001,经销商01,O-D001-2026Q1-C0190,D001-C0190,2026-02-12,2026Q1,true,35566.22,桂中,erp:order:O-D001-2026Q1-C0190
tenant-demo,D001,经销商01,O-D001-2026Q2-C0190,D001-C0190,2026-06-15,2026Q2,false,23379.39,桂中,erp:order:O-D001-2026Q2-C0190
tenant-demo,D001,经销商01,O-D001-2026Q1-C0191,D001-C0191,2026-02-25,2026Q1,false,7397.34,桂中,erp:order:O-D001-2026Q1-C0191
tenant-demo,D001,经销商01,O-D001-2026Q2-C0191,D001-C0191,2026-06-23,2026Q2,false,6683.64,桂中,erp:order:O-D001-2026Q2-C0191
tenant-demo,D001,经销商01,O-D001-2026Q1-C0192,D001-C0192,2026-01-27,2026Q1,true,5026.56,桂中,erp:order:O-D001-2026Q1-C0192
tenant-demo,D001,经销商01,O-D001-2026Q2-C0192,D001-C0192,2026-04-17,2026Q2,false,10000.65,桂中,erp:order:O-D001-2026Q2-C0192
tenant-demo,D001,经销商01,O-D001-2026Q1-C0193,D001-C0193,2026-02-18,2026Q1,false,27863.53,桂中,erp:order:O-D001-2026Q1-C0193
tenant-demo,D001,经销商01,O-D001-2026Q2-C0193,D001-C0193,2026-06-21,2026Q2,false,17190.65,桂中,erp:order:O-D001-2026Q2-C0193
tenant-demo,D001,经销商01,O-D001-2026Q1-C0194,D001-C0194,2026-02-27,2026Q1,false,21038.81,桂中,erp:order:O-D001-2026Q1-C0194
tenant-demo,D001,经销商01,O-D001-2026Q2-C0194,D001-C0194,2026-06-08,2026Q2,true,36386.25,桂中,erp:order:O-D001-2026Q2-C0194
tenant-demo,D001,经销商01,O-D001-2026Q1-C0195,D001-C0195,2026-02-28,2026Q1,true,9749.32,桂中,erp:order:O-D001-2026Q1-C0195
tenant-demo,D001,经销商01,O-D001-2026Q2-C0195,D001-C0195,2026-04-23,2026Q2,true,12139.66,桂中,erp:order:O-D001-2026Q2-C0195
tenant-demo,D001,经销商01,O-D001-2026Q1-C0196,D001-C0196,2026-03-12,2026Q1,true,19116.44,桂中,erp:order:O-D001-2026Q1-C0196
tenant-demo,D001,经销商01,O-D001-2026Q2-C0196,D001-C0196,2026-06-25,2026Q2,false,16407.09,桂中,erp:order:O-D001-2026Q2-C0196
tenant-demo,D001,经销商01,O-D001-2026Q1-C0197,D001-C0197,2026-03-14,2026Q1,true,46201.25,桂中,erp:order:O-D001-2026Q1-C0197
tenant-demo,D001,经销商01,O-D001-2026Q2-C0197,D001-C0197,2026-05-10,2026Q2,false,23672.09,桂中,erp:order:O-D001-2026Q2-C0197
tenant-demo,D001,经销商01,O-D001-2026Q1-C0198,D001-C0198,2026-02-15,2026Q1,true,38925.81,桂中,erp:order:O-D001-2026Q1-C0198
tenant-demo,D001,经销商01,O-D001-2026Q2-C0198,D001-C0198,2026-04-21,2026Q2,false,40918.63,桂中,erp:order:O-D001-2026Q2-C0198
tenant-demo,D001,经销商01,O-D001-2026Q1-C0199,D001-C0199,2026-01-02,2026Q1,false,32434.06,桂中,erp:order:O-D001-2026Q1-C0199
tenant-demo,D001,经销商01,O-D001-2026Q2-C0199,D001-C0199,2026-04-17,2026Q2,false,20367.37,桂中,erp:order:O-D001-2026Q2-C0199
tenant-demo,D001,经销商01,O-D001-2026Q1-C0200,D001-C0200,2026-03-21,2026Q1,true,12748.97,桂中,erp:order:O-D001-2026Q1-C0200
tenant-demo,D001,经销商01,O-D001-2026Q2-C0200,D001-C0200,2026-05-25,2026Q2,true,26934.77,桂中,erp:order:O-D001-2026Q2-C0200
tenant-demo,D001,经销商01,O-D001-2026Q1-C0201,D001-C0201,2026-03-01,2026Q1,false,36969.2,桂中,erp:order:O-D001-2026Q1-C0201
tenant-demo,D001,经销商01,O-D001-2026Q2-C0201,D001-C0201,2026-04-13,2026Q2,true,26611.52,桂中,erp:order:O-D001-2026Q2-C0201
tenant-demo,D001,经销商01,O-D001-2026Q1-C0202,D001-C0202,2026-01-13,2026Q1,true,33422.11,桂中,erp:order:O-D001-2026Q1-C0202
tenant-demo,D001,经销商01,O-D001-2026Q2-C0202,D001-C0202,2026-04-08,2026Q2,false,37246.62,桂中,erp:order:O-D001-2026Q2-C0202
tenant-demo,D001,经销商01,O-D001-2026Q1-C0203,D001-C0203,2026-02-22,2026Q1,true,20102.46,桂中,erp:order:O-D001-2026Q1-C0203
tenant-demo,D001,经销商01,O-D001-2026Q2-C0203,D001-C0203,2026-06-15,2026Q2,false,16032.75,桂中,erp:order:O-D001-2026Q2-C0203
tenant-demo,D001,经销商01,O-D001-2026Q1-C0204,D001-C0204,2026-02-16,2026Q1,true,38434.37,桂中,erp:order:O-D001-2026Q1-C0204
tenant-demo,D001,经销商01,O-D001-2026Q2-C0204,D001-C0204,2026-06-24,2026Q2,false,34314.28,桂中,erp:order:O-D001-2026Q2-C0204
tenant-demo,D001,经销商01,O-D001-2026Q1-C0205,D001-C0205,2026-02-15,2026Q1,false,47154.61,桂中,erp:order:O-D001-2026Q1-C0205
tenant-demo,D001,经销商01,O-D001-2026Q2-C0205,D001-C0205,2026-04-19,2026Q2,true,22948.61,桂中,erp:order:O-D001-2026Q2-C0205
tenant-demo,D001,经销商01,O-D001-2026Q1-C0206,D001-C0206,2026-02-27,2026Q1,false,26972.5,桂中,erp:order:O-D001-2026Q1-C0206
tenant-demo,D001,经销商01,O-D001-2026Q2-C0206,D001-C0206,2026-04-13,2026Q2,true,10634.67,桂中,erp:order:O-D001-2026Q2-C0206
tenant-demo,D001,经销商01,O-D001-2026Q1-C0207,D001-C0207,2026-01-21,2026Q1,true,23657.77,桂中,erp:order:O-D001-2026Q1-C0207
tenant-demo,D001,经销商01,O-D001-2026Q2-C0207,D001-C0207,2026-04-15,2026Q2,false,8356.37,桂中,erp:order:O-D001-2026Q2-C0207
tenant-demo,D001,经销商01,O-D001-2026Q1-C0208,D001-C0208,2026-03-17,2026Q1,true,39473.47,桂中,erp:order:O-D001-2026Q1-C0208
tenant-demo,D001,经销商01,O-D001-2026Q2-C0208,D001-C0208,2026-05-05,2026Q2,false,40904.19,桂中,erp:order:O-D001-2026Q2-C0208
tenant-demo,D001,经销商01,O-D001-2026Q1-C0209,D001-C0209,2026-03-27,2026Q1,false,11942.99,桂中,erp:order:O-D001-2026Q1-C0209
tenant-demo,D001,经销商01,O-D001-2026Q2-C0209,D001-C0209,2026-05-01,2026Q2,true,9758.08,桂中,erp:order:O-D001-2026Q2-C0209
tenant-demo,D001,经销商01,O-D001-2026Q1-C0210,D001-C0210,2026-03-23,2026Q1,false,25899.41,桂中,erp:order:O-D001-2026Q1-C0210
tenant-demo,D001,经销商01,O-D001-2026Q2-C0210,D001-C0210,2026-04-18,2026Q2,false,38123.36,桂中,erp:order:O-D001-2026Q2-C0210
tenant-demo,D001,经销商01,O-D001-2026Q1-C0211,D001-C0211,2026-01-18,2026Q1,false,36297.85,桂中,erp:order:O-D001-2026Q1-C0211
tenant-demo,D001,经销商01,O-D001-2026Q2-C0211,D001-C0211,2026-05-06,2026Q2,false,41173.85,桂中,erp:order:O-D001-2026Q2-C0211
tenant-demo,D001,经销商01,O-D001-2026Q1-C0212,D001-C0212,2026-02-22,2026Q1,true,34802.08,桂中,erp:order:O-D001-2026Q1-C0212
tenant-demo,D001,经销商01,O-D001-2026Q2-C0212,D001-C0212,2026-06-18,2026Q2,true,15761.76,桂中,erp:order:O-D001-2026Q2-C0212
tenant-demo,D001,经销商01,O-D001-2026Q1-C0213,D001-C0213,2026-01-13,2026Q1,true,48214.67,桂中,erp:order:O-D001-2026Q1-C0213
tenant-demo,D001,经销商01,O-D001-2026Q2-C0213,D001-C0213,2026-06-07,2026Q2,false,31340.87,桂中,erp:order:O-D001-2026Q2-C0213
tenant-demo,D001,经销商01,O-D001-2026Q1-C0214,D001-C0214,2026-01-17,2026Q1,true,24234.13,桂中,erp:order:O-D001-2026Q1-C0214
tenant-demo,D001,经销商01,O-D001-2026Q2-C0214,D001-C0214,2026-06-17,2026Q2,true,37608.12,桂中,erp:order:O-D001-2026Q2-C0214
tenant-demo,D001,经销商01,O-D001-2026Q1-C0215,D001-C0215,2026-03-18,2026Q1,false,36077.65,桂中,erp:order:O-D001-2026Q1-C0215
tenant-demo,D001,经销商01,O-D001-2026Q2-C0215,D001-C0215,2026-05-25,2026Q2,false,8474.94,桂中,erp:order:O-D001-2026Q2-C0215
tenant-demo,D001,经销商01,O-D001-2026Q1-C0216,D001-C0216,2026-03-21,2026Q1,true,25922.61,桂中,erp:order:O-D001-2026Q1-C0216
tenant-demo,D001,经销商01,O-D001-2026Q2-C0216,D001-C0216,2026-04-18,2026Q2,true,7175.64,桂中,erp:order:O-D001-2026Q2-C0216
tenant-demo,D001,经销商01,O-D001-2026Q1-C0217,D001-C0217,2026-02-02,2026Q1,true,9256.59,桂中,erp:order:O-D001-2026Q1-C0217
tenant-demo,D001,经销商01,O-D001-2026Q2-C0217,D001-C0217,2026-04-25,2026Q2,false,49014.24,桂中,erp:order:O-D001-2026Q2-C0217
tenant-demo,D001,经销商01,O-D001-2026Q1-C0218,D001-C0218,2026-02-15,2026Q1,false,5547.57,桂中,erp:order:O-D001-2026Q1-C0218
tenant-demo,D001,经销商01,O-D001-2026Q2-C0218,D001-C0218,2026-05-06,2026Q2,false,17513.27,桂中,erp:order:O-D001-2026Q2-C0218
tenant-demo,D001,经销商01,O-D001-2026Q1-C0219,D001-C0219,2026-03-23,2026Q1,true,31773.5,桂中,erp:order:O-D001-2026Q1-C0219
tenant-demo,D001,经销商01,O-D001-2026Q2-C0219,D001-C0219,2026-06-21,2026Q2,false,42202.56,桂中,erp:order:O-D001-2026Q2-C0219
tenant-demo,D001,经销商01,O-D001-2026Q1-C0220,D001-C0220,2026-03-26,2026Q1,true,25190.85,桂中,erp:order:O-D001-2026Q1-C0220
tenant-demo,D001,经销商01,O-D001-2026Q2-C0220,D001-C0220,2026-04-23,2026Q2,true,23792.37,桂中,erp:order:O-D001-2026Q2-C0220
tenant-demo,D001,经销商01,O-D001-2026Q1-C0221,D001-C0221,2026-02-26,2026Q1,false,22796.78,桂中,erp:order:O-D001-2026Q1-C0221
tenant-demo,D001,经销商01,O-D001-2026Q2-C0221,D001-C0221,2026-05-12,2026Q2,false,14032.37,桂中,erp:order:O-D001-2026Q2-C0221
tenant-demo,D001,经销商01,O-D001-2026Q1-C0222,D001-C0222,2026-02-19,2026Q1,true,46768.3,桂中,erp:order:O-D001-2026Q1-C0222
tenant-demo,D001,经销商01,O-D001-2026Q2-C0222,D001-C0222,2026-04-25,2026Q2,true,17576.97,桂中,erp:order:O-D001-2026Q2-C0222
tenant-demo,D001,经销商01,O-D001-2026Q1-C0223,D001-C0223,2026-01-24,2026Q1,false,37443.12,桂中,erp:order:O-D001-2026Q1-C0223
tenant-demo,D001,经销商01,O-D001-2026Q2-C0223,D001-C0223,2026-04-09,2026Q2,true,21223.56,桂中,erp:order:O-D001-2026Q2-C0223
tenant-demo,D001,经销商01,O-D001-2026Q1-C0224,D001-C0224,2026-02-13,2026Q1,false,16475.43,桂中,erp:order:O-D001-2026Q1-C0224
tenant-demo,D001,经销商01,O-D001-2026Q2-C0224,D001-C0224,2026-05-01,2026Q2,false,17561.02,桂中,erp:order:O-D001-2026Q2-C0224
tenant-demo,D001,经销商01,O-D001-2026Q1-C0225,D001-C0225,2026-01-09,2026Q1,true,11706.45,桂中,erp:order:O-D001-2026Q1-C0225
tenant-demo,D001,经销商01,O-D001-2026Q2-C0225,D001-C0225,2026-04-26,2026Q2,false,15166.19,桂中,erp:order:O-D001-2026Q2-C0225
tenant-demo,D001,经销商01,O-D001-2026Q1-C0226,D001-C0226,2026-03-07,2026Q1,false,31070.56,桂中,erp:order:O-D001-2026Q1-C0226
tenant-demo,D001,经销商01,O-D001-2026Q2-C0226,D001-C0226,2026-06-28,2026Q2,false,29435.54,桂中,erp:order:O-D001-2026Q2-C0226
tenant-demo,D001,经销商01,O-D001-2026Q1-C0227,D001-C0227,2026-01-18,2026Q1,false,15792.28,桂中,erp:order:O-D001-2026Q1-C0227
tenant-demo,D001,经销商01,O-D001-2026Q2-C0227,D001-C0227,2026-06-07,2026Q2,false,25722.67,桂中,erp:order:O-D001-2026Q2-C0227
tenant-demo,D001,经销商01,O-D001-2026Q1-C0228,D001-C0228,2026-01-05,2026Q1,false,8715.64,桂中,erp:order:O-D001-2026Q1-C0228
tenant-demo,D001,经销商01,O-D001-2026Q2-C0228,D001-C0228,2026-04-01,2026Q2,false,40378.55,桂中,erp:order:O-D001-2026Q2-C0228
tenant-demo,D001,经销商01,O-D001-2026Q1-C0229,D001-C0229,2026-02-14,2026Q1,true,38585.63,桂中,erp:order:O-D001-2026Q1-C0229
tenant-demo,D001,经销商01,O-D001-2026Q2-C0229,D001-C0229,2026-06-20,2026Q2,false,35708.51,桂中,erp:order:O-D001-2026Q2-C0229
tenant-demo,D001,经销商01,O-D001-2026Q1-C0230,D001-C0230,2026-03-18,2026Q1,false,10812.91,桂中,erp:order:O-D001-2026Q1-C0230
tenant-demo,D001,经销商01,O-D001-2026Q2-C0230,D001-C0230,2026-04-28,2026Q2,false,8337.54,桂中,erp:order:O-D001-2026Q2-C0230
tenant-demo,D001,经销商01,O-D001-2026Q1-C0231,D001-C0231,2026-02-07,2026Q1,true,22175.1,桂中,erp:order:O-D001-2026Q1-C0231
tenant-demo,D001,经销商01,O-D001-2026Q2-C0231,D001-C0231,2026-05-12,2026Q2,true,34779.17,桂中,erp:order:O-D001-2026Q2-C0231
tenant-demo,D001,经销商01,O-D001-2026Q1-C0232,D001-C0232,2026-01-08,2026Q1,true,38707.62,桂中,erp:order:O-D001-2026Q1-C0232
tenant-demo,D001,经销商01,O-D001-2026Q2-C0232,D001-C0232,2026-04-12,2026Q2,false,18402.86,桂中,erp:order:O-D001-2026Q2-C0232
tenant-demo,D001,经销商01,O-D001-2026Q1-C0233,D001-C0233,2026-02-03,2026Q1,true,27145.51,桂中,erp:order:O-D001-2026Q1-C0233
tenant-demo,D001,经销商01,O-D001-2026Q2-C0233,D001-C0233,2026-05-07,2026Q2,false,28142.81,桂中,erp:order:O-D001-2026Q2-C0233
tenant-demo,D001,经销商01,O-D001-2026Q1-C0234,D001-C0234,2026-01-10,2026Q1,false,36742.1,桂中,erp:order:O-D001-2026Q1-C0234
tenant-demo,D001,经销商01,O-D001-2026Q2-C0234,D001-C0234,2026-06-19,2026Q2,true,41024.33,桂中,erp:order:O-D001-2026Q2-C0234
tenant-demo,D001,经销商01,O-D001-2026Q1-C0235,D001-C0235,2026-02-25,2026Q1,true,9636.76,桂中,erp:order:O-D001-2026Q1-C0235
tenant-demo,D001,经销商01,O-D001-2026Q2-C0235,D001-C0235,2026-06-02,2026Q2,true,24961.69,桂中,erp:order:O-D001-2026Q2-C0235
tenant-demo,D001,经销商01,O-D001-2026Q1-C0236,D001-C0236,2026-02-06,2026Q1,true,7342.9,桂中,erp:order:O-D001-2026Q1-C0236
tenant-demo,D001,经销商01,O-D001-2026Q2-C0236,D001-C0236,2026-06-27,2026Q2,true,41552.2,桂中,erp:order:O-D001-2026Q2-C0236
tenant-demo,D001,经销商01,O-D001-2026Q1-C0237,D001-C0237,2026-02-21,2026Q1,false,9648.14,桂中,erp:order:O-D001-2026Q1-C0237
tenant-demo,D001,经销商01,O-D001-2026Q2-C0237,D001-C0237,2026-06-07,2026Q2,false,31392.48,桂中,erp:order:O-D001-2026Q2-C0237
tenant-demo,D001,经销商01,O-D001-2026Q1-C0238,D001-C0238,2026-02-04,2026Q1,false,27690.55,桂中,erp:order:O-D001-2026Q1-C0238
tenant-demo,D001,经销商01,O-D001-2026Q2-C0238,D001-C0238,2026-06-07,2026Q2,false,46046.35,桂中,erp:order:O-D001-2026Q2-C0238
tenant-demo,D001,经销商01,O-D001-2026Q1-C0239,D001-C0239,2026-02-22,2026Q1,false,41867.7,桂中,erp:order:O-D001-2026Q1-C0239
tenant-demo,D001,经销商01,O-D001-2026Q2-C0239,D001-C0239,2026-04-27,2026Q2,false,46543.61,桂中,erp:order:O-D001-2026Q2-C0239
tenant-demo,D001,经销商01,O-D001-2026Q1-C0240,D001-C0240,2026-02-24,2026Q1,false,37231.25,桂中,erp:order:O-D001-2026Q1-C0240
tenant-demo,D001,经销商01,O-D001-2026Q2-C0240,D001-C0240,2026-04-26,2026Q2,false,5163.42,桂中,erp:order:O-D001-2026Q2-C0240
tenant-demo,D001,经销商01,O-D001-2026Q1-C0241,D001-C0241,2026-03-13,2026Q1,true,14069.48,桂中,erp:order:O-D001-2026Q1-C0241
tenant-demo,D001,经销商01,O-D001-2026Q2-C0241,D001-C0241,2026-06-20,2026Q2,true,34837.29,桂中,erp:order:O-D001-2026Q2-C0241
tenant-demo,D001,经销商01,O-D001-2026Q1-C0242,D001-C0242,2026-01-21,2026Q1,true,15380.07,桂中,erp:order:O-D001-2026Q1-C0242
tenant-demo,D001,经销商01,O-D001-2026Q2-C0242,D001-C0242,2026-06-18,2026Q2,false,12549.86,桂中,erp:order:O-D001-2026Q2-C0242
tenant-demo,D001,经销商01,O-D001-2026Q1-C0243,D001-C0243,2026-02-09,2026Q1,true,27629.01,桂中,erp:order:O-D001-2026Q1-C0243
tenant-demo,D001,经销商01,O-D001-2026Q2-C0243,D001-C0243,2026-05-13,2026Q2,false,39600.29,桂中,erp:order:O-D001-2026Q2-C0243
tenant-demo,D001,经销商01,O-D001-2026Q1-C0244,D001-C0244,2026-01-22,2026Q1,false,17239.09,桂中,erp:order:O-D001-2026Q1-C0244
tenant-demo,D001,经销商01,O-D001-2026Q2-C0244,D001-C0244,2026-04-06,2026Q2,false,42396.21,桂中,erp:order:O-D001-2026Q2-C0244
tenant-demo,D001,经销商01,O-D001-2026Q1-C0245,D001-C0245,2026-02-25,2026Q1,false,30178.08,桂中,erp:order:O-D001-2026Q1-C0245
tenant-demo,D001,经销商01,O-D001-2026Q2-C0245,D001-C0245,2026-04-13,2026Q2,true,7018.09,桂中,erp:order:O-D001-2026Q2-C0245
tenant-demo,D001,经销商01,O-D001-2026Q1-C0246,D001-C0246,2026-03-27,2026Q1,true,42030.35,桂中,erp:order:O-D001-2026Q1-C0246
tenant-demo,D001,经销商01,O-D001-2026Q2-C0246,D001-C0246,2026-04-04,2026Q2,false,46597.76,桂中,erp:order:O-D001-2026Q2-C0246
tenant-demo,D001,经销商01,O-D001-2026Q1-C0247,D001-C0247,2026-03-02,2026Q1,true,8470.11,桂中,erp:order:O-D001-2026Q1-C0247
tenant-demo,D001,经销商01,O-D001-2026Q2-C0247,D001-C0247,2026-05-07,2026Q2,false,43088.15,桂中,erp:order:O-D001-2026Q2-C0247
tenant-demo,D001,经销商01,O-D001-2026Q1-C0248,D001-C0248,2026-03-17,2026Q1,false,48059.27,桂中,erp:order:O-D001-2026Q1-C0248
tenant-demo,D001,经销商01,O-D001-2026Q2-C0248,D001-C0248,2026-06-13,2026Q2,false,13550.03,桂中,erp:order:O-D001-2026Q2-C0248
tenant-demo,D001,经销商01,O-D001-2026Q1-C0249,D001-C0249,2026-01-08,2026Q1,true,28482.3,桂中,erp:order:O-D001-2026Q1-C0249
tenant-demo,D001,经销商01,O-D001-2026Q2-C0249,D001-C0249,2026-06-25,2026Q2,true,21187.91,桂中,erp:order:O-D001-2026Q2-C0249
tenant-demo,D001,经销商01,O-D001-2026Q1-C0250,D001-C0250,2026-01-11,2026Q1,true,39958.98,桂中,erp:order:O-D001-2026Q1-C0250
tenant-demo,D001,经销商01,O-D001-2026Q2-C0250,D001-C0250,2026-05-02,2026Q2,false,45764.45,桂中,erp:order:O-D001-2026Q2-C0250
tenant-demo,D001,经销商01,O-D001-2026Q1-C0251,D001-C0251,2026-01-05,2026Q1,true,42532.52,桂中,erp:order:O-D001-2026Q1-C0251
tenant-demo,D001,经销商01,O-D001-2026Q2-C0251,D001-C0251,2026-05-16,2026Q2,true,43420.83,桂中,erp:order:O-D001-2026Q2-C0251
tenant-demo,D001,经销商01,O-D001-2026Q1-C0252,D001-C0252,2026-03-03,2026Q1,false,6937.49,桂中,erp:order:O-D001-2026Q1-C0252
tenant-demo,D001,经销商01,O-D001-2026Q2-C0252,D001-C0252,2026-06-13,2026Q2,false,49575.58,桂中,erp:order:O-D001-2026Q2-C0252
tenant-demo,D001,经销商01,O-D001-2026Q1-C0253,D001-C0253,2026-02-26,2026Q1,false,9139.32,桂中,erp:order:O-D001-2026Q1-C0253
tenant-demo,D001,经销商01,O-D001-2026Q2-C0253,D001-C0253,2026-06-21,2026Q2,true,28027.37,桂中,erp:order:O-D001-2026Q2-C0253
tenant-demo,D001,经销商01,O-D001-2026Q1-C0254,D001-C0254,2026-02-12,2026Q1,true,18558.44,桂中,erp:order:O-D001-2026Q1-C0254
tenant-demo,D001,经销商01,O-D001-2026Q2-C0254,D001-C0254,2026-04-18,2026Q2,false,26178.32,桂中,erp:order:O-D001-2026Q2-C0254
tenant-demo,D001,经销商01,O-D001-2026Q1-C0255,D001-C0255,2026-02-01,2026Q1,true,47644.29,桂中,erp:order:O-D001-2026Q1-C0255
tenant-demo,D001,经销商01,O-D001-2026Q2-C0255,D001-C0255,2026-06-24,2026Q2,false,24206.94,桂中,erp:order:O-D001-2026Q2-C0255
tenant-demo,D001,经销商01,O-D001-2026Q1-C0256,D001-C0256,2026-01-20,2026Q1,true,19278.97,桂中,erp:order:O-D001-2026Q1-C0256
tenant-demo,D001,经销商01,O-D001-2026Q2-C0256,D001-C0256,2026-05-03,2026Q2,true,31519.96,桂中,erp:order:O-D001-2026Q2-C0256
tenant-demo,D001,经销商01,O-D001-2026Q1-C0257,D001-C0257,2026-02-14,2026Q1,true,43925.96,桂中,erp:order:O-D001-2026Q1-C0257
tenant-demo,D001,经销商01,O-D001-2026Q2-C0257,D001-C0257,2026-06-26,2026Q2,false,22595.7,桂中,erp:order:O-D001-2026Q2-C0257
tenant-demo,D001,经销商01,O-D001-2026Q1-C0258,D001-C0258,2026-03-04,2026Q1,true,6063.37,桂中,erp:order:O-D001-2026Q1-C0258
tenant-demo,D001,经销商01,O-D001-2026Q2-C0258,D001-C0258,2026-06-01,2026Q2,false,6662.18,桂中,erp:order:O-D001-2026Q2-C0258
tenant-demo,D001,经销商01,O-D001-2026Q1-C0259,D001-C0259,2026-02-11,2026Q1,true,9541.51,桂中,erp:order:O-D001-2026Q1-C0259
tenant-demo,D001,经销商01,O-D001-2026Q2-C0259,D001-C0259,2026-06-02,2026Q2,true,46979.76,桂中,erp:order:O-D001-2026Q2-C0259
tenant-demo,D001,经销商01,O-D001-2026Q1-C0260,D001-C0260,2026-03-03,2026Q1,true,33685.88,桂中,erp:order:O-D001-2026Q1-C0260
tenant-demo,D001,经销商01,O-D001-2026Q2-C0260,D001-C0260,2026-06-03,2026Q2,true,26821.63,桂中,erp:order:O-D001-2026Q2-C0260
tenant-demo,D001,经销商01,O-D001-2026Q1-C0261,D001-C0261,2026-02-11,2026Q1,true,43121.4,桂中,erp:order:O-D001-2026Q1-C0261
tenant-demo,D001,经销商01,O-D001-2026Q2-C0261,D001-C0261,2026-06-01,2026Q2,true,27503.57,桂中,erp:order:O-D001-2026Q2-C0261
tenant-demo,D001,经销商01,O-D001-2026Q1-C0262,D001-C0262,2026-02-12,2026Q1,true,46516.74,桂中,erp:order:O-D001-2026Q1-C0262
tenant-demo,D001,经销商01,O-D001-2026Q2-C0262,D001-C0262,2026-06-05,2026Q2,false,14627.18,桂中,erp:order:O-D001-2026Q2-C0262
tenant-demo,D001,经销商01,O-D001-2026Q1-C0263,D001-C0263,2026-02-11,2026Q1,true,31531.31,桂中,erp:order:O-D001-2026Q1-C0263
tenant-demo,D001,经销商01,O-D001-2026Q2-C0263,D001-C0263,2026-05-27,2026Q2,false,44005.75,桂中,erp:order:O-D001-2026Q2-C0263
tenant-demo,D001,经销商01,O-D001-2026Q1-C0264,D001-C0264,2026-02-28,2026Q1,true,21201.45,桂中,erp:order:O-D001-2026Q1-C0264
tenant-demo,D001,经销商01,O-D001-2026Q2-C0264,D001-C0264,2026-05-02,2026Q2,false,16689.82,桂中,erp:order:O-D001-2026Q2-C0264
tenant-demo,D001,经销商01,O-D001-2026Q1-C0265,D001-C0265,2026-03-08,2026Q1,true,36992.49,桂中,erp:order:O-D001-2026Q1-C0265
tenant-demo,D001,经销商01,O-D001-2026Q2-C0265,D001-C0265,2026-05-25,2026Q2,false,41894.7,桂中,erp:order:O-D001-2026Q2-C0265
tenant-demo,D001,经销商01,O-D001-2026Q1-C0266,D001-C0266,2026-03-10,2026Q1,true,48614.86,桂中,erp:order:O-D001-2026Q1-C0266
tenant-demo,D001,经销商01,O-D001-2026Q2-C0266,D001-C0266,2026-06-03,2026Q2,false,30819.7,桂中,erp:order:O-D001-2026Q2-C0266
tenant-demo,D001,经销商01,O-D001-2026Q1-C0267,D001-C0267,2026-01-09,2026Q1,true,8371.14,桂中,erp:order:O-D001-2026Q1-C0267
tenant-demo,D001,经销商01,O-D001-2026Q2-C0267,D001-C0267,2026-04-10,2026Q2,false,23620.91,桂中,erp:order:O-D001-2026Q2-C0267
tenant-demo,D001,经销商01,O-D001-2026Q1-C0268,D001-C0268,2026-03-09,2026Q1,false,29787.59,桂中,erp:order:O-D001-2026Q1-C0268
tenant-demo,D001,经销商01,O-D001-2026Q2-C0268,D001-C0268,2026-04-09,2026Q2,false,15568.32,桂中,erp:order:O-D001-2026Q2-C0268
tenant-demo,D001,经销商01,O-D001-2026Q1-C0269,D001-C0269,2026-01-24,2026Q1,false,37476.7,桂中,erp:order:O-D001-2026Q1-C0269
tenant-demo,D001,经销商01,O-D001-2026Q2-C0269,D001-C0269,2026-04-27,2026Q2,false,28046.68,桂中,erp:order:O-D001-2026Q2-C0269
tenant-demo,D001,经销商01,O-D001-2026Q1-C0270,D001-C0270,2026-03-11,2026Q1,true,29464.98,桂中,erp:order:O-D001-2026Q1-C0270
tenant-demo,D001,经销商01,O-D001-2026Q2-C0270,D001-C0270,2026-05-28,2026Q2,false,20284.94,桂中,erp:order:O-D001-2026Q2-C0270
tenant-demo,D001,经销商01,O-D001-2026Q1-C0271,D001-C0271,2026-01-15,2026Q1,true,28227.83,桂中,erp:order:O-D001-2026Q1-C0271
tenant-demo,D001,经销商01,O-D001-2026Q2-C0271,D001-C0271,2026-06-02,2026Q2,false,41635.9,桂中,erp:order:O-D001-2026Q2-C0271
tenant-demo,D001,经销商01,O-D001-2026Q1-C0272,D001-C0272,2026-02-14,2026Q1,false,6291.93,桂中,erp:order:O-D001-2026Q1-C0272
tenant-demo,D001,经销商01,O-D001-2026Q2-C0272,D001-C0272,2026-06-02,2026Q2,false,38740.08,桂中,erp:order:O-D001-2026Q2-C0272
tenant-demo,D001,经销商01,O-D001-2026Q1-C0273,D001-C0273,2026-03-22,2026Q1,false,36809.53,桂中,erp:order:O-D001-2026Q1-C0273
tenant-demo,D001,经销商01,O-D001-2026Q2-C0273,D001-C0273,2026-06-14,2026Q2,true,33324.35,桂中,erp:order:O-D001-2026Q2-C0273
tenant-demo,D001,经销商01,O-D001-2026Q1-C0274,D001-C0274,2026-01-08,2026Q1,true,13296.68,桂中,erp:order:O-D001-2026Q1-C0274
tenant-demo,D001,经销商01,O-D001-2026Q2-C0274,D001-C0274,2026-04-19,2026Q2,true,10164.32,桂中,erp:order:O-D001-2026Q2-C0274
tenant-demo,D001,经销商01,O-D001-2026Q1-C0275,D001-C0275,2026-03-09,2026Q1,false,27780.82,桂中,erp:order:O-D001-2026Q1-C0275
tenant-demo,D001,经销商01,O-D001-2026Q2-C0275,D001-C0275,2026-04-12,2026Q2,false,25625.0,桂中,erp:order:O-D001-2026Q2-C0275
tenant-demo,D001,经销商01,O-D001-2026Q1-C0276,D001-C0276,2026-02-20,2026Q1,true,48307.25,桂中,erp:order:O-D001-2026Q1-C0276
tenant-demo,D001,经销商01,O-D001-2026Q2-C0276,D001-C0276,2026-04-21,2026Q2,true,37545.53,桂中,erp:order:O-D001-2026Q2-C0276
tenant-demo,D001,经销商01,O-D001-2026Q1-C0277,D001-C0277,2026-02-02,2026Q1,true,5420.84,桂中,erp:order:O-D001-2026Q1-C0277
tenant-demo,D001,经销商01,O-D001-2026Q2-C0277,D001-C0277,2026-06-02,2026Q2,false,12397.53,桂中,erp:order:O-D001-2026Q2-C0277
tenant-demo,D001,经销商01,O-D001-2026Q1-C0278,D001-C0278,2026-01-17,2026Q1,true,5413.0,桂中,erp:order:O-D001-2026Q1-C0278
tenant-demo,D001,经销商01,O-D001-2026Q2-C0278,D001-C0278,2026-04-17,2026Q2,true,41768.89,桂中,erp:order:O-D001-2026Q2-C0278
tenant-demo,D001,经销商01,O-D001-2026Q1-C0279,D001-C0279,2026-02-10,2026Q1,false,14011.34,桂中,erp:order:O-D001-2026Q1-C0279
tenant-demo,D001,经销商01,O-D001-2026Q2-C0279,D001-C0279,2026-06-12,2026Q2,false,15935.92,桂中,erp:order:O-D001-2026Q2-C0279
tenant-demo,D001,经销商01,O-D001-2026Q1-C0280,D001-C0280,2026-03-03,2026Q1,false,19620.46,桂中,erp:order:O-D001-2026Q1-C0280
tenant-demo,D001,经销商01,O-D001-2026Q2-C0280,D001-C0280,2026-04-07,2026Q2,false,13785.86,桂中,erp:order:O-D001-2026Q2-C0280
tenant-demo,D001,经销商01,O-D001-2026Q1-C0281,D001-C0281,2026-02-19,2026Q1,true,35797.73,桂中,erp:order:O-D001-2026Q1-C0281
tenant-demo,D001,经销商01,O-D001-2026Q2-C0281,D001-C0281,2026-05-12,2026Q2,true,24180.8,桂中,erp:order:O-D001-2026Q2-C0281
tenant-demo,D001,经销商01,O-D001-2026Q1-C0282,D001-C0282,2026-01-04,2026Q1,true,6042.66,桂中,erp:order:O-D001-2026Q1-C0282
tenant-demo,D001,经销商01,O-D001-2026Q2-C0282,D001-C0282,2026-06-22,2026Q2,true,34662.12,桂中,erp:order:O-D001-2026Q2-C0282
tenant-demo,D001,经销商01,O-D001-2026Q1-C0283,D001-C0283,2026-02-27,2026Q1,true,32889.48,桂中,erp:order:O-D001-2026Q1-C0283
tenant-demo,D001,经销商01,O-D001-2026Q2-C0283,D001-C0283,2026-05-11,2026Q2,true,36845.18,桂中,erp:order:O-D001-2026Q2-C0283
tenant-demo,D001,经销商01,O-D001-2026Q1-C0284,D001-C0284,2026-02-07,2026Q1,true,8332.79,桂中,erp:order:O-D001-2026Q1-C0284
tenant-demo,D001,经销商01,O-D001-2026Q2-C0284,D001-C0284,2026-05-27,2026Q2,false,36573.09,桂中,erp:order:O-D001-2026Q2-C0284
tenant-demo,D001,经销商01,O-D001-2026Q1-C0285,D001-C0285,2026-03-22,2026Q1,true,42447.78,桂中,erp:order:O-D001-2026Q1-C0285
tenant-demo,D001,经销商01,O-D001-2026Q2-C0285,D001-C0285,2026-06-28,2026Q2,false,29766.47,桂中,erp:order:O-D001-2026Q2-C0285
tenant-demo,D001,经销商01,O-D001-2026Q1-C0286,D001-C0286,2026-03-24,2026Q1,false,26492.29,桂中,erp:order:O-D001-2026Q1-C0286
tenant-demo,D001,经销商01,O-D001-2026Q2-C0286,D001-C0286,2026-05-20,2026Q2,false,30906.78,桂中,erp:order:O-D001-2026Q2-C0286
tenant-demo,D001,经销商01,O-D001-2026Q1-C0287,D001-C0287,2026-02-22,2026Q1,false,26202.87,桂中,erp:order:O-D001-2026Q1-C0287
tenant-demo,D001,经销商01,O-D001-2026Q2-C0287,D001-C0287,2026-05-19,2026Q2,false,41873.04,桂中,erp:order:O-D001-2026Q2-C0287
tenant-demo,D001,经销商01,O-D001-2026Q1-C0288,D001-C0288,2026-02-20,2026Q1,true,39422.46,桂中,erp:order:O-D001-2026Q1-C0288
tenant-demo,D001,经销商01,O-D001-2026Q2-C0288,D001-C0288,2026-05-10,2026Q2,true,29286.95,桂中,erp:order:O-D001-2026Q2-C0288
tenant-demo,D001,经销商01,O-D001-2026Q1-C0289,D001-C0289,2026-01-26,2026Q1,false,5660.04,桂中,erp:order:O-D001-2026Q1-C0289
tenant-demo,D001,经销商01,O-D001-2026Q2-C0289,D001-C0289,2026-05-08,2026Q2,true,25590.94,桂中,erp:order:O-D001-2026Q2-C0289
tenant-demo,D001,经销商01,O-D001-2026Q1-C0290,D001-C0290,2026-01-23,2026Q1,false,27859.31,桂中,erp:order:O-D001-2026Q1-C0290
tenant-demo,D001,经销商01,O-D001-2026Q2-C0290,D001-C0290,2026-05-23,2026Q2,true,26419.97,桂中,erp:order:O-D001-2026Q2-C0290
tenant-demo,D001,经销商01,O-D001-2026Q1-C0291,D001-C0291,2026-01-13,2026Q1,false,49482.45,桂中,erp:order:O-D001-2026Q1-C0291
tenant-demo,D001,经销商01,O-D001-2026Q2-C0291,D001-C0291,2026-04-21,2026Q2,false,43804.87,桂中,erp:order:O-D001-2026Q2-C0291
tenant-demo,D001,经销商01,O-D001-2026Q1-C0292,D001-C0292,2026-01-09,2026Q1,true,10005.0,桂中,erp:order:O-D001-2026Q1-C0292
tenant-demo,D001,经销商01,O-D001-2026Q2-C0292,D001-C0292,2026-06-02,2026Q2,true,38813.79,桂中,erp:order:O-D001-2026Q2-C0292
tenant-demo,D001,经销商01,O-D001-2026Q1-C0293,D001-C0293,2026-01-11,2026Q1,false,18789.8,桂中,erp:order:O-D001-2026Q1-C0293
tenant-demo,D001,经销商01,O-D001-2026Q2-C0293,D001-C0293,2026-06-26,2026Q2,true,20217.14,桂中,erp:order:O-D001-2026Q2-C0293
tenant-demo,D001,经销商01,O-D001-2026Q1-C0294,D001-C0294,2026-01-07,2026Q1,false,42081.4,桂中,erp:order:O-D001-2026Q1-C0294
tenant-demo,D001,经销商01,O-D001-2026Q2-C0294,D001-C0294,2026-05-04,2026Q2,true,37246.41,桂中,erp:order:O-D001-2026Q2-C0294
tenant-demo,D001,经销商01,O-D001-2026Q1-C0295,D001-C0295,2026-03-03,2026Q1,true,35216.68,桂中,erp:order:O-D001-2026Q1-C0295
tenant-demo,D001,经销商01,O-D001-2026Q2-C0295,D001-C0295,2026-06-10,2026Q2,false,10776.42,桂中,erp:order:O-D001-2026Q2-C0295
tenant-demo,D001,经销商01,O-D001-2026Q1-C0296,D001-C0296,2026-03-11,2026Q1,true,48176.5,桂中,erp:order:O-D001-2026Q1-C0296
tenant-demo,D001,经销商01,O-D001-2026Q2-C0296,D001-C0296,2026-06-23,2026Q2,false,15465.74,桂中,erp:order:O-D001-2026Q2-C0296
tenant-demo,D001,经销商01,O-D001-2026Q1-C0297,D001-C0297,2026-03-24,2026Q1,true,36033.75,桂中,erp:order:O-D001-2026Q1-C0297
tenant-demo,D001,经销商01,O-D001-2026Q2-C0297,D001-C0297,2026-05-10,2026Q2,true,30831.93,桂中,erp:order:O-D001-2026Q2-C0297
tenant-demo,D001,经销商01,O-D001-2026Q1-C0298,D001-C0298,2026-02-17,2026Q1,false,18218.82,桂中,erp:order:O-D001-2026Q1-C0298
tenant-demo,D001,经销商01,O-D001-2026Q2-C0298,D001-C0298,2026-04-07,2026Q2,false,48786.98,桂中,erp:order:O-D001-2026Q2-C0298
tenant-demo,D001,经销商01,O-D001-2026Q1-C0299,D001-C0299,2026-01-20,2026Q1,false,23346.91,桂中,erp:order:O-D001-2026Q1-C0299
tenant-demo,D001,经销商01,O-D001-2026Q2-C0299,D001-C0299,2026-04-21,2026Q2,false,6900.05,桂中,erp:order:O-D001-2026Q2-C0299
tenant-demo,D001,经销商01,O-D001-2026Q1-C0300,D001-C0300,2026-03-13,2026Q1,true,15104.96,桂中,erp:order:O-D001-2026Q1-C0300
tenant-demo,D001,经销商01,O-D001-2026Q2-C0300,D001-C0300,2026-06-05,2026Q2,false,22071.22,桂中,erp:order:O-D001-2026Q2-C0300
tenant-demo,D001,经销商01,O-D001-2026Q1-C0301,D001-C0301,2026-02-24,2026Q1,true,37403.9,桂中,erp:order:O-D001-2026Q1-C0301
tenant-demo,D001,经销商01,O-D001-2026Q2-C0301,D001-C0301,2026-05-01,2026Q2,true,37345.11,桂中,erp:order:O-D001-2026Q2-C0301
tenant-demo,D001,经销商01,O-D001-2026Q1-C0302,D001-C0302,2026-03-10,2026Q1,true,37070.04,桂中,erp:order:O-D001-2026Q1-C0302
tenant-demo,D001,经销商01,O-D001-2026Q2-C0302,D001-C0302,2026-04-22,2026Q2,false,24992.24,桂中,erp:order:O-D001-2026Q2-C0302
tenant-demo,D001,经销商01,O-D001-2026Q1-C0303,D001-C0303,2026-02-14,2026Q1,true,11587.39,桂中,erp:order:O-D001-2026Q1-C0303
tenant-demo,D001,经销商01,O-D001-2026Q2-C0303,D001-C0303,2026-06-16,2026Q2,true,29925.3,桂中,erp:order:O-D001-2026Q2-C0303
tenant-demo,D001,经销商01,O-D001-2026Q1-C0304,D001-C0304,2026-03-04,2026Q1,true,19291.25,桂中,erp:order:O-D001-2026Q1-C0304
tenant-demo,D001,经销商01,O-D001-2026Q2-C0304,D001-C0304,2026-05-26,2026Q2,false,31262.54,桂中,erp:order:O-D001-2026Q2-C0304
tenant-demo,D001,经销商01,O-D001-2026Q1-C0305,D001-C0305,2026-02-14,2026Q1,false,29662.33,桂中,erp:order:O-D001-2026Q1-C0305
tenant-demo,D001,经销商01,O-D001-2026Q2-C0305,D001-C0305,2026-05-25,2026Q2,false,5508.18,桂中,erp:order:O-D001-2026Q2-C0305
tenant-demo,D001,经销商01,O-D001-2026Q1-C0306,D001-C0306,2026-02-04,2026Q1,false,8889.39,桂中,erp:order:O-D001-2026Q1-C0306
tenant-demo,D001,经销商01,O-D001-2026Q2-C0306,D001-C0306,2026-06-24,2026Q2,true,27551.7,桂中,erp:order:O-D001-2026Q2-C0306
tenant-demo,D001,经销商01,O-D001-2026Q1-C0307,D001-C0307,2026-02-14,2026Q1,false,33950.14,桂中,erp:order:O-D001-2026Q1-C0307
tenant-demo,D001,经销商01,O-D001-2026Q2-C0307,D001-C0307,2026-04-02,2026Q2,false,21773.1,桂中,erp:order:O-D001-2026Q2-C0307
tenant-demo,D001,经销商01,O-D001-2026Q1-C0308,D001-C0308,2026-03-17,2026Q1,true,9611.91,桂中,erp:order:O-D001-2026Q1-C0308
tenant-demo,D001,经销商01,O-D001-2026Q2-C0308,D001-C0308,2026-04-10,2026Q2,true,28009.78,桂中,erp:order:O-D001-2026Q2-C0308
tenant-demo,D001,经销商01,O-D001-2026Q1-C0309,D001-C0309,2026-01-07,2026Q1,false,46514.35,桂中,erp:order:O-D001-2026Q1-C0309
tenant-demo,D001,经销商01,O-D001-2026Q2-C0309,D001-C0309,2026-04-14,2026Q2,false,5142.7,桂中,erp:order:O-D001-2026Q2-C0309
tenant-demo,D001,经销商01,O-D001-2026Q1-C0310,D001-C0310,2026-01-03,2026Q1,false,37927.87,桂中,erp:order:O-D001-2026Q1-C0310
tenant-demo,D001,经销商01,O-D001-2026Q2-C0310,D001-C0310,2026-04-18,2026Q2,true,7475.61,桂中,erp:order:O-D001-2026Q2-C0310
tenant-demo,D001,经销商01,O-D001-2026Q1-C0311,D001-C0311,2026-01-20,2026Q1,false,20260.84,桂中,erp:order:O-D001-2026Q1-C0311
tenant-demo,D001,经销商01,O-D001-2026Q2-C0311,D001-C0311,2026-04-16,2026Q2,false,5395.97,桂中,erp:order:O-D001-2026Q2-C0311
tenant-demo,D001,经销商01,O-D001-2026Q1-C0312,D001-C0312,2026-02-19,2026Q1,true,14004.94,桂中,erp:order:O-D001-2026Q1-C0312
tenant-demo,D001,经销商01,O-D001-2026Q2-C0312,D001-C0312,2026-05-08,2026Q2,false,29779.96,桂中,erp:order:O-D001-2026Q2-C0312
tenant-demo,D001,经销商01,O-D001-2026Q1-C0313,D001-C0313,2026-02-02,2026Q1,false,13220.38,桂中,erp:order:O-D001-2026Q1-C0313
tenant-demo,D001,经销商01,O-D001-2026Q2-C0313,D001-C0313,2026-06-23,2026Q2,false,15736.61,桂中,erp:order:O-D001-2026Q2-C0313
tenant-demo,D001,经销商01,O-D001-2026Q1-C0314,D001-C0314,2026-02-11,2026Q1,true,25368.5,桂中,erp:order:O-D001-2026Q1-C0314
tenant-demo,D001,经销商01,O-D001-2026Q2-C0314,D001-C0314,2026-04-19,2026Q2,true,23304.21,桂中,erp:order:O-D001-2026Q2-C0314
tenant-demo,D001,经销商01,O-D001-2026Q1-C0315,D001-C0315,2026-03-03,2026Q1,true,13327.15,桂中,erp:order:O-D001-2026Q1-C0315
tenant-demo,D001,经销商01,O-D001-2026Q2-C0315,D001-C0315,2026-04-08,2026Q2,true,39266.93,桂中,erp:order:O-D001-2026Q2-C0315
tenant-demo,D001,经销商01,O-D001-2026Q1-C0316,D001-C0316,2026-01-02,2026Q1,false,12943.83,桂中,erp:order:O-D001-2026Q1-C0316
tenant-demo,D001,经销商01,O-D001-2026Q2-C0316,D001-C0316,2026-06-05,2026Q2,false,40768.72,桂中,erp:order:O-D001-2026Q2-C0316
tenant-demo,D001,经销商01,O-D001-2026Q1-C0317,D001-C0317,2026-02-05,2026Q1,false,7826.85,桂中,erp:order:O-D001-2026Q1-C0317
tenant-demo,D001,经销商01,O-D001-2026Q2-C0317,D001-C0317,2026-06-10,2026Q2,false,15392.22,桂中,erp:order:O-D001-2026Q2-C0317
tenant-demo,D001,经销商01,O-D001-2026Q1-C0318,D001-C0318,2026-01-19,2026Q1,true,48280.3,桂中,erp:order:O-D001-2026Q1-C0318
tenant-demo,D001,经销商01,O-D001-2026Q2-C0318,D001-C0318,2026-04-26,2026Q2,false,9016.99,桂中,erp:order:O-D001-2026Q2-C0318
tenant-demo,D001,经销商01,O-D001-2026Q1-C0319,D001-C0319,2026-01-04,2026Q1,false,15251.36,桂中,erp:order:O-D001-2026Q1-C0319
tenant-demo,D001,经销商01,O-D001-2026Q2-C0319,D001-C0319,2026-04-24,2026Q2,true,7585.22,桂中,erp:order:O-D001-2026Q2-C0319
tenant-demo,D001,经销商01,O-D001-2026Q1-C0320,D001-C0320,2026-01-26,2026Q1,true,37776.32,桂中,erp:order:O-D001-2026Q1-C0320
tenant-demo,D001,经销商01,O-D001-2026Q2-C0320,D001-C0320,2026-04-10,2026Q2,false,41520.2,桂中,erp:order:O-D001-2026Q2-C0320
tenant-demo,D001,经销商01,O-D001-2026Q1-C0321,D001-C0321,2026-03-14,2026Q1,false,37132.18,桂中,erp:order:O-D001-2026Q1-C0321
tenant-demo,D001,经销商01,O-D001-2026Q2-C0321,D001-C0321,2026-06-02,2026Q2,false,44201.36,桂中,erp:order:O-D001-2026Q2-C0321
tenant-demo,D001,经销商01,O-D001-2026Q1-C0322,D001-C0322,2026-01-11,2026Q1,false,37577.07,桂中,erp:order:O-D001-2026Q1-C0322
tenant-demo,D001,经销商01,O-D001-2026Q2-C0322,D001-C0322,2026-05-25,2026Q2,false,20746.59,桂中,erp:order:O-D001-2026Q2-C0322
tenant-demo,D001,经销商01,O-D001-2026Q1-C0323,D001-C0323,2026-03-28,2026Q1,true,44344.05,桂中,erp:order:O-D001-2026Q1-C0323
tenant-demo,D001,经销商01,O-D001-2026Q2-C0323,D001-C0323,2026-06-13,2026Q2,true,32696.7,桂中,erp:order:O-D001-2026Q2-C0323
tenant-demo,D001,经销商01,O-D001-2026Q1-C0324,D001-C0324,2026-01-27,2026Q1,false,9022.04,桂中,erp:order:O-D001-2026Q1-C0324
tenant-demo,D001,经销商01,O-D001-2026Q2-C0324,D001-C0324,2026-05-06,2026Q2,false,42359.09,桂中,erp:order:O-D001-2026Q2-C0324
tenant-demo,D001,经销商01,O-D001-2026Q1-C0325,D001-C0325,2026-01-08,2026Q1,false,32221.69,桂中,erp:order:O-D001-2026Q1-C0325
tenant-demo,D001,经销商01,O-D001-2026Q2-C0325,D001-C0325,2026-05-09,2026Q2,false,8252.09,桂中,erp:order:O-D001-2026Q2-C0325
tenant-demo,D001,经销商01,O-D001-2026Q1-C0326,D001-C0326,2026-02-25,2026Q1,false,28952.1,桂中,erp:order:O-D001-2026Q1-C0326
tenant-demo,D001,经销商01,O-D001-2026Q2-C0326,D001-C0326,2026-05-15,2026Q2,false,42421.63,桂中,erp:order:O-D001-2026Q2-C0326
tenant-demo,D001,经销商01,O-D001-2026Q1-C0327,D001-C0327,2026-02-13,2026Q1,false,21396.57,桂中,erp:order:O-D001-2026Q1-C0327
tenant-demo,D001,经销商01,O-D001-2026Q2-C0327,D001-C0327,2026-06-01,2026Q2,false,48114.61,桂中,erp:order:O-D001-2026Q2-C0327
tenant-demo,D001,经销商01,O-D001-2026Q1-C0328,D001-C0328,2026-02-06,2026Q1,true,21662.99,桂中,erp:order:O-D001-2026Q1-C0328
tenant-demo,D001,经销商01,O-D001-2026Q2-C0328,D001-C0328,2026-04-28,2026Q2,false,18599.58,桂中,erp:order:O-D001-2026Q2-C0328
tenant-demo,D001,经销商01,O-D001-2026Q1-C0329,D001-C0329,2026-03-05,2026Q1,true,29683.81,桂中,erp:order:O-D001-2026Q1-C0329
tenant-demo,D001,经销商01,O-D001-2026Q2-C0329,D001-C0329,2026-06-21,2026Q2,false,12511.89,桂中,erp:order:O-D001-2026Q2-C0329
tenant-demo,D001,经销商01,O-D001-2026Q1-C0330,D001-C0330,2026-01-03,2026Q1,false,11850.68,桂中,erp:order:O-D001-2026Q1-C0330
tenant-demo,D001,经销商01,O-D001-2026Q2-C0330,D001-C0330,2026-05-08,2026Q2,false,41569.48,桂中,erp:order:O-D001-2026Q2-C0330
tenant-demo,D001,经销商01,O-D001-2026Q1-C0331,D001-C0331,2026-02-06,2026Q1,false,21017.87,桂中,erp:order:O-D001-2026Q1-C0331
tenant-demo,D001,经销商01,O-D001-2026Q2-C0331,D001-C0331,2026-05-10,2026Q2,false,17477.71,桂中,erp:order:O-D001-2026Q2-C0331
tenant-demo,D001,经销商01,O-D001-2026Q1-C0332,D001-C0332,2026-01-18,2026Q1,true,8476.82,桂中,erp:order:O-D001-2026Q1-C0332
tenant-demo,D001,经销商01,O-D001-2026Q2-C0332,D001-C0332,2026-05-04,2026Q2,false,20896.78,桂中,erp:order:O-D001-2026Q2-C0332
tenant-demo,D001,经销商01,O-D001-2026Q1-C0333,D001-C0333,2026-03-11,2026Q1,true,43015.66,桂中,erp:order:O-D001-2026Q1-C0333
tenant-demo,D001,经销商01,O-D001-2026Q2-C0333,D001-C0333,2026-04-16,2026Q2,false,8113.45,桂中,erp:order:O-D001-2026Q2-C0333
tenant-demo,D001,经销商01,O-D001-2026Q1-C0334,D001-C0334,2026-01-24,2026Q1,true,29057.29,桂中,erp:order:O-D001-2026Q1-C0334
tenant-demo,D001,经销商01,O-D001-2026Q2-C0334,D001-C0334,2026-06-12,2026Q2,true,47975.82,桂中,erp:order:O-D001-2026Q2-C0334
tenant-demo,D001,经销商01,O-D001-2026Q1-C0335,D001-C0335,2026-02-17,2026Q1,false,38091.91,桂中,erp:order:O-D001-2026Q1-C0335
tenant-demo,D001,经销商01,O-D001-2026Q2-C0335,D001-C0335,2026-05-28,2026Q2,true,47047.68,桂中,erp:order:O-D001-2026Q2-C0335
tenant-demo,D001,经销商01,O-D001-2026Q1-C0336,D001-C0336,2026-03-21,2026Q1,false,43309.11,桂中,erp:order:O-D001-2026Q1-C0336
tenant-demo,D001,经销商01,O-D001-2026Q2-C0336,D001-C0336,2026-05-11,2026Q2,false,41461.35,桂中,erp:order:O-D001-2026Q2-C0336
tenant-demo,D001,经销商01,O-D001-2026Q1-C0337,D001-C0337,2026-01-13,2026Q1,false,34438.59,桂中,erp:order:O-D001-2026Q1-C0337
tenant-demo,D001,经销商01,O-D001-2026Q2-C0337,D001-C0337,2026-05-20,2026Q2,false,6468.36,桂中,erp:order:O-D001-2026Q2-C0337
tenant-demo,D001,经销商01,O-D001-2026Q1-C0338,D001-C0338,2026-01-02,2026Q1,true,37022.15,桂中,erp:order:O-D001-2026Q1-C0338
tenant-demo,D001,经销商01,O-D001-2026Q2-C0338,D001-C0338,2026-05-11,2026Q2,false,16113.63,桂中,erp:order:O-D001-2026Q2-C0338
tenant-demo,D001,经销商01,O-D001-2026Q1-C0339,D001-C0339,2026-01-12,2026Q1,false,30350.07,桂中,erp:order:O-D001-2026Q1-C0339
tenant-demo,D001,经销商01,O-D001-2026Q2-C0339,D001-C0339,2026-04-10,2026Q2,false,39759.73,桂中,erp:order:O-D001-2026Q2-C0339
tenant-demo,D001,经销商01,O-D001-2026Q1-C0340,D001-C0340,2026-01-07,2026Q1,true,36397.87,桂中,erp:order:O-D001-2026Q1-C0340
tenant-demo,D001,经销商01,O-D001-2026Q2-C0340,D001-C0340,2026-04-08,2026Q2,false,9371.5,桂中,erp:order:O-D001-2026Q2-C0340
tenant-demo,D001,经销商01,O-D001-2026Q1-C0341,D001-C0341,2026-02-05,2026Q1,true,21599.9,桂中,erp:order:O-D001-2026Q1-C0341
tenant-demo,D001,经销商01,O-D001-2026Q2-C0341,D001-C0341,2026-04-10,2026Q2,true,12306.71,桂中,erp:order:O-D001-2026Q2-C0341
tenant-demo,D001,经销商01,O-D001-2026Q1-C0342,D001-C0342,2026-03-18,2026Q1,false,30803.21,桂中,erp:order:O-D001-2026Q1-C0342
tenant-demo,D001,经销商01,O-D001-2026Q2-C0342,D001-C0342,2026-06-26,2026Q2,false,32012.03,桂中,erp:order:O-D001-2026Q2-C0342
tenant-demo,D001,经销商01,O-D001-2026Q1-C0343,D001-C0343,2026-02-19,2026Q1,false,24445.59,桂中,erp:order:O-D001-2026Q1-C0343
tenant-demo,D001,经销商01,O-D001-2026Q2-C0343,D001-C0343,2026-04-17,2026Q2,true,28028.75,桂中,erp:order:O-D001-2026Q2-C0343
tenant-demo,D001,经销商01,O-D001-2026Q1-C0344,D001-C0344,2026-01-14,2026Q1,true,43887.54,桂中,erp:order:O-D001-2026Q1-C0344
tenant-demo,D001,经销商01,O-D001-2026Q2-C0344,D001-C0344,2026-05-07,2026Q2,true,41200.84,桂中,erp:order:O-D001-2026Q2-C0344
tenant-demo,D001,经销商01,O-D001-2026Q1-C0345,D001-C0345,2026-01-05,2026Q1,false,15302.27,桂中,erp:order:O-D001-2026Q1-C0345
tenant-demo,D001,经销商01,O-D001-2026Q2-C0345,D001-C0345,2026-04-06,2026Q2,false,39762.95,桂中,erp:order:O-D001-2026Q2-C0345
tenant-demo,D001,经销商01,O-D001-2026Q1-C0346,D001-C0346,2026-01-02,2026Q1,true,26857.26,桂中,erp:order:O-D001-2026Q1-C0346
tenant-demo,D001,经销商01,O-D001-2026Q2-C0346,D001-C0346,2026-04-20,2026Q2,true,40250.71,桂中,erp:order:O-D001-2026Q2-C0346
tenant-demo,D001,经销商01,O-D001-2026Q1-C0347,D001-C0347,2026-03-28,2026Q1,true,15679.54,桂中,erp:order:O-D001-2026Q1-C0347
tenant-demo,D001,经销商01,O-D001-2026Q2-C0347,D001-C0347,2026-05-21,2026Q2,false,14513.46,桂中,erp:order:O-D001-2026Q2-C0347
tenant-demo,D001,经销商01,O-D001-2026Q1-C0348,D001-C0348,2026-03-11,2026Q1,false,34519.44,桂中,erp:order:O-D001-2026Q1-C0348
tenant-demo,D001,经销商01,O-D001-2026Q2-C0348,D001-C0348,2026-06-27,2026Q2,false,12425.12,桂中,erp:order:O-D001-2026Q2-C0348
tenant-demo,D001,经销商01,O-D001-2026Q1-C0349,D001-C0349,2026-03-01,2026Q1,false,42600.72,桂中,erp:order:O-D001-2026Q1-C0349
tenant-demo,D001,经销商01,O-D001-2026Q2-C0349,D001-C0349,2026-05-18,2026Q2,false,14790.71,桂中,erp:order:O-D001-2026Q2-C0349
tenant-demo,D001,经销商01,O-D001-2026Q1-C0350,D001-C0350,2026-01-28,2026Q1,false,6629.25,桂中,erp:order:O-D001-2026Q1-C0350
tenant-demo,D001,经销商01,O-D001-2026Q2-C0350,D001-C0350,2026-06-12,2026Q2,true,21504.75,桂中,erp:order:O-D001-2026Q2-C0350
tenant-demo,D001,经销商01,O-D001-2026Q1-C0351,D001-C0351,2026-01-17,2026Q1,false,11098.18,桂中,erp:order:O-D001-2026Q1-C0351
tenant-demo,D001,经销商01,O-D001-2026Q2-C0351,D001-C0351,2026-06-19,2026Q2,false,19347.64,桂中,erp:order:O-D001-2026Q2-C0351
tenant-demo,D001,经销商01,O-D001-2026Q1-C0352,D001-C0352,2026-02-20,2026Q1,true,35138.31,桂中,erp:order:O-D001-2026Q1-C0352
tenant-demo,D001,经销商01,O-D001-2026Q2-C0352,D001-C0352,2026-06-03,2026Q2,true,19298.77,桂中,erp:order:O-D001-2026Q2-C0352
tenant-demo,D001,经销商01,O-D001-2026Q1-C0353,D001-C0353,2026-02-28,2026Q1,false,26641.4,桂中,erp:order:O-D001-2026Q1-C0353
tenant-demo,D001,经销商01,O-D001-2026Q2-C0353,D001-C0353,2026-04-22,2026Q2,false,8217.08,桂中,erp:order:O-D001-2026Q2-C0353
tenant-demo,D001,经销商01,O-D001-2026Q1-C0354,D001-C0354,2026-02-01,2026Q1,false,34061.16,桂中,erp:order:O-D001-2026Q1-C0354
tenant-demo,D001,经销商01,O-D001-2026Q2-C0354,D001-C0354,2026-05-08,2026Q2,false,49538.9,桂中,erp:order:O-D001-2026Q2-C0354
tenant-demo,D001,经销商01,O-D001-2026Q1-C0355,D001-C0355,2026-02-28,2026Q1,false,19088.08,桂中,erp:order:O-D001-2026Q1-C0355
tenant-demo,D001,经销商01,O-D001-2026Q2-C0355,D001-C0355,2026-05-14,2026Q2,false,18779.61,桂中,erp:order:O-D001-2026Q2-C0355
tenant-demo,D001,经销商01,O-D001-2026Q1-C0356,D001-C0356,2026-02-06,2026Q1,false,47786.33,桂中,erp:order:O-D001-2026Q1-C0356
tenant-demo,D001,经销商01,O-D001-2026Q2-C0356,D001-C0356,2026-04-04,2026Q2,false,33516.7,桂中,erp:order:O-D001-2026Q2-C0356
tenant-demo,D001,经销商01,O-D001-2026Q1-C0357,D001-C0357,2026-03-07,2026Q1,true,24414.8,桂中,erp:order:O-D001-2026Q1-C0357
tenant-demo,D001,经销商01,O-D001-2026Q2-C0357,D001-C0357,2026-06-24,2026Q2,true,17524.11,桂中,erp:order:O-D001-2026Q2-C0357
tenant-demo,D001,经销商01,O-D001-2026Q1-C0358,D001-C0358,2026-03-10,2026Q1,true,30449.37,桂中,erp:order:O-D001-2026Q1-C0358
tenant-demo,D001,经销商01,O-D001-2026Q2-C0358,D001-C0358,2026-06-06,2026Q2,false,32384.87,桂中,erp:order:O-D001-2026Q2-C0358
tenant-demo,D001,经销商01,O-D001-2026Q1-C0359,D001-C0359,2026-02-04,2026Q1,false,19519.88,桂中,erp:order:O-D001-2026Q1-C0359
tenant-demo,D001,经销商01,O-D001-2026Q2-C0359,D001-C0359,2026-06-24,2026Q2,false,22865.28,桂中,erp:order:O-D001-2026Q2-C0359
tenant-demo,D001,经销商01,O-D001-2026Q1-C0360,D001-C0360,2026-01-13,2026Q1,true,30515.08,桂中,erp:order:O-D001-2026Q1-C0360
tenant-demo,D001,经销商01,O-D001-2026Q2-C0360,D001-C0360,2026-04-27,2026Q2,false,49203.65,桂中,erp:order:O-D001-2026Q2-C0360
tenant-demo,D001,经销商01,O-D001-2026Q1-C0361,D001-C0361,2026-03-08,2026Q1,true,26651.24,桂中,erp:order:O-D001-2026Q1-C0361
tenant-demo,D001,经销商01,O-D001-2026Q2-C0361,D001-C0361,2026-06-08,2026Q2,true,6698.97,桂中,erp:order:O-D001-2026Q2-C0361
tenant-demo,D001,经销商01,O-D001-2026Q1-C0362,D001-C0362,2026-01-02,2026Q1,true,8554.61,桂中,erp:order:O-D001-2026Q1-C0362
tenant-demo,D001,经销商01,O-D001-2026Q2-C0362,D001-C0362,2026-05-19,2026Q2,false,28370.95,桂中,erp:order:O-D001-2026Q2-C0362
tenant-demo,D001,经销商01,O-D001-2026Q1-C0363,D001-C0363,2026-02-17,2026Q1,false,26791.6,桂中,erp:order:O-D001-2026Q1-C0363
tenant-demo,D001,经销商01,O-D001-2026Q2-C0363,D001-C0363,2026-06-23,2026Q2,false,40779.29,桂中,erp:order:O-D001-2026Q2-C0363
tenant-demo,D001,经销商01,O-D001-2026Q1-C0364,D001-C0364,2026-01-13,2026Q1,false,27372.86,桂中,erp:order:O-D001-2026Q1-C0364
tenant-demo,D001,经销商01,O-D001-2026Q2-C0364,D001-C0364,2026-06-27,2026Q2,false,29869.96,桂中,erp:order:O-D001-2026Q2-C0364
tenant-demo,D001,经销商01,O-D001-2026Q1-C0365,D001-C0365,2026-01-19,2026Q1,true,38394.58,桂中,erp:order:O-D001-2026Q1-C0365
tenant-demo,D001,经销商01,O-D001-2026Q2-C0365,D001-C0365,2026-04-27,2026Q2,true,31489.77,桂中,erp:order:O-D001-2026Q2-C0365
tenant-demo,D001,经销商01,O-D001-2026Q1-C0366,D001-C0366,2026-02-15,2026Q1,true,37665.49,桂中,erp:order:O-D001-2026Q1-C0366
tenant-demo,D001,经销商01,O-D001-2026Q2-C0366,D001-C0366,2026-06-22,2026Q2,false,15687.24,桂中,erp:order:O-D001-2026Q2-C0366
tenant-demo,D001,经销商01,O-D001-2026Q1-C0367,D001-C0367,2026-01-15,2026Q1,true,29599.38,桂中,erp:order:O-D001-2026Q1-C0367
tenant-demo,D001,经销商01,O-D001-2026Q2-C0367,D001-C0367,2026-05-07,2026Q2,true,39109.9,桂中,erp:order:O-D001-2026Q2-C0367
tenant-demo,D001,经销商01,O-D001-2026Q1-C0368,D001-C0368,2026-02-27,2026Q1,true,12261.93,桂中,erp:order:O-D001-2026Q1-C0368
tenant-demo,D001,经销商01,O-D001-2026Q2-C0368,D001-C0368,2026-05-19,2026Q2,false,7028.0,桂中,erp:order:O-D001-2026Q2-C0368
tenant-demo,D001,经销商01,O-D001-2026Q1-C0369,D001-C0369,2026-01-19,2026Q1,false,20174.01,桂中,erp:order:O-D001-2026Q1-C0369
tenant-demo,D001,经销商01,O-D001-2026Q2-C0369,D001-C0369,2026-04-19,2026Q2,false,27068.78,桂中,erp:order:O-D001-2026Q2-C0369
tenant-demo,D001,经销商01,O-D001-2026Q1-C0370,D001-C0370,2026-03-02,2026Q1,true,15528.49,桂中,erp:order:O-D001-2026Q1-C0370
tenant-demo,D001,经销商01,O-D001-2026Q2-C0370,D001-C0370,2026-04-17,2026Q2,true,24984.84,桂中,erp:order:O-D001-2026Q2-C0370
tenant-demo,D001,经销商01,O-D001-2026Q1-C0371,D001-C0371,2026-02-15,2026Q1,true,14376.6,桂中,erp:order:O-D001-2026Q1-C0371
tenant-demo,D001,经销商01,O-D001-2026Q2-C0371,D001-C0371,2026-05-05,2026Q2,false,10550.35,桂中,erp:order:O-D001-2026Q2-C0371
tenant-demo,D001,经销商01,O-D001-2026Q1-C0372,D001-C0372,2026-02-05,2026Q1,true,49613.84,桂中,erp:order:O-D001-2026Q1-C0372
tenant-demo,D001,经销商01,O-D001-2026Q2-C0372,D001-C0372,2026-06-20,2026Q2,true,13121.54,桂中,erp:order:O-D001-2026Q2-C0372
tenant-demo,D001,经销商01,O-D001-2026Q1-C0373,D001-C0373,2026-01-18,2026Q1,false,28861.76,桂中,erp:order:O-D001-2026Q1-C0373
tenant-demo,D001,经销商01,O-D001-2026Q2-C0373,D001-C0373,2026-05-15,2026Q2,true,36796.89,桂中,erp:order:O-D001-2026Q2-C0373
tenant-demo,D001,经销商01,O-D001-2026Q1-C0374,D001-C0374,2026-02-06,2026Q1,false,27970.22,桂中,erp:order:O-D001-2026Q1-C0374
tenant-demo,D001,经销商01,O-D001-2026Q2-C0374,D001-C0374,2026-06-10,2026Q2,false,28396.68,桂中,erp:order:O-D001-2026Q2-C0374
tenant-demo,D001,经销商01,O-D001-2026Q1-C0375,D001-C0375,2026-01-10,2026Q1,false,31641.79,桂中,erp:order:O-D001-2026Q1-C0375
tenant-demo,D001,经销商01,O-D001-2026Q2-C0375,D001-C0375,2026-06-01,2026Q2,false,35306.51,桂中,erp:order:O-D001-2026Q2-C0375
tenant-demo,D001,经销商01,O-D001-2026Q1-C0376,D001-C0376,2026-02-04,2026Q1,true,41604.32,桂中,erp:order:O-D001-2026Q1-C0376
tenant-demo,D001,经销商01,O-D001-2026Q2-C0376,D001-C0376,2026-06-21,2026Q2,false,24144.84,桂中,erp:order:O-D001-2026Q2-C0376
tenant-demo,D001,经销商01,O-D001-2026Q1-C0377,D001-C0377,2026-01-20,2026Q1,false,28075.99,桂中,erp:order:O-D001-2026Q1-C0377
tenant-demo,D001,经销商01,O-D001-2026Q2-C0377,D001-C0377,2026-05-27,2026Q2,false,44935.21,桂中,erp:order:O-D001-2026Q2-C0377
tenant-demo,D001,经销商01,O-D001-2026Q1-C0378,D001-C0378,2026-02-27,2026Q1,true,28994.7,桂中,erp:order:O-D001-2026Q1-C0378
tenant-demo,D001,经销商01,O-D001-2026Q2-C0378,D001-C0378,2026-04-24,2026Q2,false,14288.92,桂中,erp:order:O-D001-2026Q2-C0378
tenant-demo,D001,经销商01,O-D001-2026Q1-C0379,D001-C0379,2026-03-13,2026Q1,false,9829.26,桂中,erp:order:O-D001-2026Q1-C0379
tenant-demo,D001,经销商01,O-D001-2026Q2-C0379,D001-C0379,2026-05-06,2026Q2,true,11178.88,桂中,erp:order:O-D001-2026Q2-C0379
tenant-demo,D001,经销商01,O-D001-2026Q1-C0380,D001-C0380,2026-03-28,2026Q1,false,26376.42,桂中,erp:order:O-D001-2026Q1-C0380
tenant-demo,D001,经销商01,O-D001-2026Q2-C0380,D001-C0380,2026-06-07,2026Q2,false,31710.6,桂中,erp:order:O-D001-2026Q2-C0380
tenant-demo,D001,经销商01,O-D001-2026Q1-C0381,D001-C0381,2026-03-15,2026Q1,true,47608.47,桂中,erp:order:O-D001-2026Q1-C0381
tenant-demo,D001,经销商01,O-D001-2026Q2-C0381,D001-C0381,2026-05-12,2026Q2,true,26973.01,桂中,erp:order:O-D001-2026Q2-C0381
tenant-demo,D001,经销商01,O-D001-2026Q1-C0382,D001-C0382,2026-01-27,2026Q1,false,39914.29,桂中,erp:order:O-D001-2026Q1-C0382
tenant-demo,D001,经销商01,O-D001-2026Q2-C0382,D001-C0382,2026-04-25,2026Q2,true,31904.87,桂中,erp:order:O-D001-2026Q2-C0382
tenant-demo,D001,经销商01,O-D001-2026Q1-C0383,D001-C0383,2026-01-26,2026Q1,true,6240.29,桂中,erp:order:O-D001-2026Q1-C0383
tenant-demo,D001,经销商01,O-D001-2026Q2-C0383,D001-C0383,2026-06-08,2026Q2,true,35228.13,桂中,erp:order:O-D001-2026Q2-C0383
tenant-demo,D001,经销商01,O-D001-2026Q1-C0384,D001-C0384,2026-02-15,2026Q1,false,25054.66,桂中,erp:order:O-D001-2026Q1-C0384
tenant-demo,D001,经销商01,O-D001-2026Q2-C0384,D001-C0384,2026-06-04,2026Q2,true,20088.35,桂中,erp:order:O-D001-2026Q2-C0384
tenant-demo,D001,经销商01,O-D001-2026Q1-C0385,D001-C0385,2026-03-15,2026Q1,false,22474.68,桂中,erp:order:O-D001-2026Q1-C0385
tenant-demo,D001,经销商01,O-D001-2026Q2-C0385,D001-C0385,2026-05-15,2026Q2,true,17518.94,桂中,erp:order:O-D001-2026Q2-C0385
tenant-demo,D001,经销商01,O-D001-2026Q1-C0386,D001-C0386,2026-01-06,2026Q1,false,19907.41,桂中,erp:order:O-D001-2026Q1-C0386
tenant-demo,D001,经销商01,O-D001-2026Q2-C0386,D001-C0386,2026-05-20,2026Q2,false,23056.36,桂中,erp:order:O-D001-2026Q2-C0386
tenant-demo,D001,经销商01,O-D001-2026Q1-C0387,D001-C0387,2026-02-17,2026Q1,true,38342.81,桂中,erp:order:O-D001-2026Q1-C0387
tenant-demo,D001,经销商01,O-D001-2026Q2-C0387,D001-C0387,2026-04-12,2026Q2,false,11702.97,桂中,erp:order:O-D001-2026Q2-C0387
tenant-demo,D001,经销商01,O-D001-2026Q1-C0388,D001-C0388,2026-03-07,2026Q1,false,48706.17,桂中,erp:order:O-D001-2026Q1-C0388
tenant-demo,D001,经销商01,O-D001-2026Q2-C0388,D001-C0388,2026-04-15,2026Q2,false,15123.76,桂中,erp:order:O-D001-2026Q2-C0388
tenant-demo,D001,经销商01,O-D001-2026Q1-C0389,D001-C0389,2026-01-04,2026Q1,false,34231.86,桂中,erp:order:O-D001-2026Q1-C0389
tenant-demo,D001,经销商01,O-D001-2026Q2-C0389,D001-C0389,2026-05-02,2026Q2,true,36462.29,桂中,erp:order:O-D001-2026Q2-C0389
tenant-demo,D001,经销商01,O-D001-2026Q1-C0390,D001-C0390,2026-02-18,2026Q1,true,25412.19,桂中,erp:order:O-D001-2026Q1-C0390
tenant-demo,D001,经销商01,O-D001-2026Q2-C0390,D001-C0390,2026-05-13,2026Q2,false,19474.05,桂中,erp:order:O-D001-2026Q2-C0390
tenant-demo,D001,经销商01,O-D001-2026Q1-C0391,D001-C0391,2026-02-23,2026Q1,true,5637.32,桂中,erp:order:O-D001-2026Q1-C0391
tenant-demo,D001,经销商01,O-D001-2026Q2-C0391,D001-C0391,2026-06-23,2026Q2,false,25041.65,桂中,erp:order:O-D001-2026Q2-C0391
tenant-demo,D001,经销商01,O-D001-2026Q1-C0392,D001-C0392,2026-03-13,2026Q1,true,18639.33,桂中,erp:order:O-D001-2026Q1-C0392
tenant-demo,D001,经销商01,O-D001-2026Q2-C0392,D001-C0392,2026-05-06,2026Q2,true,19091.57,桂中,erp:order:O-D001-2026Q2-C0392
tenant-demo,D001,经销商01,O-D001-2026Q1-C0393,D001-C0393,2026-01-15,2026Q1,true,9514.42,桂中,erp:order:O-D001-2026Q1-C0393
tenant-demo,D001,经销商01,O-D001-2026Q2-C0393,D001-C0393,2026-04-18,2026Q2,false,11900.03,桂中,erp:order:O-D001-2026Q2-C0393
tenant-demo,D001,经销商01,O-D001-2026Q1-C0394,D001-C0394,2026-02-11,2026Q1,false,10552.34,桂中,erp:order:O-D001-2026Q1-C0394
tenant-demo,D001,经销商01,O-D001-2026Q2-C0394,D001-C0394,2026-05-22,2026Q2,true,49759.54,桂中,erp:order:O-D001-2026Q2-C0394
tenant-demo,D001,经销商01,O-D001-2026Q1-C0395,D001-C0395,2026-03-11,2026Q1,false,30155.34,桂中,erp:order:O-D001-2026Q1-C0395
tenant-demo,D001,经销商01,O-D001-2026Q2-C0395,D001-C0395,2026-05-18,2026Q2,false,37564.01,桂中,erp:order:O-D001-2026Q2-C0395
tenant-demo,D001,经销商01,O-D001-2026Q1-C0396,D001-C0396,2026-02-11,2026Q1,false,31653.07,桂中,erp:order:O-D001-2026Q1-C0396
tenant-demo,D001,经销商01,O-D001-2026Q2-C0396,D001-C0396,2026-05-27,2026Q2,false,26799.46,桂中,erp:order:O-D001-2026Q2-C0396
tenant-demo,D001,经销商01,O-D001-2026Q1-C0397,D001-C0397,2026-01-06,2026Q1,false,29131.66,桂中,erp:order:O-D001-2026Q1-C0397
tenant-demo,D001,经销商01,O-D001-2026Q2-C0397,D001-C0397,2026-04-28,2026Q2,false,15846.04,桂中,erp:order:O-D001-2026Q2-C0397
tenant-demo,D001,经销商01,O-D001-2026Q1-C0398,D001-C0398,2026-01-02,2026Q1,true,31751.96,桂中,erp:order:O-D001-2026Q1-C0398
tenant-demo,D001,经销商01,O-D001-2026Q2-C0398,D001-C0398,2026-06-25,2026Q2,false,40128.33,桂中,erp:order:O-D001-2026Q2-C0398
tenant-demo,D001,经销商01,O-D001-2026Q1-C0399,D001-C0399,2026-02-01,2026Q1,false,7769.2,桂中,erp:order:O-D001-2026Q1-C0399
tenant-demo,D001,经销商01,O-D001-2026Q2-C0399,D001-C0399,2026-05-20,2026Q2,false,20492.74,桂中,erp:order:O-D001-2026Q2-C0399
tenant-demo,D001,经销商01,O-D001-2026Q1-C0400,D001-C0400,2026-03-28,2026Q1,true,31787.54,桂中,erp:order:O-D001-2026Q1-C0400
tenant-demo,D001,经销商01,O-D001-2026Q2-C0400,D001-C0400,2026-05-08,2026Q2,true,23397.74,桂中,erp:order:O-D001-2026Q2-C0400
tenant-demo,D001,经销商01,O-D001-2026Q1-C0401,D001-C0401,2026-03-13,2026Q1,false,19109.22,桂中,erp:order:O-D001-2026Q1-C0401
tenant-demo,D001,经销商01,O-D001-2026Q2-C0401,D001-C0401,2026-04-01,2026Q2,true,35142.01,桂中,erp:order:O-D001-2026Q2-C0401
tenant-demo,D001,经销商01,O-D001-2026Q1-C0402,D001-C0402,2026-02-20,2026Q1,false,22491.4,桂中,erp:order:O-D001-2026Q1-C0402
tenant-demo,D001,经销商01,O-D001-2026Q2-C0402,D001-C0402,2026-06-27,2026Q2,false,40263.81,桂中,erp:order:O-D001-2026Q2-C0402
tenant-demo,D001,经销商01,O-D001-2026Q1-C0403,D001-C0403,2026-01-03,2026Q1,false,45246.89,桂中,erp:order:O-D001-2026Q1-C0403
tenant-demo,D001,经销商01,O-D001-2026Q2-C0403,D001-C0403,2026-05-13,2026Q2,false,42029.24,桂中,erp:order:O-D001-2026Q2-C0403
tenant-demo,D001,经销商01,O-D001-2026Q1-C0404,D001-C0404,2026-02-04,2026Q1,true,14169.32,桂中,erp:order:O-D001-2026Q1-C0404
tenant-demo,D001,经销商01,O-D001-2026Q2-C0404,D001-C0404,2026-05-03,2026Q2,true,24528.31,桂中,erp:order:O-D001-2026Q2-C0404
tenant-demo,D001,经销商01,O-D001-2026Q1-C0405,D001-C0405,2026-01-04,2026Q1,false,41386.11,桂中,erp:order:O-D001-2026Q1-C0405
tenant-demo,D001,经销商01,O-D001-2026Q2-C0405,D001-C0405,2026-06-27,2026Q2,true,29012.63,桂中,erp:order:O-D001-2026Q2-C0405
tenant-demo,D001,经销商01,O-D001-2026Q1-C0406,D001-C0406,2026-02-05,2026Q1,false,49423.43,桂中,erp:order:O-D001-2026Q1-C0406
tenant-demo,D001,经销商01,O-D001-2026Q2-C0406,D001-C0406,2026-05-18,2026Q2,false,21901.57,桂中,erp:order:O-D001-2026Q2-C0406
tenant-demo,D001,经销商01,O-D001-2026Q1-C0407,D001-C0407,2026-03-17,2026Q1,false,44208.44,桂中,erp:order:O-D001-2026Q1-C0407
tenant-demo,D001,经销商01,O-D001-2026Q2-C0407,D001-C0407,2026-04-07,2026Q2,false,48798.82,桂中,erp:order:O-D001-2026Q2-C0407
tenant-demo,D001,经销商01,O-D001-2026Q1-C0408,D001-C0408,2026-03-06,2026Q1,false,12127.28,桂中,erp:order:O-D001-2026Q1-C0408
tenant-demo,D001,经销商01,O-D001-2026Q2-C0408,D001-C0408,2026-04-04,2026Q2,false,48386.87,桂中,erp:order:O-D001-2026Q2-C0408
tenant-demo,D001,经销商01,O-D001-2026Q1-C0409,D001-C0409,2026-03-05,2026Q1,false,24891.03,桂中,erp:order:O-D001-2026Q1-C0409
tenant-demo,D001,经销商01,O-D001-2026Q2-C0409,D001-C0409,2026-05-20,2026Q2,false,24407.98,桂中,erp:order:O-D001-2026Q2-C0409
tenant-demo,D001,经销商01,O-D001-2026Q1-C0410,D001-C0410,2026-03-22,2026Q1,false,40718.51,桂中,erp:order:O-D001-2026Q1-C0410
tenant-demo,D001,经销商01,O-D001-2026Q2-C0410,D001-C0410,2026-04-01,2026Q2,true,19277.32,桂中,erp:order:O-D001-2026Q2-C0410
tenant-demo,D001,经销商01,O-D001-2026Q1-C0411,D001-C0411,2026-01-08,2026Q1,true,21138.2,桂中,erp:order:O-D001-2026Q1-C0411
tenant-demo,D001,经销商01,O-D001-2026Q2-C0411,D001-C0411,2026-05-19,2026Q2,false,15575.84,桂中,erp:order:O-D001-2026Q2-C0411
tenant-demo,D001,经销商01,O-D001-2026Q1-C0412,D001-C0412,2026-03-03,2026Q1,true,26992.55,桂中,erp:order:O-D001-2026Q1-C0412
tenant-demo,D001,经销商01,O-D001-2026Q2-C0412,D001-C0412,2026-05-19,2026Q2,false,11010.67,桂中,erp:order:O-D001-2026Q2-C0412
tenant-demo,D001,经销商01,O-D001-2026Q1-C0413,D001-C0413,2026-01-12,2026Q1,false,49811.51,桂中,erp:order:O-D001-2026Q1-C0413
tenant-demo,D001,经销商01,O-D001-2026Q2-C0413,D001-C0413,2026-05-24,2026Q2,false,36896.83,桂中,erp:order:O-D001-2026Q2-C0413
tenant-demo,D001,经销商01,O-D001-2026Q1-C0414,D001-C0414,2026-01-13,2026Q1,false,20684.39,桂中,erp:order:O-D001-2026Q1-C0414
tenant-demo,D001,经销商01,O-D001-2026Q2-C0414,D001-C0414,2026-06-15,2026Q2,false,26382.89,桂中,erp:order:O-D001-2026Q2-C0414
tenant-demo,D001,经销商01,O-D001-2026Q1-C0415,D001-C0415,2026-03-08,2026Q1,false,44925.09,桂中,erp:order:O-D001-2026Q1-C0415
tenant-demo,D001,经销商01,O-D001-2026Q2-C0415,D001-C0415,2026-04-24,2026Q2,false,14276.2,桂中,erp:order:O-D001-2026Q2-C0415
tenant-demo,D001,经销商01,O-D001-2026Q1-C0416,D001-C0416,2026-01-09,2026Q1,false,36373.72,桂中,erp:order:O-D001-2026Q1-C0416
tenant-demo,D001,经销商01,O-D001-2026Q2-C0416,D001-C0416,2026-04-03,2026Q2,true,41885.83,桂中,erp:order:O-D001-2026Q2-C0416
tenant-demo,D001,经销商01,O-D001-2026Q1-C0417,D001-C0417,2026-01-28,2026Q1,false,40877.82,桂中,erp:order:O-D001-2026Q1-C0417
tenant-demo,D001,经销商01,O-D001-2026Q2-C0417,D001-C0417,2026-04-15,2026Q2,false,23012.66,桂中,erp:order:O-D001-2026Q2-C0417
tenant-demo,D001,经销商01,O-D001-2026Q1-C0418,D001-C0418,2026-03-17,2026Q1,false,37338.35,桂中,erp:order:O-D001-2026Q1-C0418
tenant-demo,D001,经销商01,O-D001-2026Q2-C0418,D001-C0418,2026-05-22,2026Q2,false,36949.88,桂中,erp:order:O-D001-2026Q2-C0418
tenant-demo,D001,经销商01,O-D001-2026Q1-C0419,D001-C0419,2026-02-12,2026Q1,true,17628.19,桂中,erp:order:O-D001-2026Q1-C0419
tenant-demo,D001,经销商01,O-D001-2026Q2-C0419,D001-C0419,2026-05-14,2026Q2,false,34162.29,桂中,erp:order:O-D001-2026Q2-C0419
tenant-demo,D001,经销商01,O-D001-2026Q1-C0420,D001-C0420,2026-03-07,2026Q1,false,24628.94,桂中,erp:order:O-D001-2026Q1-C0420
tenant-demo,D001,经销商01,O-D001-2026Q2-C0420,D001-C0420,2026-04-08,2026Q2,true,13803.75,桂中,erp:order:O-D001-2026Q2-C0420
tenant-demo,D001,经销商01,O-D001-2026Q1-C0421,D001-C0421,2026-01-22,2026Q1,false,15798.21,桂中,erp:order:O-D001-2026Q1-C0421
tenant-demo,D001,经销商01,O-D001-2026Q2-C0421,D001-C0421,2026-06-15,2026Q2,false,22710.74,桂中,erp:order:O-D001-2026Q2-C0421
tenant-demo,D001,经销商01,O-D001-2026Q1-C0422,D001-C0422,2026-01-06,2026Q1,false,30548.87,桂中,erp:order:O-D001-2026Q1-C0422
tenant-demo,D001,经销商01,O-D001-2026Q2-C0422,D001-C0422,2026-06-01,2026Q2,false,41678.41,桂中,erp:order:O-D001-2026Q2-C0422
tenant-demo,D001,经销商01,O-D001-2026Q1-C0423,D001-C0423,2026-02-14,2026Q1,false,6994.52,桂中,erp:order:O-D001-2026Q1-C0423
tenant-demo,D001,经销商01,O-D001-2026Q2-C0423,D001-C0423,2026-04-23,2026Q2,true,10975.68,桂中,erp:order:O-D001-2026Q2-C0423
tenant-demo,D001,经销商01,O-D001-2026Q1-C0424,D001-C0424,2026-02-14,2026Q1,false,39722.78,桂中,erp:order:O-D001-2026Q1-C0424
tenant-demo,D001,经销商01,O-D001-2026Q2-C0424,D001-C0424,2026-06-24,2026Q2,true,40053.08,桂中,erp:order:O-D001-2026Q2-C0424
tenant-demo,D001,经销商01,O-D001-2026Q1-C0425,D001-C0425,2026-02-05,2026Q1,true,7128.56,桂中,erp:order:O-D001-2026Q1-C0425
tenant-demo,D001,经销商01,O-D001-2026Q2-C0425,D001-C0425,2026-06-12,2026Q2,false,35993.24,桂中,erp:order:O-D001-2026Q2-C0425
tenant-demo,D001,经销商01,O-D001-2026Q1-C0426,D001-C0426,2026-02-04,2026Q1,false,31313.14,桂中,erp:order:O-D001-2026Q1-C0426
tenant-demo,D001,经销商01,O-D001-2026Q2-C0426,D001-C0426,2026-04-21,2026Q2,false,42853.63,桂中,erp:order:O-D001-2026Q2-C0426
tenant-demo,D001,经销商01,O-D001-2026Q1-C0427,D001-C0427,2026-02-05,2026Q1,false,33779.26,桂中,erp:order:O-D001-2026Q1-C0427
tenant-demo,D001,经销商01,O-D001-2026Q2-C0427,D001-C0427,2026-05-05,2026Q2,true,41233.7,桂中,erp:order:O-D001-2026Q2-C0427
tenant-demo,D001,经销商01,O-D001-2026Q1-C0428,D001-C0428,2026-01-16,2026Q1,true,11770.67,桂中,erp:order:O-D001-2026Q1-C0428
tenant-demo,D001,经销商01,O-D001-2026Q2-C0428,D001-C0428,2026-05-03,2026Q2,false,33704.58,桂中,erp:order:O-D001-2026Q2-C0428
tenant-demo,D001,经销商01,O-D001-2026Q1-C0429,D001-C0429,2026-03-14,2026Q1,true,38759.45,桂中,erp:order:O-D001-2026Q1-C0429
tenant-demo,D001,经销商01,O-D001-2026Q2-C0429,D001-C0429,2026-06-20,2026Q2,true,9133.54,桂中,erp:order:O-D001-2026Q2-C0429
tenant-demo,D001,经销商01,O-D001-2026Q1-C0430,D001-C0430,2026-01-18,2026Q1,false,27558.91,桂中,erp:order:O-D001-2026Q1-C0430
tenant-demo,D001,经销商01,O-D001-2026Q2-C0430,D001-C0430,2026-06-13,2026Q2,false,43162.0,桂中,erp:order:O-D001-2026Q2-C0430
tenant-demo,D001,经销商01,O-D001-2026Q1-C0431,D001-C0431,2026-03-14,2026Q1,false,33942.5,桂中,erp:order:O-D001-2026Q1-C0431
tenant-demo,D001,经销商01,O-D001-2026Q2-C0431,D001-C0431,2026-06-13,2026Q2,false,15880.69,桂中,erp:order:O-D001-2026Q2-C0431
tenant-demo,D001,经销商01,O-D001-2026Q1-C0432,D001-C0432,2026-03-11,2026Q1,false,26491.59,桂中,erp:order:O-D001-2026Q1-C0432
tenant-demo,D001,经销商01,O-D001-2026Q2-C0432,D001-C0432,2026-04-07,2026Q2,true,24703.92,桂中,erp:order:O-D001-2026Q2-C0432
tenant-demo,D001,经销商01,O-D001-2026Q1-C0433,D001-C0433,2026-03-12,2026Q1,false,31632.46,桂中,erp:order:O-D001-2026Q1-C0433
tenant-demo,D001,经销商01,O-D001-2026Q2-C0433,D001-C0433,2026-05-04,2026Q2,true,9696.04,桂中,erp:order:O-D001-2026Q2-C0433
tenant-demo,D001,经销商01,O-D001-2026Q1-C0434,D001-C0434,2026-01-04,2026Q1,true,44736.01,桂中,erp:order:O-D001-2026Q1-C0434
tenant-demo,D001,经销商01,O-D001-2026Q2-C0434,D001-C0434,2026-06-03,2026Q2,false,36034.11,桂中,erp:order:O-D001-2026Q2-C0434
tenant-demo,D001,经销商01,O-D001-2026Q1-C0435,D001-C0435,2026-02-08,2026Q1,false,5161.61,桂中,erp:order:O-D001-2026Q1-C0435
tenant-demo,D001,经销商01,O-D001-2026Q2-C0435,D001-C0435,2026-05-20,2026Q2,false,9115.72,桂中,erp:order:O-D001-2026Q2-C0435
tenant-demo,D001,经销商01,O-D001-2026Q1-C0436,D001-C0436,2026-02-18,2026Q1,false,7782.2,桂中,erp:order:O-D001-2026Q1-C0436
tenant-demo,D001,经销商01,O-D001-2026Q2-C0436,D001-C0436,2026-06-02,2026Q2,true,18420.4,桂中,erp:order:O-D001-2026Q2-C0436
tenant-demo,D001,经销商01,O-D001-2026Q1-C0437,D001-C0437,2026-01-09,2026Q1,true,35157.59,桂中,erp:order:O-D001-2026Q1-C0437
tenant-demo,D001,经销商01,O-D001-2026Q2-C0437,D001-C0437,2026-05-15,2026Q2,true,45901.38,桂中,erp:order:O-D001-2026Q2-C0437
tenant-demo,D001,经销商01,O-D001-2026Q1-C0438,D001-C0438,2026-02-25,2026Q1,true,14850.03,桂中,erp:order:O-D001-2026Q1-C0438
tenant-demo,D001,经销商01,O-D001-2026Q2-C0438,D001-C0438,2026-05-15,2026Q2,false,48697.15,桂中,erp:order:O-D001-2026Q2-C0438
tenant-demo,D001,经销商01,O-D001-2026Q1-C0439,D001-C0439,2026-02-17,2026Q1,true,29030.69,桂中,erp:order:O-D001-2026Q1-C0439
tenant-demo,D001,经销商01,O-D001-2026Q2-C0439,D001-C0439,2026-06-15,2026Q2,true,12821.55,桂中,erp:order:O-D001-2026Q2-C0439
tenant-demo,D001,经销商01,O-D001-2026Q1-C0440,D001-C0440,2026-03-19,2026Q1,true,25499.47,桂中,erp:order:O-D001-2026Q1-C0440
tenant-demo,D001,经销商01,O-D001-2026Q2-C0440,D001-C0440,2026-06-22,2026Q2,true,13216.72,桂中,erp:order:O-D001-2026Q2-C0440
tenant-demo,D001,经销商01,O-D001-2026Q1-C0441,D001-C0441,2026-03-23,2026Q1,true,22901.03,桂中,erp:order:O-D001-2026Q1-C0441
tenant-demo,D001,经销商01,O-D001-2026Q2-C0441,D001-C0441,2026-06-18,2026Q2,false,23620.48,桂中,erp:order:O-D001-2026Q2-C0441
tenant-demo,D001,经销商01,O-D001-2026Q1-C0442,D001-C0442,2026-02-25,2026Q1,true,31859.22,桂中,erp:order:O-D001-2026Q1-C0442
tenant-demo,D001,经销商01,O-D001-2026Q2-C0442,D001-C0442,2026-05-01,2026Q2,true,33363.55,桂中,erp:order:O-D001-2026Q2-C0442
tenant-demo,D001,经销商01,O-D001-2026Q1-C0443,D001-C0443,2026-01-16,2026Q1,true,7842.53,桂中,erp:order:O-D001-2026Q1-C0443
tenant-demo,D001,经销商01,O-D001-2026Q2-C0443,D001-C0443,2026-04-27,2026Q2,true,48772.39,桂中,erp:order:O-D001-2026Q2-C0443
tenant-demo,D001,经销商01,O-D001-2026Q1-C0444,D001-C0444,2026-02-26,2026Q1,false,21182.43,桂中,erp:order:O-D001-2026Q1-C0444
tenant-demo,D001,经销商01,O-D001-2026Q2-C0444,D001-C0444,2026-05-05,2026Q2,false,49289.31,桂中,erp:order:O-D001-2026Q2-C0444
tenant-demo,D001,经销商01,O-D001-2026Q1-C0445,D001-C0445,2026-01-15,2026Q1,true,9807.42,桂中,erp:order:O-D001-2026Q1-C0445
tenant-demo,D001,经销商01,O-D001-2026Q2-C0445,D001-C0445,2026-05-16,2026Q2,true,43290.98,桂中,erp:order:O-D001-2026Q2-C0445
tenant-demo,D001,经销商01,O-D001-2026Q1-C0446,D001-C0446,2026-02-18,2026Q1,false,37833.83,桂中,erp:order:O-D001-2026Q1-C0446
tenant-demo,D001,经销商01,O-D001-2026Q2-C0446,D001-C0446,2026-06-01,2026Q2,true,21708.04,桂中,erp:order:O-D001-2026Q2-C0446
tenant-demo,D001,经销商01,O-D001-2026Q1-C0447,D001-C0447,2026-02-20,2026Q1,true,29198.01,桂中,erp:order:O-D001-2026Q1-C0447
tenant-demo,D001,经销商01,O-D001-2026Q2-C0447,D001-C0447,2026-05-10,2026Q2,true,41463.98,桂中,erp:order:O-D001-2026Q2-C0447
tenant-demo,D001,经销商01,O-D001-2026Q1-C0448,D001-C0448,2026-02-24,2026Q1,false,5538.88,桂中,erp:order:O-D001-2026Q1-C0448
tenant-demo,D001,经销商01,O-D001-2026Q2-C0448,D001-C0448,2026-06-01,2026Q2,false,48269.11,桂中,erp:order:O-D001-2026Q2-C0448
tenant-demo,D001,经销商01,O-D001-2026Q1-C0449,D001-C0449,2026-01-04,2026Q1,false,30456.13,桂中,erp:order:O-D001-2026Q1-C0449
tenant-demo,D001,经销商01,O-D001-2026Q2-C0449,D001-C0449,2026-06-20,2026Q2,false,35835.82,桂中,erp:order:O-D001-2026Q2-C0449
tenant-demo,D001,经销商01,O-D001-2026Q1-C0450,D001-C0450,2026-03-19,2026Q1,true,33685.82,桂中,erp:order:O-D001-2026Q1-C0450
tenant-demo,D001,经销商01,O-D001-2026Q2-C0450,D001-C0450,2026-05-03,2026Q2,true,46755.32,桂中,erp:order:O-D001-2026Q2-C0450
tenant-demo,D001,经销商01,O-D001-2026Q1-C0451,D001-C0451,2026-03-11,2026Q1,true,32495.1,桂中,erp:order:O-D001-2026Q1-C0451
tenant-demo,D001,经销商01,O-D001-2026Q2-C0451,D001-C0451,2026-06-02,2026Q2,false,31506.07,桂中,erp:order:O-D001-2026Q2-C0451
tenant-demo,D001,经销商01,O-D001-2026Q1-C0452,D001-C0452,2026-01-20,2026Q1,true,13458.38,桂中,erp:order:O-D001-2026Q1-C0452
tenant-demo,D001,经销商01,O-D001-2026Q2-C0452,D001-C0452,2026-04-04,2026Q2,false,10234.92,桂中,erp:order:O-D001-2026Q2-C0452
tenant-demo,D001,经销商01,O-D001-2026Q1-C0453,D001-C0453,2026-02-25,2026Q1,true,29979.23,桂中,erp:order:O-D001-2026Q1-C0453
tenant-demo,D001,经销商01,O-D001-2026Q2-C0453,D001-C0453,2026-04-18,2026Q2,false,40309.1,桂中,erp:order:O-D001-2026Q2-C0453
tenant-demo,D001,经销商01,O-D001-2026Q1-C0454,D001-C0454,2026-01-03,2026Q1,false,11758.22,桂中,erp:order:O-D001-2026Q1-C0454
tenant-demo,D001,经销商01,O-D001-2026Q2-C0454,D001-C0454,2026-06-27,2026Q2,false,27666.81,桂中,erp:order:O-D001-2026Q2-C0454
tenant-demo,D001,经销商01,O-D001-2026Q1-C0455,D001-C0455,2026-02-20,2026Q1,false,30322.1,桂中,erp:order:O-D001-2026Q1-C0455
tenant-demo,D001,经销商01,O-D001-2026Q2-C0455,D001-C0455,2026-06-26,2026Q2,false,11061.35,桂中,erp:order:O-D001-2026Q2-C0455
tenant-demo,D001,经销商01,O-D001-2026Q1-C0456,D001-C0456,2026-03-09,2026Q1,false,16165.41,桂中,erp:order:O-D001-2026Q1-C0456
tenant-demo,D001,经销商01,O-D001-2026Q2-C0456,D001-C0456,2026-04-14,2026Q2,false,7558.47,桂中,erp:order:O-D001-2026Q2-C0456
tenant-demo,D001,经销商01,O-D001-2026Q1-C0457,D001-C0457,2026-02-27,2026Q1,true,32491.33,桂中,erp:order:O-D001-2026Q1-C0457
tenant-demo,D001,经销商01,O-D001-2026Q2-C0457,D001-C0457,2026-05-27,2026Q2,true,26357.57,桂中,erp:order:O-D001-2026Q2-C0457
tenant-demo,D001,经销商01,O-D001-2026Q1-C0458,D001-C0458,2026-01-07,2026Q1,true,41409.6,桂中,erp:order:O-D001-2026Q1-C0458
tenant-demo,D001,经销商01,O-D001-2026Q2-C0458,D001-C0458,2026-04-21,2026Q2,false,39551.01,桂中,erp:order:O-D001-2026Q2-C0458
tenant-demo,D001,经销商01,O-D001-2026Q1-C0459,D001-C0459,2026-02-28,2026Q1,false,49147.7,桂中,erp:order:O-D001-2026Q1-C0459
tenant-demo,D001,经销商01,O-D001-2026Q2-C0459,D001-C0459,2026-05-17,2026Q2,false,23654.17,桂中,erp:order:O-D001-2026Q2-C0459
tenant-demo,D001,经销商01,O-D001-2026Q1-C0460,D001-C0460,2026-01-26,2026Q1,false,45987.71,桂中,erp:order:O-D001-2026Q1-C0460
tenant-demo,D001,经销商01,O-D001-2026Q2-C0460,D001-C0460,2026-04-12,2026Q2,true,15169.58,桂中,erp:order:O-D001-2026Q2-C0460
tenant-demo,D001,经销商01,O-D001-2026Q1-C0461,D001-C0461,2026-02-11,2026Q1,false,8015.3,桂中,erp:order:O-D001-2026Q1-C0461
tenant-demo,D001,经销商01,O-D001-2026Q2-C0461,D001-C0461,2026-04-09,2026Q2,false,41637.12,桂中,erp:order:O-D001-2026Q2-C0461
tenant-demo,D001,经销商01,O-D001-2026Q1-C0462,D001-C0462,2026-03-17,2026Q1,true,11974.55,桂中,erp:order:O-D001-2026Q1-C0462
tenant-demo,D001,经销商01,O-D001-2026Q2-C0462,D001-C0462,2026-05-22,2026Q2,true,22164.75,桂中,erp:order:O-D001-2026Q2-C0462
tenant-demo,D001,经销商01,O-D001-2026Q1-C0463,D001-C0463,2026-03-01,2026Q1,true,37952.11,桂中,erp:order:O-D001-2026Q1-C0463
tenant-demo,D001,经销商01,O-D001-2026Q2-C0463,D001-C0463,2026-05-25,2026Q2,false,26247.52,桂中,erp:order:O-D001-2026Q2-C0463
tenant-demo,D001,经销商01,O-D001-2026Q1-C0464,D001-C0464,2026-02-07,2026Q1,false,40686.16,桂中,erp:order:O-D001-2026Q1-C0464
tenant-demo,D001,经销商01,O-D001-2026Q2-C0464,D001-C0464,2026-06-21,2026Q2,false,40920.0,桂中,erp:order:O-D001-2026Q2-C0464
tenant-demo,D001,经销商01,O-D001-2026Q1-C0465,D001-C0465,2026-01-26,2026Q1,true,22124.71,桂中,erp:order:O-D001-2026Q1-C0465
tenant-demo,D001,经销商01,O-D001-2026Q2-C0465,D001-C0465,2026-05-18,2026Q2,true,39567.41,桂中,erp:order:O-D001-2026Q2-C0465
tenant-demo,D001,经销商01,O-D001-2026Q1-C0466,D001-C0466,2026-01-08,2026Q1,false,43925.01,桂中,erp:order:O-D001-2026Q1-C0466
tenant-demo,D001,经销商01,O-D001-2026Q2-C0466,D001-C0466,2026-06-04,2026Q2,true,43572.01,桂中,erp:order:O-D001-2026Q2-C0466
tenant-demo,D001,经销商01,O-D001-2026Q1-C0467,D001-C0467,2026-03-20,2026Q1,false,44875.72,桂中,erp:order:O-D001-2026Q1-C0467
tenant-demo,D001,经销商01,O-D001-2026Q2-C0467,D001-C0467,2026-06-11,2026Q2,false,24626.96,桂中,erp:order:O-D001-2026Q2-C0467
tenant-demo,D001,经销商01,O-D001-2026Q1-C0468,D001-C0468,2026-01-16,2026Q1,true,9426.07,桂中,erp:order:O-D001-2026Q1-C0468
tenant-demo,D001,经销商01,O-D001-2026Q2-C0468,D001-C0468,2026-04-16,2026Q2,false,30872.39,桂中,erp:order:O-D001-2026Q2-C0468
tenant-demo,D001,经销商01,O-D001-2026Q1-C0469,D001-C0469,2026-03-20,2026Q1,true,21131.96,桂中,erp:order:O-D001-2026Q1-C0469
tenant-demo,D001,经销商01,O-D001-2026Q2-C0469,D001-C0469,2026-06-14,2026Q2,false,33552.93,桂中,erp:order:O-D001-2026Q2-C0469
tenant-demo,D001,经销商01,O-D001-2026Q1-C0470,D001-C0470,2026-02-27,2026Q1,true,23014.82,桂中,erp:order:O-D001-2026Q1-C0470
tenant-demo,D001,经销商01,O-D001-2026Q2-C0470,D001-C0470,2026-06-13,2026Q2,false,38969.32,桂中,erp:order:O-D001-2026Q2-C0470
tenant-demo,D001,经销商01,O-D001-2026Q1-C0471,D001-C0471,2026-01-14,2026Q1,false,47540.74,桂中,erp:order:O-D001-2026Q1-C0471
tenant-demo,D001,经销商01,O-D001-2026Q2-C0471,D001-C0471,2026-05-13,2026Q2,true,10724.16,桂中,erp:order:O-D001-2026Q2-C0471
tenant-demo,D001,经销商01,O-D001-2026Q1-C0472,D001-C0472,2026-03-04,2026Q1,true,32731.47,桂中,erp:order:O-D001-2026Q1-C0472
tenant-demo,D001,经销商01,O-D001-2026Q2-C0472,D001-C0472,2026-05-16,2026Q2,true,14070.49,桂中,erp:order:O-D001-2026Q2-C0472
tenant-demo,D001,经销商01,O-D001-2026Q1-C0473,D001-C0473,2026-02-17,2026Q1,false,31794.13,桂中,erp:order:O-D001-2026Q1-C0473
tenant-demo,D001,经销商01,O-D001-2026Q2-C0473,D001-C0473,2026-04-11,2026Q2,false,42345.02,桂中,erp:order:O-D001-2026Q2-C0473
tenant-demo,D001,经销商01,O-D001-2026Q1-C0474,D001-C0474,2026-01-18,2026Q1,false,40217.87,桂中,erp:order:O-D001-2026Q1-C0474
tenant-demo,D001,经销商01,O-D001-2026Q2-C0474,D001-C0474,2026-05-22,2026Q2,false,37139.06,桂中,erp:order:O-D001-2026Q2-C0474
tenant-demo,D001,经销商01,O-D001-2026Q1-C0475,D001-C0475,2026-01-18,2026Q1,false,45593.41,桂中,erp:order:O-D001-2026Q1-C0475
tenant-demo,D001,经销商01,O-D001-2026Q2-C0475,D001-C0475,2026-04-25,2026Q2,false,34746.75,桂中,erp:order:O-D001-2026Q2-C0475
tenant-demo,D001,经销商01,O-D001-2026Q1-C0476,D001-C0476,2026-02-25,2026Q1,false,21683.91,桂中,erp:order:O-D001-2026Q1-C0476
tenant-demo,D001,经销商01,O-D001-2026Q2-C0476,D001-C0476,2026-04-26,2026Q2,false,9262.44,桂中,erp:order:O-D001-2026Q2-C0476
tenant-demo,D001,经销商01,O-D001-2026Q1-C0477,D001-C0477,2026-03-13,2026Q1,true,8810.16,桂中,erp:order:O-D001-2026Q1-C0477
tenant-demo,D001,经销商01,O-D001-2026Q2-C0477,D001-C0477,2026-06-24,2026Q2,true,6255.07,桂中,erp:order:O-D001-2026Q2-C0477
tenant-demo,D001,经销商01,O-D001-2026Q1-C0478,D001-C0478,2026-03-13,2026Q1,true,10847.58,桂中,erp:order:O-D001-2026Q1-C0478
tenant-demo,D001,经销商01,O-D001-2026Q2-C0478,D001-C0478,2026-04-17,2026Q2,false,27138.36,桂中,erp:order:O-D001-2026Q2-C0478
tenant-demo,D001,经销商01,O-D001-2026Q1-C0479,D001-C0479,2026-01-14,2026Q1,false,6266.44,桂中,erp:order:O-D001-2026Q1-C0479
tenant-demo,D001,经销商01,O-D001-2026Q2-C0479,D001-C0479,2026-04-22,2026Q2,true,32032.36,桂中,erp:order:O-D001-2026Q2-C0479
tenant-demo,D001,经销商01,O-D001-2026Q1-C0480,D001-C0480,2026-02-03,2026Q1,false,6785.15,桂中,erp:order:O-D001-2026Q1-C0480
tenant-demo,D001,经销商01,O-D001-2026Q2-C0480,D001-C0480,2026-04-12,2026Q2,false,18212.13,桂中,erp:order:O-D001-2026Q2-C0480
tenant-demo,D001,经销商01,O-D001-2026Q1-C0481,D001-C0481,2026-01-03,2026Q1,false,39623.57,桂中,erp:order:O-D001-2026Q1-C0481
tenant-demo,D001,经销商01,O-D001-2026Q2-C0481,D001-C0481,2026-06-10,2026Q2,true,42249.72,桂中,erp:order:O-D001-2026Q2-C0481
tenant-demo,D001,经销商01,O-D001-2026Q1-C0482,D001-C0482,2026-01-18,2026Q1,true,20949.52,桂中,erp:order:O-D001-2026Q1-C0482
tenant-demo,D001,经销商01,O-D001-2026Q2-C0482,D001-C0482,2026-05-28,2026Q2,false,26176.61,桂中,erp:order:O-D001-2026Q2-C0482
tenant-demo,D001,经销商01,O-D001-2026Q1-C0483,D001-C0483,2026-01-21,2026Q1,false,19710.26,桂中,erp:order:O-D001-2026Q1-C0483
tenant-demo,D001,经销商01,O-D001-2026Q2-C0483,D001-C0483,2026-06-08,2026Q2,false,20983.66,桂中,erp:order:O-D001-2026Q2-C0483
tenant-demo,D001,经销商01,O-D001-2026Q1-C0484,D001-C0484,2026-01-08,2026Q1,false,19729.75,桂中,erp:order:O-D001-2026Q1-C0484
tenant-demo,D001,经销商01,O-D001-2026Q2-C0484,D001-C0484,2026-06-07,2026Q2,false,33547.46,桂中,erp:order:O-D001-2026Q2-C0484
tenant-demo,D001,经销商01,O-D001-2026Q1-C0485,D001-C0485,2026-02-27,2026Q1,true,18985.46,桂中,erp:order:O-D001-2026Q1-C0485
tenant-demo,D001,经销商01,O-D001-2026Q2-C0485,D001-C0485,2026-06-10,2026Q2,false,29133.7,桂中,erp:order:O-D001-2026Q2-C0485
tenant-demo,D001,经销商01,O-D001-2026Q1-C0486,D001-C0486,2026-03-16,2026Q1,true,31451.43,桂中,erp:order:O-D001-2026Q1-C0486
tenant-demo,D001,经销商01,O-D001-2026Q2-C0486,D001-C0486,2026-06-26,2026Q2,true,16372.57,桂中,erp:order:O-D001-2026Q2-C0486
tenant-demo,D001,经销商01,O-D001-2026Q1-C0487,D001-C0487,2026-01-28,2026Q1,false,15359.03,桂中,erp:order:O-D001-2026Q1-C0487
tenant-demo,D001,经销商01,O-D001-2026Q2-C0487,D001-C0487,2026-05-13,2026Q2,true,12255.59,桂中,erp:order:O-D001-2026Q2-C0487
tenant-demo,D001,经销商01,O-D001-2026Q1-C0488,D001-C0488,2026-01-27,2026Q1,false,14115.92,桂中,erp:order:O-D001-2026Q1-C0488
tenant-demo,D001,经销商01,O-D001-2026Q2-C0488,D001-C0488,2026-06-03,2026Q2,true,29893.08,桂中,erp:order:O-D001-2026Q2-C0488
tenant-demo,D001,经销商01,O-D001-2026Q1-C0489,D001-C0489,2026-03-07,2026Q1,false,19228.77,桂中,erp:order:O-D001-2026Q1-C0489
tenant-demo,D001,经销商01,O-D001-2026Q2-C0489,D001-C0489,2026-05-07,2026Q2,true,12124.82,桂中,erp:order:O-D001-2026Q2-C0489
tenant-demo,D001,经销商01,O-D001-2026Q1-C0490,D001-C0490,2026-01-23,2026Q1,true,23032.44,桂中,erp:order:O-D001-2026Q1-C0490
tenant-demo,D001,经销商01,O-D001-2026Q2-C0490,D001-C0490,2026-04-24,2026Q2,false,45342.03,桂中,erp:order:O-D001-2026Q2-C0490
tenant-demo,D001,经销商01,O-D001-2026Q1-C0491,D001-C0491,2026-03-26,2026Q1,true,33676.53,桂中,erp:order:O-D001-2026Q1-C0491
tenant-demo,D001,经销商01,O-D001-2026Q2-C0491,D001-C0491,2026-05-03,2026Q2,false,34326.49,桂中,erp:order:O-D001-2026Q2-C0491
tenant-demo,D001,经销商01,O-D001-2026Q1-C0492,D001-C0492,2026-01-04,2026Q1,true,8085.14,桂中,erp:order:O-D001-2026Q1-C0492
tenant-demo,D001,经销商01,O-D001-2026Q2-C0492,D001-C0492,2026-06-27,2026Q2,false,28561.06,桂中,erp:order:O-D001-2026Q2-C0492
tenant-demo,D001,经销商01,O-D001-2026Q1-C0493,D001-C0493,2026-01-20,2026Q1,false,30025.71,桂中,erp:order:O-D001-2026Q1-C0493
tenant-demo,D001,经销商01,O-D001-2026Q2-C0493,D001-C0493,2026-05-14,2026Q2,false,47883.16,桂中,erp:order:O-D001-2026Q2-C0493
tenant-demo,D001,经销商01,O-D001-2026Q1-C0494,D001-C0494,2026-01-01,2026Q1,true,29315.47,桂中,erp:order:O-D001-2026Q1-C0494
tenant-demo,D001,经销商01,O-D001-2026Q2-C0494,D001-C0494,2026-04-17,2026Q2,true,15952.51,桂中,erp:order:O-D001-2026Q2-C0494
tenant-demo,D001,经销商01,O-D001-2026Q1-C0495,D001-C0495,2026-02-09,2026Q1,false,32290.42,桂中,erp:order:O-D001-2026Q1-C0495
tenant-demo,D001,经销商01,O-D001-2026Q2-C0495,D001-C0495,2026-05-10,2026Q2,true,46423.26,桂中,erp:order:O-D001-2026Q2-C0495
tenant-demo,D001,经销商01,O-D001-2026Q1-C0496,D001-C0496,2026-01-21,2026Q1,true,7138.64,桂中,erp:order:O-D001-2026Q1-C0496
tenant-demo,D001,经销商01,O-D001-2026Q2-C0496,D001-C0496,2026-05-02,2026Q2,false,40143.83,桂中,erp:order:O-D001-2026Q2-C0496
tenant-demo,D001,经销商01,O-D001-2026Q1-C0497,D001-C0497,2026-02-15,2026Q1,true,14282.78,桂中,erp:order:O-D001-2026Q1-C0497
tenant-demo,D001,经销商01,O-D001-2026Q2-C0497,D001-C0497,2026-04-08,2026Q2,true,34780.0,桂中,erp:order:O-D001-2026Q2-C0497
tenant-demo,D001,经销商01,O-D001-2026Q1-C0498,D001-C0498,2026-01-07,2026Q1,false,35284.76,桂中,erp:order:O-D001-2026Q1-C0498
tenant-demo,D001,经销商01,O-D001-2026Q2-C0498,D001-C0498,2026-06-05,2026Q2,false,6355.67,桂中,erp:order:O-D001-2026Q2-C0498
tenant-demo,D001,经销商01,O-D001-2026Q1-C0499,D001-C0499,2026-03-22,2026Q1,true,33043.16,桂中,erp:order:O-D001-2026Q1-C0499
tenant-demo,D001,经销商01,O-D001-2026Q2-C0499,D001-C0499,2026-05-24,2026Q2,false,48833.63,桂中,erp:order:O-D001-2026Q2-C0499
tenant-demo,D001,经销商01,O-D001-2026Q1-C0500,D001-C0500,2026-01-27,2026Q1,false,6294.39,桂中,erp:order:O-D001-2026Q1-C0500
tenant-demo,D001,经销商01,O-D001-2026Q2-C0500,D001-C0500,2026-06-01,2026Q2,false,26384.77,桂中,erp:order:O-D001-2026Q2-C0500
tenant-demo,D002,经销商02,O-D002-2026Q1-C0001,D002-C0001,2026-03-02,2026Q1,false,8650.81,桂中,erp:order:O-D002-2026Q1-C0001
tenant-demo,D002,经销商02,O-D002-2026Q2-C0001,D002-C0001,2026-06-24,2026Q2,false,39963.25,桂中,erp:order:O-D002-2026Q2-C0001
tenant-demo,D002,经销商02,O-D002-2026Q1-C0002,D002-C0002,2026-01-03,2026Q1,false,26146.34,桂中,erp:order:O-D002-2026Q1-C0002
tenant-demo,D002,经销商02,O-D002-2026Q2-C0002,D002-C0002,2026-04-06,2026Q2,false,5367.29,桂中,erp:order:O-D002-2026Q2-C0002
tenant-demo,D002,经销商02,O-D002-2026Q1-C0003,D002-C0003,2026-03-15,2026Q1,false,17535.81,桂中,erp:order:O-D002-2026Q1-C0003
tenant-demo,D002,经销商02,O-D002-2026Q2-C0003,D002-C0003,2026-06-17,2026Q2,true,23101.58,桂中,erp:order:O-D002-2026Q2-C0003
tenant-demo,D002,经销商02,O-D002-2026Q1-C0004,D002-C0004,2026-03-09,2026Q1,false,17210.17,桂中,erp:order:O-D002-2026Q1-C0004
tenant-demo,D002,经销商02,O-D002-2026Q2-C0004,D002-C0004,2026-04-23,2026Q2,false,30056.0,桂中,erp:order:O-D002-2026Q2-C0004
tenant-demo,D002,经销商02,O-D002-2026Q1-C0005,D002-C0005,2026-01-03,2026Q1,true,22788.12,桂中,erp:order:O-D002-2026Q1-C0005
tenant-demo,D002,经销商02,O-D002-2026Q2-C0005,D002-C0005,2026-05-05,2026Q2,false,37698.15,桂中,erp:order:O-D002-2026Q2-C0005
tenant-demo,D002,经销商02,O-D002-2026Q1-C0006,D002-C0006,2026-01-21,2026Q1,false,35864.91,桂中,erp:order:O-D002-2026Q1-C0006
tenant-demo,D002,经销商02,O-D002-2026Q2-C0006,D002-C0006,2026-06-02,2026Q2,false,36804.65,桂中,erp:order:O-D002-2026Q2-C0006
tenant-demo,D002,经销商02,O-D002-2026Q1-C0007,D002-C0007,2026-03-28,2026Q1,false,18068.49,桂中,erp:order:O-D002-2026Q1-C0007
tenant-demo,D002,经销商02,O-D002-2026Q2-C0007,D002-C0007,2026-04-23,2026Q2,false,46880.95,桂中,erp:order:O-D002-2026Q2-C0007
tenant-demo,D002,经销商02,O-D002-2026Q1-C0008,D002-C0008,2026-02-19,2026Q1,true,32938.52,桂中,erp:order:O-D002-2026Q1-C0008
tenant-demo,D002,经销商02,O-D002-2026Q2-C0008,D002-C0008,2026-06-11,2026Q2,false,5451.51,桂中,erp:order:O-D002-2026Q2-C0008
tenant-demo,D002,经销商02,O-D002-2026Q1-C0009,D002-C0009,2026-03-26,2026Q1,true,46384.9,桂中,erp:order:O-D002-2026Q1-C0009
tenant-demo,D002,经销商02,O-D002-2026Q2-C0009,D002-C0009,2026-06-02,2026Q2,true,22641.58,桂中,erp:order:O-D002-2026Q2-C0009
tenant-demo,D002,经销商02,O-D002-2026Q1-C0010,D002-C0010,2026-03-15,2026Q1,true,31269.96,桂中,erp:order:O-D002-2026Q1-C0010
tenant-demo,D002,经销商02,O-D002-2026Q2-C0010,D002-C0010,2026-06-21,2026Q2,false,43443.5,桂中,erp:order:O-D002-2026Q2-C0010
tenant-demo,D002,经销商02,O-D002-2026Q1-C0011,D002-C0011,2026-02-24,2026Q1,false,9380.69,桂中,erp:order:O-D002-2026Q1-C0011
tenant-demo,D002,经销商02,O-D002-2026Q2-C0011,D002-C0011,2026-06-01,2026Q2,true,10547.69,桂中,erp:order:O-D002-2026Q2-C0011
tenant-demo,D002,经销商02,O-D002-2026Q1-C0012,D002-C0012,2026-03-20,2026Q1,true,5517.83,桂中,erp:order:O-D002-2026Q1-C0012
tenant-demo,D002,经销商02,O-D002-2026Q2-C0012,D002-C0012,2026-05-06,2026Q2,true,23380.49,桂中,erp:order:O-D002-2026Q2-C0012
tenant-demo,D002,经销商02,O-D002-2026Q1-C0013,D002-C0013,2026-01-05,2026Q1,true,23202.6,桂中,erp:order:O-D002-2026Q1-C0013
tenant-demo,D002,经销商02,O-D002-2026Q2-C0013,D002-C0013,2026-05-17,2026Q2,true,46778.17,桂中,erp:order:O-D002-2026Q2-C0013
tenant-demo,D002,经销商02,O-D002-2026Q1-C0014,D002-C0014,2026-02-27,2026Q1,true,36551.9,桂中,erp:order:O-D002-2026Q1-C0014
tenant-demo,D002,经销商02,O-D002-2026Q2-C0014,D002-C0014,2026-06-16,2026Q2,false,34040.62,桂中,erp:order:O-D002-2026Q2-C0014
tenant-demo,D002,经销商02,O-D002-2026Q1-C0015,D002-C0015,2026-03-26,2026Q1,true,37538.21,桂中,erp:order:O-D002-2026Q1-C0015
tenant-demo,D002,经销商02,O-D002-2026Q2-C0015,D002-C0015,2026-05-24,2026Q2,false,48952.76,桂中,erp:order:O-D002-2026Q2-C0015
tenant-demo,D002,经销商02,O-D002-2026Q1-C0016,D002-C0016,2026-02-18,2026Q1,true,35570.69,桂中,erp:order:O-D002-2026Q1-C0016
tenant-demo,D002,经销商02,O-D002-2026Q2-C0016,D002-C0016,2026-05-05,2026Q2,false,47311.49,桂中,erp:order:O-D002-2026Q2-C0016
tenant-demo,D002,经销商02,O-D002-2026Q1-C0017,D002-C0017,2026-02-13,2026Q1,false,19579.74,桂中,erp:order:O-D002-2026Q1-C0017
tenant-demo,D002,经销商02,O-D002-2026Q2-C0017,D002-C0017,2026-06-22,2026Q2,false,30982.72,桂中,erp:order:O-D002-2026Q2-C0017
tenant-demo,D002,经销商02,O-D002-2026Q1-C0018,D002-C0018,2026-03-03,2026Q1,true,10652.45,桂中,erp:order:O-D002-2026Q1-C0018
tenant-demo,D002,经销商02,O-D002-2026Q2-C0018,D002-C0018,2026-06-13,2026Q2,true,32232.82,桂中,erp:order:O-D002-2026Q2-C0018
tenant-demo,D002,经销商02,O-D002-2026Q1-C0019,D002-C0019,2026-02-24,2026Q1,true,16722.4,桂中,erp:order:O-D002-2026Q1-C0019
tenant-demo,D002,经销商02,O-D002-2026Q2-C0019,D002-C0019,2026-06-24,2026Q2,false,6508.45,桂中,erp:order:O-D002-2026Q2-C0019
tenant-demo,D002,经销商02,O-D002-2026Q1-C0020,D002-C0020,2026-03-09,2026Q1,false,18080.13,桂中,erp:order:O-D002-2026Q1-C0020
tenant-demo,D002,经销商02,O-D002-2026Q2-C0020,D002-C0020,2026-04-09,2026Q2,true,22469.79,桂中,erp:order:O-D002-2026Q2-C0020
tenant-demo,D002,经销商02,O-D002-2026Q1-C0021,D002-C0021,2026-01-27,2026Q1,true,48447.31,桂中,erp:order:O-D002-2026Q1-C0021
tenant-demo,D002,经销商02,O-D002-2026Q2-C0021,D002-C0021,2026-04-15,2026Q2,true,35231.24,桂中,erp:order:O-D002-2026Q2-C0021
tenant-demo,D002,经销商02,O-D002-2026Q1-C0022,D002-C0022,2026-02-08,2026Q1,true,47601.4,桂中,erp:order:O-D002-2026Q1-C0022
tenant-demo,D002,经销商02,O-D002-2026Q2-C0022,D002-C0022,2026-04-08,2026Q2,false,40210.62,桂中,erp:order:O-D002-2026Q2-C0022
tenant-demo,D002,经销商02,O-D002-2026Q1-C0023,D002-C0023,2026-01-24,2026Q1,true,8596.94,桂中,erp:order:O-D002-2026Q1-C0023
tenant-demo,D002,经销商02,O-D002-2026Q2-C0023,D002-C0023,2026-06-04,2026Q2,false,6684.97,桂中,erp:order:O-D002-2026Q2-C0023
tenant-demo,D002,经销商02,O-D002-2026Q1-C0024,D002-C0024,2026-02-05,2026Q1,false,6971.95,桂中,erp:order:O-D002-2026Q1-C0024
tenant-demo,D002,经销商02,O-D002-2026Q2-C0024,D002-C0024,2026-04-02,2026Q2,false,41681.38,桂中,erp:order:O-D002-2026Q2-C0024
tenant-demo,D002,经销商02,O-D002-2026Q1-C0025,D002-C0025,2026-02-26,2026Q1,false,42918.14,桂中,erp:order:O-D002-2026Q1-C0025
tenant-demo,D002,经销商02,O-D002-2026Q2-C0025,D002-C0025,2026-04-06,2026Q2,false,32636.5,桂中,erp:order:O-D002-2026Q2-C0025
tenant-demo,D002,经销商02,O-D002-2026Q1-C0026,D002-C0026,2026-02-28,2026Q1,false,29133.65,桂中,erp:order:O-D002-2026Q1-C0026
tenant-demo,D002,经销商02,O-D002-2026Q2-C0026,D002-C0026,2026-05-27,2026Q2,false,47507.5,桂中,erp:order:O-D002-2026Q2-C0026
tenant-demo,D002,经销商02,O-D002-2026Q1-C0027,D002-C0027,2026-03-26,2026Q1,true,32213.67,桂中,erp:order:O-D002-2026Q1-C0027
tenant-demo,D002,经销商02,O-D002-2026Q2-C0027,D002-C0027,2026-06-06,2026Q2,true,40876.3,桂中,erp:order:O-D002-2026Q2-C0027
tenant-demo,D002,经销商02,O-D002-2026Q1-C0028,D002-C0028,2026-01-21,2026Q1,false,19668.96,桂中,erp:order:O-D002-2026Q1-C0028
tenant-demo,D002,经销商02,O-D002-2026Q2-C0028,D002-C0028,2026-04-01,2026Q2,true,41384.67,桂中,erp:order:O-D002-2026Q2-C0028
tenant-demo,D002,经销商02,O-D002-2026Q1-C0029,D002-C0029,2026-02-04,2026Q1,false,41367.76,桂中,erp:order:O-D002-2026Q1-C0029
tenant-demo,D002,经销商02,O-D002-2026Q2-C0029,D002-C0029,2026-04-28,2026Q2,false,25276.57,桂中,erp:order:O-D002-2026Q2-C0029
tenant-demo,D002,经销商02,O-D002-2026Q1-C0030,D002-C0030,2026-03-09,2026Q1,false,34823.54,桂中,erp:order:O-D002-2026Q1-C0030
tenant-demo,D002,经销商02,O-D002-2026Q2-C0030,D002-C0030,2026-06-20,2026Q2,true,29693.34,桂中,erp:order:O-D002-2026Q2-C0030
tenant-demo,D002,经销商02,O-D002-2026Q1-C0031,D002-C0031,2026-02-15,2026Q1,false,47602.8,桂中,erp:order:O-D002-2026Q1-C0031
tenant-demo,D002,经销商02,O-D002-2026Q2-C0031,D002-C0031,2026-06-08,2026Q2,false,22244.96,桂中,erp:order:O-D002-2026Q2-C0031
tenant-demo,D002,经销商02,O-D002-2026Q1-C0032,D002-C0032,2026-03-25,2026Q1,true,18776.84,桂中,erp:order:O-D002-2026Q1-C0032
tenant-demo,D002,经销商02,O-D002-2026Q2-C0032,D002-C0032,2026-06-24,2026Q2,false,10653.2,桂中,erp:order:O-D002-2026Q2-C0032
tenant-demo,D002,经销商02,O-D002-2026Q1-C0033,D002-C0033,2026-02-28,2026Q1,true,47251.16,桂中,erp:order:O-D002-2026Q1-C0033
tenant-demo,D002,经销商02,O-D002-2026Q2-C0033,D002-C0033,2026-04-14,2026Q2,false,36922.93,桂中,erp:order:O-D002-2026Q2-C0033
tenant-demo,D002,经销商02,O-D002-2026Q1-C0034,D002-C0034,2026-01-09,2026Q1,true,41521.29,桂中,erp:order:O-D002-2026Q1-C0034
tenant-demo,D002,经销商02,O-D002-2026Q2-C0034,D002-C0034,2026-05-25,2026Q2,false,10122.8,桂中,erp:order:O-D002-2026Q2-C0034
tenant-demo,D002,经销商02,O-D002-2026Q1-C0035,D002-C0035,2026-02-20,2026Q1,false,41988.67,桂中,erp:order:O-D002-2026Q1-C0035
tenant-demo,D002,经销商02,O-D002-2026Q2-C0035,D002-C0035,2026-04-20,2026Q2,true,11339.12,桂中,erp:order:O-D002-2026Q2-C0035
tenant-demo,D002,经销商02,O-D002-2026Q1-C0036,D002-C0036,2026-03-27,2026Q1,false,5334.58,桂中,erp:order:O-D002-2026Q1-C0036
tenant-demo,D002,经销商02,O-D002-2026Q2-C0036,D002-C0036,2026-06-05,2026Q2,false,26712.12,桂中,erp:order:O-D002-2026Q2-C0036
tenant-demo,D002,经销商02,O-D002-2026Q1-C0037,D002-C0037,2026-02-14,2026Q1,false,23378.22,桂中,erp:order:O-D002-2026Q1-C0037
tenant-demo,D002,经销商02,O-D002-2026Q2-C0037,D002-C0037,2026-05-04,2026Q2,false,45501.77,桂中,erp:order:O-D002-2026Q2-C0037
tenant-demo,D002,经销商02,O-D002-2026Q1-C0038,D002-C0038,2026-03-10,2026Q1,false,16264.71,桂中,erp:order:O-D002-2026Q1-C0038
tenant-demo,D002,经销商02,O-D002-2026Q2-C0038,D002-C0038,2026-05-07,2026Q2,true,37287.07,桂中,erp:order:O-D002-2026Q2-C0038
tenant-demo,D002,经销商02,O-D002-2026Q1-C0039,D002-C0039,2026-01-27,2026Q1,true,48965.22,桂中,erp:order:O-D002-2026Q1-C0039
tenant-demo,D002,经销商02,O-D002-2026Q2-C0039,D002-C0039,2026-05-12,2026Q2,true,38105.24,桂中,erp:order:O-D002-2026Q2-C0039
tenant-demo,D002,经销商02,O-D002-2026Q1-C0040,D002-C0040,2026-01-16,2026Q1,false,16539.05,桂中,erp:order:O-D002-2026Q1-C0040
tenant-demo,D002,经销商02,O-D002-2026Q2-C0040,D002-C0040,2026-04-14,2026Q2,false,39750.82,桂中,erp:order:O-D002-2026Q2-C0040
tenant-demo,D002,经销商02,O-D002-2026Q1-C0041,D002-C0041,2026-01-17,2026Q1,false,39411.2,桂中,erp:order:O-D002-2026Q1-C0041
tenant-demo,D002,经销商02,O-D002-2026Q2-C0041,D002-C0041,2026-05-04,2026Q2,true,40978.32,桂中,erp:order:O-D002-2026Q2-C0041
tenant-demo,D002,经销商02,O-D002-2026Q1-C0042,D002-C0042,2026-02-13,2026Q1,true,14866.12,桂中,erp:order:O-D002-2026Q1-C0042
tenant-demo,D002,经销商02,O-D002-2026Q2-C0042,D002-C0042,2026-06-15,2026Q2,true,11399.3,桂中,erp:order:O-D002-2026Q2-C0042
tenant-demo,D002,经销商02,O-D002-2026Q1-C0043,D002-C0043,2026-03-26,2026Q1,false,42040.81,桂中,erp:order:O-D002-2026Q1-C0043
tenant-demo,D002,经销商02,O-D002-2026Q2-C0043,D002-C0043,2026-04-09,2026Q2,true,14739.26,桂中,erp:order:O-D002-2026Q2-C0043
tenant-demo,D002,经销商02,O-D002-2026Q1-C0044,D002-C0044,2026-03-11,2026Q1,true,21456.33,桂中,erp:order:O-D002-2026Q1-C0044
tenant-demo,D002,经销商02,O-D002-2026Q2-C0044,D002-C0044,2026-05-19,2026Q2,false,20630.43,桂中,erp:order:O-D002-2026Q2-C0044
tenant-demo,D002,经销商02,O-D002-2026Q1-C0045,D002-C0045,2026-01-08,2026Q1,false,38967.11,桂中,erp:order:O-D002-2026Q1-C0045
tenant-demo,D002,经销商02,O-D002-2026Q2-C0045,D002-C0045,2026-05-25,2026Q2,false,16576.66,桂中,erp:order:O-D002-2026Q2-C0045
tenant-demo,D002,经销商02,O-D002-2026Q1-C0046,D002-C0046,2026-01-11,2026Q1,true,31818.25,桂中,erp:order:O-D002-2026Q1-C0046
tenant-demo,D002,经销商02,O-D002-2026Q2-C0046,D002-C0046,2026-04-23,2026Q2,false,5755.05,桂中,erp:order:O-D002-2026Q2-C0046
tenant-demo,D002,经销商02,O-D002-2026Q1-C0047,D002-C0047,2026-03-08,2026Q1,true,14039.96,桂中,erp:order:O-D002-2026Q1-C0047
tenant-demo,D002,经销商02,O-D002-2026Q2-C0047,D002-C0047,2026-06-12,2026Q2,false,8287.9,桂中,erp:order:O-D002-2026Q2-C0047
tenant-demo,D002,经销商02,O-D002-2026Q1-C0048,D002-C0048,2026-02-25,2026Q1,false,35968.68,桂中,erp:order:O-D002-2026Q1-C0048
tenant-demo,D002,经销商02,O-D002-2026Q2-C0048,D002-C0048,2026-04-04,2026Q2,false,41572.03,桂中,erp:order:O-D002-2026Q2-C0048
tenant-demo,D002,经销商02,O-D002-2026Q1-C0049,D002-C0049,2026-02-11,2026Q1,false,48300.01,桂中,erp:order:O-D002-2026Q1-C0049
tenant-demo,D002,经销商02,O-D002-2026Q2-C0049,D002-C0049,2026-06-26,2026Q2,true,30792.82,桂中,erp:order:O-D002-2026Q2-C0049
tenant-demo,D002,经销商02,O-D002-2026Q1-C0050,D002-C0050,2026-03-26,2026Q1,false,23467.29,桂中,erp:order:O-D002-2026Q1-C0050
tenant-demo,D002,经销商02,O-D002-2026Q2-C0050,D002-C0050,2026-05-25,2026Q2,false,36100.16,桂中,erp:order:O-D002-2026Q2-C0050
tenant-demo,D002,经销商02,O-D002-2026Q1-C0051,D002-C0051,2026-02-20,2026Q1,true,32656.78,桂中,erp:order:O-D002-2026Q1-C0051
tenant-demo,D002,经销商02,O-D002-2026Q2-C0051,D002-C0051,2026-05-08,2026Q2,false,8376.67,桂中,erp:order:O-D002-2026Q2-C0051
tenant-demo,D002,经销商02,O-D002-2026Q1-C0052,D002-C0052,2026-02-25,2026Q1,false,32571.07,桂中,erp:order:O-D002-2026Q1-C0052
tenant-demo,D002,经销商02,O-D002-2026Q2-C0052,D002-C0052,2026-04-04,2026Q2,false,17726.73,桂中,erp:order:O-D002-2026Q2-C0052
tenant-demo,D002,经销商02,O-D002-2026Q1-C0053,D002-C0053,2026-01-06,2026Q1,false,31762.16,桂中,erp:order:O-D002-2026Q1-C0053
tenant-demo,D002,经销商02,O-D002-2026Q2-C0053,D002-C0053,2026-04-25,2026Q2,false,32999.93,桂中,erp:order:O-D002-2026Q2-C0053
tenant-demo,D002,经销商02,O-D002-2026Q1-C0054,D002-C0054,2026-02-28,2026Q1,false,44655.72,桂中,erp:order:O-D002-2026Q1-C0054
tenant-demo,D002,经销商02,O-D002-2026Q2-C0054,D002-C0054,2026-05-20,2026Q2,false,18223.97,桂中,erp:order:O-D002-2026Q2-C0054
tenant-demo,D002,经销商02,O-D002-2026Q1-C0055,D002-C0055,2026-02-05,2026Q1,true,5205.46,桂中,erp:order:O-D002-2026Q1-C0055
tenant-demo,D002,经销商02,O-D002-2026Q2-C0055,D002-C0055,2026-04-27,2026Q2,false,37893.37,桂中,erp:order:O-D002-2026Q2-C0055
tenant-demo,D002,经销商02,O-D002-2026Q1-C0056,D002-C0056,2026-03-13,2026Q1,true,46068.39,桂中,erp:order:O-D002-2026Q1-C0056
tenant-demo,D002,经销商02,O-D002-2026Q2-C0056,D002-C0056,2026-05-26,2026Q2,false,27218.87,桂中,erp:order:O-D002-2026Q2-C0056
tenant-demo,D002,经销商02,O-D002-2026Q1-C0057,D002-C0057,2026-01-23,2026Q1,true,34090.96,桂中,erp:order:O-D002-2026Q1-C0057
tenant-demo,D002,经销商02,O-D002-2026Q2-C0057,D002-C0057,2026-04-21,2026Q2,true,34678.01,桂中,erp:order:O-D002-2026Q2-C0057
tenant-demo,D002,经销商02,O-D002-2026Q1-C0058,D002-C0058,2026-03-25,2026Q1,true,18896.02,桂中,erp:order:O-D002-2026Q1-C0058
tenant-demo,D002,经销商02,O-D002-2026Q2-C0058,D002-C0058,2026-05-10,2026Q2,true,6628.28,桂中,erp:order:O-D002-2026Q2-C0058
tenant-demo,D002,经销商02,O-D002-2026Q1-C0059,D002-C0059,2026-02-27,2026Q1,false,40458.45,桂中,erp:order:O-D002-2026Q1-C0059
tenant-demo,D002,经销商02,O-D002-2026Q2-C0059,D002-C0059,2026-05-16,2026Q2,true,34168.7,桂中,erp:order:O-D002-2026Q2-C0059
tenant-demo,D002,经销商02,O-D002-2026Q1-C0060,D002-C0060,2026-02-17,2026Q1,false,11001.56,桂中,erp:order:O-D002-2026Q1-C0060
tenant-demo,D002,经销商02,O-D002-2026Q2-C0060,D002-C0060,2026-05-02,2026Q2,false,19452.76,桂中,erp:order:O-D002-2026Q2-C0060
tenant-demo,D002,经销商02,O-D002-2026Q1-C0061,D002-C0061,2026-03-10,2026Q1,true,18976.68,桂中,erp:order:O-D002-2026Q1-C0061
tenant-demo,D002,经销商02,O-D002-2026Q2-C0061,D002-C0061,2026-05-06,2026Q2,false,27374.76,桂中,erp:order:O-D002-2026Q2-C0061
tenant-demo,D002,经销商02,O-D002-2026Q1-C0062,D002-C0062,2026-02-05,2026Q1,true,18040.18,桂中,erp:order:O-D002-2026Q1-C0062
tenant-demo,D002,经销商02,O-D002-2026Q2-C0062,D002-C0062,2026-06-15,2026Q2,false,16650.41,桂中,erp:order:O-D002-2026Q2-C0062
tenant-demo,D002,经销商02,O-D002-2026Q1-C0063,D002-C0063,2026-02-24,2026Q1,false,47333.14,桂中,erp:order:O-D002-2026Q1-C0063
tenant-demo,D002,经销商02,O-D002-2026Q2-C0063,D002-C0063,2026-05-02,2026Q2,false,12582.19,桂中,erp:order:O-D002-2026Q2-C0063
tenant-demo,D002,经销商02,O-D002-2026Q1-C0064,D002-C0064,2026-01-11,2026Q1,false,9173.66,桂中,erp:order:O-D002-2026Q1-C0064
tenant-demo,D002,经销商02,O-D002-2026Q2-C0064,D002-C0064,2026-06-10,2026Q2,false,7299.38,桂中,erp:order:O-D002-2026Q2-C0064
tenant-demo,D002,经销商02,O-D002-2026Q1-C0065,D002-C0065,2026-01-20,2026Q1,false,6806.95,桂中,erp:order:O-D002-2026Q1-C0065
tenant-demo,D002,经销商02,O-D002-2026Q2-C0065,D002-C0065,2026-05-05,2026Q2,false,33176.75,桂中,erp:order:O-D002-2026Q2-C0065
tenant-demo,D002,经销商02,O-D002-2026Q1-C0066,D002-C0066,2026-02-08,2026Q1,true,46463.48,桂中,erp:order:O-D002-2026Q1-C0066
tenant-demo,D002,经销商02,O-D002-2026Q2-C0066,D002-C0066,2026-06-14,2026Q2,false,33121.25,桂中,erp:order:O-D002-2026Q2-C0066
tenant-demo,D002,经销商02,O-D002-2026Q1-C0067,D002-C0067,2026-01-17,2026Q1,true,47190.05,桂中,erp:order:O-D002-2026Q1-C0067
tenant-demo,D002,经销商02,O-D002-2026Q2-C0067,D002-C0067,2026-05-01,2026Q2,false,8765.22,桂中,erp:order:O-D002-2026Q2-C0067
tenant-demo,D002,经销商02,O-D002-2026Q1-C0068,D002-C0068,2026-01-06,2026Q1,true,34371.16,桂中,erp:order:O-D002-2026Q1-C0068
tenant-demo,D002,经销商02,O-D002-2026Q2-C0068,D002-C0068,2026-06-09,2026Q2,false,45165.08,桂中,erp:order:O-D002-2026Q2-C0068
tenant-demo,D002,经销商02,O-D002-2026Q1-C0069,D002-C0069,2026-03-27,2026Q1,true,41186.95,桂中,erp:order:O-D002-2026Q1-C0069
tenant-demo,D002,经销商02,O-D002-2026Q2-C0069,D002-C0069,2026-05-10,2026Q2,false,14425.42,桂中,erp:order:O-D002-2026Q2-C0069
tenant-demo,D002,经销商02,O-D002-2026Q1-C0070,D002-C0070,2026-01-02,2026Q1,false,33328.86,桂中,erp:order:O-D002-2026Q1-C0070
tenant-demo,D002,经销商02,O-D002-2026Q2-C0070,D002-C0070,2026-06-22,2026Q2,false,27374.75,桂中,erp:order:O-D002-2026Q2-C0070
tenant-demo,D002,经销商02,O-D002-2026Q1-C0071,D002-C0071,2026-01-13,2026Q1,true,45832.96,桂中,erp:order:O-D002-2026Q1-C0071
tenant-demo,D002,经销商02,O-D002-2026Q2-C0071,D002-C0071,2026-04-08,2026Q2,true,17954.06,桂中,erp:order:O-D002-2026Q2-C0071
tenant-demo,D002,经销商02,O-D002-2026Q1-C0072,D002-C0072,2026-03-19,2026Q1,true,20012.83,桂中,erp:order:O-D002-2026Q1-C0072
tenant-demo,D002,经销商02,O-D002-2026Q2-C0072,D002-C0072,2026-04-19,2026Q2,false,26911.61,桂中,erp:order:O-D002-2026Q2-C0072
tenant-demo,D002,经销商02,O-D002-2026Q1-C0073,D002-C0073,2026-01-11,2026Q1,false,28011.17,桂中,erp:order:O-D002-2026Q1-C0073
tenant-demo,D002,经销商02,O-D002-2026Q2-C0073,D002-C0073,2026-05-28,2026Q2,false,40827.27,桂中,erp:order:O-D002-2026Q2-C0073
tenant-demo,D002,经销商02,O-D002-2026Q1-C0074,D002-C0074,2026-01-17,2026Q1,false,34443.91,桂中,erp:order:O-D002-2026Q1-C0074
tenant-demo,D002,经销商02,O-D002-2026Q2-C0074,D002-C0074,2026-05-28,2026Q2,false,47645.66,桂中,erp:order:O-D002-2026Q2-C0074
tenant-demo,D002,经销商02,O-D002-2026Q1-C0075,D002-C0075,2026-03-14,2026Q1,true,8250.11,桂中,erp:order:O-D002-2026Q1-C0075
tenant-demo,D002,经销商02,O-D002-2026Q2-C0075,D002-C0075,2026-04-09,2026Q2,true,35533.05,桂中,erp:order:O-D002-2026Q2-C0075
tenant-demo,D002,经销商02,O-D002-2026Q1-C0076,D002-C0076,2026-02-02,2026Q1,false,40008.06,桂中,erp:order:O-D002-2026Q1-C0076
tenant-demo,D002,经销商02,O-D002-2026Q2-C0076,D002-C0076,2026-04-06,2026Q2,false,16703.17,桂中,erp:order:O-D002-2026Q2-C0076
tenant-demo,D002,经销商02,O-D002-2026Q1-C0077,D002-C0077,2026-02-23,2026Q1,false,32854.0,桂中,erp:order:O-D002-2026Q1-C0077
tenant-demo,D002,经销商02,O-D002-2026Q2-C0077,D002-C0077,2026-04-10,2026Q2,false,24561.76,桂中,erp:order:O-D002-2026Q2-C0077
tenant-demo,D002,经销商02,O-D002-2026Q1-C0078,D002-C0078,2026-02-06,2026Q1,true,40506.59,桂中,erp:order:O-D002-2026Q1-C0078
tenant-demo,D002,经销商02,O-D002-2026Q2-C0078,D002-C0078,2026-06-07,2026Q2,true,41747.07,桂中,erp:order:O-D002-2026Q2-C0078
tenant-demo,D002,经销商02,O-D002-2026Q1-C0079,D002-C0079,2026-03-13,2026Q1,false,10674.28,桂中,erp:order:O-D002-2026Q1-C0079
tenant-demo,D002,经销商02,O-D002-2026Q2-C0079,D002-C0079,2026-06-17,2026Q2,true,29787.87,桂中,erp:order:O-D002-2026Q2-C0079
tenant-demo,D002,经销商02,O-D002-2026Q1-C0080,D002-C0080,2026-03-13,2026Q1,true,18369.1,桂中,erp:order:O-D002-2026Q1-C0080
tenant-demo,D002,经销商02,O-D002-2026Q2-C0080,D002-C0080,2026-05-06,2026Q2,true,20294.79,桂中,erp:order:O-D002-2026Q2-C0080
tenant-demo,D002,经销商02,O-D002-2026Q1-C0081,D002-C0081,2026-01-03,2026Q1,false,31901.83,桂中,erp:order:O-D002-2026Q1-C0081
tenant-demo,D002,经销商02,O-D002-2026Q2-C0081,D002-C0081,2026-06-22,2026Q2,false,12867.27,桂中,erp:order:O-D002-2026Q2-C0081
tenant-demo,D002,经销商02,O-D002-2026Q1-C0082,D002-C0082,2026-02-17,2026Q1,false,30987.62,桂中,erp:order:O-D002-2026Q1-C0082
tenant-demo,D002,经销商02,O-D002-2026Q2-C0082,D002-C0082,2026-04-08,2026Q2,true,30504.4,桂中,erp:order:O-D002-2026Q2-C0082
tenant-demo,D002,经销商02,O-D002-2026Q1-C0083,D002-C0083,2026-03-01,2026Q1,false,46475.68,桂中,erp:order:O-D002-2026Q1-C0083
tenant-demo,D002,经销商02,O-D002-2026Q2-C0083,D002-C0083,2026-06-14,2026Q2,true,35227.19,桂中,erp:order:O-D002-2026Q2-C0083
tenant-demo,D002,经销商02,O-D002-2026Q1-C0084,D002-C0084,2026-01-02,2026Q1,true,39406.23,桂中,erp:order:O-D002-2026Q1-C0084
tenant-demo,D002,经销商02,O-D002-2026Q2-C0084,D002-C0084,2026-05-21,2026Q2,true,38274.96,桂中,erp:order:O-D002-2026Q2-C0084
tenant-demo,D002,经销商02,O-D002-2026Q1-C0085,D002-C0085,2026-01-08,2026Q1,true,23648.0,桂中,erp:order:O-D002-2026Q1-C0085
tenant-demo,D002,经销商02,O-D002-2026Q2-C0085,D002-C0085,2026-05-18,2026Q2,false,9120.91,桂中,erp:order:O-D002-2026Q2-C0085
tenant-demo,D002,经销商02,O-D002-2026Q1-C0086,D002-C0086,2026-03-22,2026Q1,true,29498.38,桂中,erp:order:O-D002-2026Q1-C0086
tenant-demo,D002,经销商02,O-D002-2026Q2-C0086,D002-C0086,2026-06-20,2026Q2,false,16256.33,桂中,erp:order:O-D002-2026Q2-C0086
tenant-demo,D002,经销商02,O-D002-2026Q1-C0087,D002-C0087,2026-02-08,2026Q1,true,16510.82,桂中,erp:order:O-D002-2026Q1-C0087
tenant-demo,D002,经销商02,O-D002-2026Q2-C0087,D002-C0087,2026-06-09,2026Q2,false,35200.31,桂中,erp:order:O-D002-2026Q2-C0087
tenant-demo,D002,经销商02,O-D002-2026Q1-C0088,D002-C0088,2026-03-05,2026Q1,true,45200.2,桂中,erp:order:O-D002-2026Q1-C0088
tenant-demo,D002,经销商02,O-D002-2026Q2-C0088,D002-C0088,2026-05-12,2026Q2,true,37048.0,桂中,erp:order:O-D002-2026Q2-C0088
tenant-demo,D002,经销商02,O-D002-2026Q1-C0089,D002-C0089,2026-02-17,2026Q1,true,31027.66,桂中,erp:order:O-D002-2026Q1-C0089
tenant-demo,D002,经销商02,O-D002-2026Q2-C0089,D002-C0089,2026-04-18,2026Q2,true,33840.67,桂中,erp:order:O-D002-2026Q2-C0089
tenant-demo,D002,经销商02,O-D002-2026Q1-C0090,D002-C0090,2026-01-07,2026Q1,true,34780.25,桂中,erp:order:O-D002-2026Q1-C0090
tenant-demo,D002,经销商02,O-D002-2026Q2-C0090,D002-C0090,2026-06-11,2026Q2,true,17405.21,桂中,erp:order:O-D002-2026Q2-C0090
tenant-demo,D002,经销商02,O-D002-2026Q1-C0091,D002-C0091,2026-03-21,2026Q1,false,14884.01,桂中,erp:order:O-D002-2026Q1-C0091
tenant-demo,D002,经销商02,O-D002-2026Q2-C0091,D002-C0091,2026-04-13,2026Q2,true,6477.22,桂中,erp:order:O-D002-2026Q2-C0091
tenant-demo,D002,经销商02,O-D002-2026Q1-C0092,D002-C0092,2026-01-21,2026Q1,false,16778.75,桂中,erp:order:O-D002-2026Q1-C0092
tenant-demo,D002,经销商02,O-D002-2026Q2-C0092,D002-C0092,2026-04-25,2026Q2,true,16759.04,桂中,erp:order:O-D002-2026Q2-C0092
tenant-demo,D002,经销商02,O-D002-2026Q1-C0093,D002-C0093,2026-01-24,2026Q1,true,6485.5,桂中,erp:order:O-D002-2026Q1-C0093
tenant-demo,D002,经销商02,O-D002-2026Q2-C0093,D002-C0093,2026-05-10,2026Q2,false,27367.93,桂中,erp:order:O-D002-2026Q2-C0093
tenant-demo,D002,经销商02,O-D002-2026Q1-C0094,D002-C0094,2026-02-13,2026Q1,false,47798.4,桂中,erp:order:O-D002-2026Q1-C0094
tenant-demo,D002,经销商02,O-D002-2026Q2-C0094,D002-C0094,2026-05-20,2026Q2,false,40044.51,桂中,erp:order:O-D002-2026Q2-C0094
tenant-demo,D002,经销商02,O-D002-2026Q1-C0095,D002-C0095,2026-02-26,2026Q1,false,13909.6,桂中,erp:order:O-D002-2026Q1-C0095
tenant-demo,D002,经销商02,O-D002-2026Q2-C0095,D002-C0095,2026-05-20,2026Q2,false,43565.66,桂中,erp:order:O-D002-2026Q2-C0095
tenant-demo,D002,经销商02,O-D002-2026Q1-C0096,D002-C0096,2026-03-12,2026Q1,false,11869.68,桂中,erp:order:O-D002-2026Q1-C0096
tenant-demo,D002,经销商02,O-D002-2026Q2-C0096,D002-C0096,2026-04-03,2026Q2,true,11367.39,桂中,erp:order:O-D002-2026Q2-C0096
tenant-demo,D002,经销商02,O-D002-2026Q1-C0097,D002-C0097,2026-02-07,2026Q1,false,16709.59,桂中,erp:order:O-D002-2026Q1-C0097
tenant-demo,D002,经销商02,O-D002-2026Q2-C0097,D002-C0097,2026-05-02,2026Q2,true,25422.73,桂中,erp:order:O-D002-2026Q2-C0097
tenant-demo,D002,经销商02,O-D002-2026Q1-C0098,D002-C0098,2026-01-27,2026Q1,true,17099.65,桂中,erp:order:O-D002-2026Q1-C0098
tenant-demo,D002,经销商02,O-D002-2026Q2-C0098,D002-C0098,2026-06-16,2026Q2,false,35958.45,桂中,erp:order:O-D002-2026Q2-C0098
tenant-demo,D002,经销商02,O-D002-2026Q1-C0099,D002-C0099,2026-02-14,2026Q1,false,40298.21,桂中,erp:order:O-D002-2026Q1-C0099
tenant-demo,D002,经销商02,O-D002-2026Q2-C0099,D002-C0099,2026-06-24,2026Q2,false,38940.25,桂中,erp:order:O-D002-2026Q2-C0099
tenant-demo,D002,经销商02,O-D002-2026Q1-C0100,D002-C0100,2026-01-24,2026Q1,true,26867.93,桂中,erp:order:O-D002-2026Q1-C0100
tenant-demo,D002,经销商02,O-D002-2026Q2-C0100,D002-C0100,2026-05-10,2026Q2,false,24464.96,桂中,erp:order:O-D002-2026Q2-C0100
tenant-demo,D002,经销商02,O-D002-2026Q1-C0101,D002-C0101,2026-01-24,2026Q1,false,45000.64,桂中,erp:order:O-D002-2026Q1-C0101
tenant-demo,D002,经销商02,O-D002-2026Q2-C0101,D002-C0101,2026-05-12,2026Q2,false,12248.36,桂中,erp:order:O-D002-2026Q2-C0101
tenant-demo,D002,经销商02,O-D002-2026Q1-C0102,D002-C0102,2026-03-13,2026Q1,false,30579.56,桂中,erp:order:O-D002-2026Q1-C0102
tenant-demo,D002,经销商02,O-D002-2026Q2-C0102,D002-C0102,2026-05-02,2026Q2,true,10539.56,桂中,erp:order:O-D002-2026Q2-C0102
tenant-demo,D002,经销商02,O-D002-2026Q1-C0103,D002-C0103,2026-01-04,2026Q1,false,24518.31,桂中,erp:order:O-D002-2026Q1-C0103
tenant-demo,D002,经销商02,O-D002-2026Q2-C0103,D002-C0103,2026-06-16,2026Q2,false,49930.0,桂中,erp:order:O-D002-2026Q2-C0103
tenant-demo,D002,经销商02,O-D002-2026Q1-C0104,D002-C0104,2026-03-05,2026Q1,false,22264.6,桂中,erp:order:O-D002-2026Q1-C0104
tenant-demo,D002,经销商02,O-D002-2026Q2-C0104,D002-C0104,2026-04-23,2026Q2,false,14904.63,桂中,erp:order:O-D002-2026Q2-C0104
tenant-demo,D002,经销商02,O-D002-2026Q1-C0105,D002-C0105,2026-03-15,2026Q1,false,20609.13,桂中,erp:order:O-D002-2026Q1-C0105
tenant-demo,D002,经销商02,O-D002-2026Q2-C0105,D002-C0105,2026-04-13,2026Q2,true,41440.39,桂中,erp:order:O-D002-2026Q2-C0105
tenant-demo,D002,经销商02,O-D002-2026Q1-C0106,D002-C0106,2026-02-19,2026Q1,false,33385.98,桂中,erp:order:O-D002-2026Q1-C0106
tenant-demo,D002,经销商02,O-D002-2026Q2-C0106,D002-C0106,2026-04-17,2026Q2,false,48225.64,桂中,erp:order:O-D002-2026Q2-C0106
tenant-demo,D002,经销商02,O-D002-2026Q1-C0107,D002-C0107,2026-01-25,2026Q1,true,13929.41,桂中,erp:order:O-D002-2026Q1-C0107
tenant-demo,D002,经销商02,O-D002-2026Q2-C0107,D002-C0107,2026-05-18,2026Q2,true,10910.54,桂中,erp:order:O-D002-2026Q2-C0107
tenant-demo,D002,经销商02,O-D002-2026Q1-C0108,D002-C0108,2026-02-10,2026Q1,true,5588.18,桂中,erp:order:O-D002-2026Q1-C0108
tenant-demo,D002,经销商02,O-D002-2026Q2-C0108,D002-C0108,2026-04-02,2026Q2,false,42436.64,桂中,erp:order:O-D002-2026Q2-C0108
tenant-demo,D002,经销商02,O-D002-2026Q1-C0109,D002-C0109,2026-03-22,2026Q1,false,46984.44,桂中,erp:order:O-D002-2026Q1-C0109
tenant-demo,D002,经销商02,O-D002-2026Q2-C0109,D002-C0109,2026-04-23,2026Q2,false,11662.7,桂中,erp:order:O-D002-2026Q2-C0109
tenant-demo,D002,经销商02,O-D002-2026Q1-C0110,D002-C0110,2026-02-09,2026Q1,false,12037.93,桂中,erp:order:O-D002-2026Q1-C0110
tenant-demo,D002,经销商02,O-D002-2026Q2-C0110,D002-C0110,2026-04-03,2026Q2,true,39438.02,桂中,erp:order:O-D002-2026Q2-C0110
tenant-demo,D002,经销商02,O-D002-2026Q1-C0111,D002-C0111,2026-01-20,2026Q1,false,45536.58,桂中,erp:order:O-D002-2026Q1-C0111
tenant-demo,D002,经销商02,O-D002-2026Q2-C0111,D002-C0111,2026-05-18,2026Q2,false,23753.73,桂中,erp:order:O-D002-2026Q2-C0111
tenant-demo,D002,经销商02,O-D002-2026Q1-C0112,D002-C0112,2026-01-20,2026Q1,true,43173.45,桂中,erp:order:O-D002-2026Q1-C0112
tenant-demo,D002,经销商02,O-D002-2026Q2-C0112,D002-C0112,2026-05-08,2026Q2,false,7899.91,桂中,erp:order:O-D002-2026Q2-C0112
tenant-demo,D002,经销商02,O-D002-2026Q1-C0113,D002-C0113,2026-03-05,2026Q1,true,14175.97,桂中,erp:order:O-D002-2026Q1-C0113
tenant-demo,D002,经销商02,O-D002-2026Q2-C0113,D002-C0113,2026-04-20,2026Q2,true,16003.64,桂中,erp:order:O-D002-2026Q2-C0113
tenant-demo,D002,经销商02,O-D002-2026Q1-C0114,D002-C0114,2026-01-18,2026Q1,false,32620.57,桂中,erp:order:O-D002-2026Q1-C0114
tenant-demo,D002,经销商02,O-D002-2026Q2-C0114,D002-C0114,2026-04-25,2026Q2,true,16678.78,桂中,erp:order:O-D002-2026Q2-C0114
tenant-demo,D002,经销商02,O-D002-2026Q1-C0115,D002-C0115,2026-03-12,2026Q1,true,38820.82,桂中,erp:order:O-D002-2026Q1-C0115
tenant-demo,D002,经销商02,O-D002-2026Q2-C0115,D002-C0115,2026-05-17,2026Q2,false,49533.23,桂中,erp:order:O-D002-2026Q2-C0115
tenant-demo,D002,经销商02,O-D002-2026Q1-C0116,D002-C0116,2026-03-19,2026Q1,false,17544.81,桂中,erp:order:O-D002-2026Q1-C0116
tenant-demo,D002,经销商02,O-D002-2026Q2-C0116,D002-C0116,2026-06-19,2026Q2,true,26136.88,桂中,erp:order:O-D002-2026Q2-C0116
tenant-demo,D002,经销商02,O-D002-2026Q1-C0117,D002-C0117,2026-01-05,2026Q1,true,36962.14,桂中,erp:order:O-D002-2026Q1-C0117
tenant-demo,D002,经销商02,O-D002-2026Q2-C0117,D002-C0117,2026-04-26,2026Q2,false,29925.72,桂中,erp:order:O-D002-2026Q2-C0117
tenant-demo,D002,经销商02,O-D002-2026Q1-C0118,D002-C0118,2026-03-14,2026Q1,true,44798.13,桂中,erp:order:O-D002-2026Q1-C0118
tenant-demo,D002,经销商02,O-D002-2026Q2-C0118,D002-C0118,2026-05-22,2026Q2,true,21547.61,桂中,erp:order:O-D002-2026Q2-C0118
tenant-demo,D002,经销商02,O-D002-2026Q1-C0119,D002-C0119,2026-02-11,2026Q1,false,30300.83,桂中,erp:order:O-D002-2026Q1-C0119
tenant-demo,D002,经销商02,O-D002-2026Q2-C0119,D002-C0119,2026-04-02,2026Q2,true,35134.47,桂中,erp:order:O-D002-2026Q2-C0119
tenant-demo,D002,经销商02,O-D002-2026Q1-C0120,D002-C0120,2026-01-12,2026Q1,true,39461.01,桂中,erp:order:O-D002-2026Q1-C0120
tenant-demo,D002,经销商02,O-D002-2026Q2-C0120,D002-C0120,2026-05-06,2026Q2,true,43834.11,桂中,erp:order:O-D002-2026Q2-C0120
tenant-demo,D002,经销商02,O-D002-2026Q1-C0121,D002-C0121,2026-02-19,2026Q1,true,34846.28,桂中,erp:order:O-D002-2026Q1-C0121
tenant-demo,D002,经销商02,O-D002-2026Q2-C0121,D002-C0121,2026-04-15,2026Q2,false,21794.65,桂中,erp:order:O-D002-2026Q2-C0121
tenant-demo,D002,经销商02,O-D002-2026Q1-C0122,D002-C0122,2026-02-18,2026Q1,false,14044.11,桂中,erp:order:O-D002-2026Q1-C0122
tenant-demo,D002,经销商02,O-D002-2026Q2-C0122,D002-C0122,2026-04-05,2026Q2,false,17697.56,桂中,erp:order:O-D002-2026Q2-C0122
tenant-demo,D002,经销商02,O-D002-2026Q1-C0123,D002-C0123,2026-02-04,2026Q1,true,32406.42,桂中,erp:order:O-D002-2026Q1-C0123
tenant-demo,D002,经销商02,O-D002-2026Q2-C0123,D002-C0123,2026-04-21,2026Q2,true,42453.95,桂中,erp:order:O-D002-2026Q2-C0123
tenant-demo,D002,经销商02,O-D002-2026Q1-C0124,D002-C0124,2026-02-17,2026Q1,false,15213.85,桂中,erp:order:O-D002-2026Q1-C0124
tenant-demo,D002,经销商02,O-D002-2026Q2-C0124,D002-C0124,2026-05-16,2026Q2,false,14638.88,桂中,erp:order:O-D002-2026Q2-C0124
tenant-demo,D002,经销商02,O-D002-2026Q1-C0125,D002-C0125,2026-02-07,2026Q1,true,37259.71,桂中,erp:order:O-D002-2026Q1-C0125
tenant-demo,D002,经销商02,O-D002-2026Q2-C0125,D002-C0125,2026-04-10,2026Q2,false,33616.48,桂中,erp:order:O-D002-2026Q2-C0125
tenant-demo,D002,经销商02,O-D002-2026Q1-C0126,D002-C0126,2026-03-07,2026Q1,true,38612.67,桂中,erp:order:O-D002-2026Q1-C0126
tenant-demo,D002,经销商02,O-D002-2026Q2-C0126,D002-C0126,2026-05-11,2026Q2,false,24289.87,桂中,erp:order:O-D002-2026Q2-C0126
tenant-demo,D002,经销商02,O-D002-2026Q1-C0127,D002-C0127,2026-03-04,2026Q1,false,23887.76,桂中,erp:order:O-D002-2026Q1-C0127
tenant-demo,D002,经销商02,O-D002-2026Q2-C0127,D002-C0127,2026-04-24,2026Q2,false,12588.04,桂中,erp:order:O-D002-2026Q2-C0127
tenant-demo,D002,经销商02,O-D002-2026Q1-C0128,D002-C0128,2026-01-27,2026Q1,true,22198.35,桂中,erp:order:O-D002-2026Q1-C0128
tenant-demo,D002,经销商02,O-D002-2026Q2-C0128,D002-C0128,2026-05-16,2026Q2,true,5776.11,桂中,erp:order:O-D002-2026Q2-C0128
tenant-demo,D002,经销商02,O-D002-2026Q1-C0129,D002-C0129,2026-02-01,2026Q1,false,21597.11,桂中,erp:order:O-D002-2026Q1-C0129
tenant-demo,D002,经销商02,O-D002-2026Q2-C0129,D002-C0129,2026-06-22,2026Q2,false,46740.66,桂中,erp:order:O-D002-2026Q2-C0129
tenant-demo,D002,经销商02,O-D002-2026Q1-C0130,D002-C0130,2026-01-17,2026Q1,false,24616.97,桂中,erp:order:O-D002-2026Q1-C0130
tenant-demo,D002,经销商02,O-D002-2026Q2-C0130,D002-C0130,2026-06-21,2026Q2,true,49927.76,桂中,erp:order:O-D002-2026Q2-C0130
tenant-demo,D002,经销商02,O-D002-2026Q1-C0131,D002-C0131,2026-03-07,2026Q1,true,6943.39,桂中,erp:order:O-D002-2026Q1-C0131
tenant-demo,D002,经销商02,O-D002-2026Q2-C0131,D002-C0131,2026-05-02,2026Q2,false,34119.3,桂中,erp:order:O-D002-2026Q2-C0131
tenant-demo,D002,经销商02,O-D002-2026Q1-C0132,D002-C0132,2026-01-15,2026Q1,false,48913.43,桂中,erp:order:O-D002-2026Q1-C0132
tenant-demo,D002,经销商02,O-D002-2026Q2-C0132,D002-C0132,2026-04-15,2026Q2,true,42853.39,桂中,erp:order:O-D002-2026Q2-C0132
tenant-demo,D002,经销商02,O-D002-2026Q1-C0133,D002-C0133,2026-02-17,2026Q1,true,11586.32,桂中,erp:order:O-D002-2026Q1-C0133
tenant-demo,D002,经销商02,O-D002-2026Q2-C0133,D002-C0133,2026-04-17,2026Q2,false,22189.61,桂中,erp:order:O-D002-2026Q2-C0133
tenant-demo,D002,经销商02,O-D002-2026Q1-C0134,D002-C0134,2026-03-13,2026Q1,true,10554.55,桂中,erp:order:O-D002-2026Q1-C0134
tenant-demo,D002,经销商02,O-D002-2026Q2-C0134,D002-C0134,2026-05-07,2026Q2,false,42735.59,桂中,erp:order:O-D002-2026Q2-C0134
tenant-demo,D002,经销商02,O-D002-2026Q1-C0135,D002-C0135,2026-02-08,2026Q1,false,6693.95,桂中,erp:order:O-D002-2026Q1-C0135
tenant-demo,D002,经销商02,O-D002-2026Q2-C0135,D002-C0135,2026-04-06,2026Q2,true,48338.57,桂中,erp:order:O-D002-2026Q2-C0135
tenant-demo,D002,经销商02,O-D002-2026Q1-C0136,D002-C0136,2026-03-22,2026Q1,false,15652.32,桂中,erp:order:O-D002-2026Q1-C0136
tenant-demo,D002,经销商02,O-D002-2026Q2-C0136,D002-C0136,2026-06-10,2026Q2,true,20236.1,桂中,erp:order:O-D002-2026Q2-C0136
tenant-demo,D002,经销商02,O-D002-2026Q1-C0137,D002-C0137,2026-03-19,2026Q1,true,46802.56,桂中,erp:order:O-D002-2026Q1-C0137
tenant-demo,D002,经销商02,O-D002-2026Q2-C0137,D002-C0137,2026-04-25,2026Q2,true,41349.0,桂中,erp:order:O-D002-2026Q2-C0137
tenant-demo,D002,经销商02,O-D002-2026Q1-C0138,D002-C0138,2026-01-10,2026Q1,true,45685.5,桂中,erp:order:O-D002-2026Q1-C0138
tenant-demo,D002,经销商02,O-D002-2026Q2-C0138,D002-C0138,2026-06-01,2026Q2,false,10546.87,桂中,erp:order:O-D002-2026Q2-C0138
tenant-demo,D002,经销商02,O-D002-2026Q1-C0139,D002-C0139,2026-03-11,2026Q1,false,39155.4,桂中,erp:order:O-D002-2026Q1-C0139
tenant-demo,D002,经销商02,O-D002-2026Q2-C0139,D002-C0139,2026-06-21,2026Q2,true,9004.16,桂中,erp:order:O-D002-2026Q2-C0139
tenant-demo,D002,经销商02,O-D002-2026Q1-C0140,D002-C0140,2026-03-03,2026Q1,true,13033.98,桂中,erp:order:O-D002-2026Q1-C0140
tenant-demo,D002,经销商02,O-D002-2026Q2-C0140,D002-C0140,2026-04-27,2026Q2,true,23439.18,桂中,erp:order:O-D002-2026Q2-C0140
tenant-demo,D002,经销商02,O-D002-2026Q1-C0141,D002-C0141,2026-03-05,2026Q1,false,29480.57,桂中,erp:order:O-D002-2026Q1-C0141
tenant-demo,D002,经销商02,O-D002-2026Q2-C0141,D002-C0141,2026-06-24,2026Q2,false,19384.66,桂中,erp:order:O-D002-2026Q2-C0141
tenant-demo,D002,经销商02,O-D002-2026Q1-C0142,D002-C0142,2026-03-07,2026Q1,true,21141.5,桂中,erp:order:O-D002-2026Q1-C0142
tenant-demo,D002,经销商02,O-D002-2026Q2-C0142,D002-C0142,2026-05-27,2026Q2,false,45180.79,桂中,erp:order:O-D002-2026Q2-C0142
tenant-demo,D002,经销商02,O-D002-2026Q1-C0143,D002-C0143,2026-02-12,2026Q1,true,41161.33,桂中,erp:order:O-D002-2026Q1-C0143
tenant-demo,D002,经销商02,O-D002-2026Q2-C0143,D002-C0143,2026-04-19,2026Q2,false,5441.4,桂中,erp:order:O-D002-2026Q2-C0143
tenant-demo,D002,经销商02,O-D002-2026Q1-C0144,D002-C0144,2026-03-01,2026Q1,true,21022.53,桂中,erp:order:O-D002-2026Q1-C0144
tenant-demo,D002,经销商02,O-D002-2026Q2-C0144,D002-C0144,2026-05-10,2026Q2,false,9269.33,桂中,erp:order:O-D002-2026Q2-C0144
tenant-demo,D002,经销商02,O-D002-2026Q1-C0145,D002-C0145,2026-02-24,2026Q1,true,36508.71,桂中,erp:order:O-D002-2026Q1-C0145
tenant-demo,D002,经销商02,O-D002-2026Q2-C0145,D002-C0145,2026-06-08,2026Q2,false,48464.06,桂中,erp:order:O-D002-2026Q2-C0145
tenant-demo,D002,经销商02,O-D002-2026Q1-C0146,D002-C0146,2026-02-07,2026Q1,false,38496.32,桂中,erp:order:O-D002-2026Q1-C0146
tenant-demo,D002,经销商02,O-D002-2026Q2-C0146,D002-C0146,2026-04-01,2026Q2,false,48513.51,桂中,erp:order:O-D002-2026Q2-C0146
tenant-demo,D002,经销商02,O-D002-2026Q1-C0147,D002-C0147,2026-03-15,2026Q1,true,36826.35,桂中,erp:order:O-D002-2026Q1-C0147
tenant-demo,D002,经销商02,O-D002-2026Q2-C0147,D002-C0147,2026-06-02,2026Q2,true,19592.04,桂中,erp:order:O-D002-2026Q2-C0147
tenant-demo,D002,经销商02,O-D002-2026Q1-C0148,D002-C0148,2026-03-17,2026Q1,false,16967.1,桂中,erp:order:O-D002-2026Q1-C0148
tenant-demo,D002,经销商02,O-D002-2026Q2-C0148,D002-C0148,2026-05-03,2026Q2,false,45647.92,桂中,erp:order:O-D002-2026Q2-C0148
tenant-demo,D002,经销商02,O-D002-2026Q1-C0149,D002-C0149,2026-01-28,2026Q1,false,37306.19,桂中,erp:order:O-D002-2026Q1-C0149
tenant-demo,D002,经销商02,O-D002-2026Q2-C0149,D002-C0149,2026-05-12,2026Q2,true,5533.85,桂中,erp:order:O-D002-2026Q2-C0149
tenant-demo,D002,经销商02,O-D002-2026Q1-C0150,D002-C0150,2026-02-02,2026Q1,false,17148.72,桂中,erp:order:O-D002-2026Q1-C0150
tenant-demo,D002,经销商02,O-D002-2026Q2-C0150,D002-C0150,2026-05-23,2026Q2,false,22358.64,桂中,erp:order:O-D002-2026Q2-C0150
tenant-demo,D002,经销商02,O-D002-2026Q1-C0151,D002-C0151,2026-01-08,2026Q1,true,23864.71,桂中,erp:order:O-D002-2026Q1-C0151
tenant-demo,D002,经销商02,O-D002-2026Q2-C0151,D002-C0151,2026-05-19,2026Q2,false,28307.46,桂中,erp:order:O-D002-2026Q2-C0151
tenant-demo,D002,经销商02,O-D002-2026Q1-C0152,D002-C0152,2026-01-26,2026Q1,false,16879.21,桂中,erp:order:O-D002-2026Q1-C0152
tenant-demo,D002,经销商02,O-D002-2026Q2-C0152,D002-C0152,2026-05-23,2026Q2,false,11819.45,桂中,erp:order:O-D002-2026Q2-C0152
tenant-demo,D002,经销商02,O-D002-2026Q1-C0153,D002-C0153,2026-01-12,2026Q1,false,39376.63,桂中,erp:order:O-D002-2026Q1-C0153
tenant-demo,D002,经销商02,O-D002-2026Q2-C0153,D002-C0153,2026-06-28,2026Q2,false,8490.91,桂中,erp:order:O-D002-2026Q2-C0153
tenant-demo,D002,经销商02,O-D002-2026Q1-C0154,D002-C0154,2026-03-28,2026Q1,true,16136.76,桂中,erp:order:O-D002-2026Q1-C0154
tenant-demo,D002,经销商02,O-D002-2026Q2-C0154,D002-C0154,2026-04-13,2026Q2,true,29760.51,桂中,erp:order:O-D002-2026Q2-C0154
tenant-demo,D002,经销商02,O-D002-2026Q1-C0155,D002-C0155,2026-03-24,2026Q1,false,11248.24,桂中,erp:order:O-D002-2026Q1-C0155
tenant-demo,D002,经销商02,O-D002-2026Q2-C0155,D002-C0155,2026-04-05,2026Q2,false,48206.44,桂中,erp:order:O-D002-2026Q2-C0155
tenant-demo,D002,经销商02,O-D002-2026Q1-C0156,D002-C0156,2026-03-04,2026Q1,true,11158.34,桂中,erp:order:O-D002-2026Q1-C0156
tenant-demo,D002,经销商02,O-D002-2026Q2-C0156,D002-C0156,2026-04-20,2026Q2,false,10723.95,桂中,erp:order:O-D002-2026Q2-C0156
tenant-demo,D002,经销商02,O-D002-2026Q1-C0157,D002-C0157,2026-02-12,2026Q1,false,17520.76,桂中,erp:order:O-D002-2026Q1-C0157
tenant-demo,D002,经销商02,O-D002-2026Q2-C0157,D002-C0157,2026-04-23,2026Q2,false,5333.73,桂中,erp:order:O-D002-2026Q2-C0157
tenant-demo,D002,经销商02,O-D002-2026Q1-C0158,D002-C0158,2026-01-26,2026Q1,false,42581.72,桂中,erp:order:O-D002-2026Q1-C0158
tenant-demo,D002,经销商02,O-D002-2026Q2-C0158,D002-C0158,2026-06-14,2026Q2,false,25528.68,桂中,erp:order:O-D002-2026Q2-C0158
tenant-demo,D002,经销商02,O-D002-2026Q1-C0159,D002-C0159,2026-02-22,2026Q1,true,37133.64,桂中,erp:order:O-D002-2026Q1-C0159
tenant-demo,D002,经销商02,O-D002-2026Q2-C0159,D002-C0159,2026-05-25,2026Q2,false,11015.38,桂中,erp:order:O-D002-2026Q2-C0159
tenant-demo,D002,经销商02,O-D002-2026Q1-C0160,D002-C0160,2026-02-12,2026Q1,true,21200.44,桂中,erp:order:O-D002-2026Q1-C0160
tenant-demo,D002,经销商02,O-D002-2026Q2-C0160,D002-C0160,2026-05-06,2026Q2,false,18156.87,桂中,erp:order:O-D002-2026Q2-C0160
tenant-demo,D002,经销商02,O-D002-2026Q1-C0161,D002-C0161,2026-01-10,2026Q1,false,48847.14,桂中,erp:order:O-D002-2026Q1-C0161
tenant-demo,D002,经销商02,O-D002-2026Q2-C0161,D002-C0161,2026-04-16,2026Q2,false,15347.11,桂中,erp:order:O-D002-2026Q2-C0161
tenant-demo,D002,经销商02,O-D002-2026Q1-C0162,D002-C0162,2026-01-03,2026Q1,false,7686.02,桂中,erp:order:O-D002-2026Q1-C0162
tenant-demo,D002,经销商02,O-D002-2026Q2-C0162,D002-C0162,2026-05-01,2026Q2,false,31725.07,桂中,erp:order:O-D002-2026Q2-C0162
tenant-demo,D002,经销商02,O-D002-2026Q1-C0163,D002-C0163,2026-03-08,2026Q1,true,48939.2,桂中,erp:order:O-D002-2026Q1-C0163
tenant-demo,D002,经销商02,O-D002-2026Q2-C0163,D002-C0163,2026-05-26,2026Q2,true,10961.32,桂中,erp:order:O-D002-2026Q2-C0163
tenant-demo,D002,经销商02,O-D002-2026Q1-C0164,D002-C0164,2026-03-13,2026Q1,true,49857.72,桂中,erp:order:O-D002-2026Q1-C0164
tenant-demo,D002,经销商02,O-D002-2026Q2-C0164,D002-C0164,2026-06-09,2026Q2,true,15012.0,桂中,erp:order:O-D002-2026Q2-C0164
tenant-demo,D002,经销商02,O-D002-2026Q1-C0165,D002-C0165,2026-01-06,2026Q1,true,13250.03,桂中,erp:order:O-D002-2026Q1-C0165
tenant-demo,D002,经销商02,O-D002-2026Q2-C0165,D002-C0165,2026-05-12,2026Q2,false,9076.11,桂中,erp:order:O-D002-2026Q2-C0165
tenant-demo,D002,经销商02,O-D002-2026Q1-C0166,D002-C0166,2026-03-08,2026Q1,false,8876.75,桂中,erp:order:O-D002-2026Q1-C0166
tenant-demo,D002,经销商02,O-D002-2026Q2-C0166,D002-C0166,2026-06-18,2026Q2,false,14210.6,桂中,erp:order:O-D002-2026Q2-C0166
tenant-demo,D002,经销商02,O-D002-2026Q1-C0167,D002-C0167,2026-03-03,2026Q1,true,25158.92,桂中,erp:order:O-D002-2026Q1-C0167
tenant-demo,D002,经销商02,O-D002-2026Q2-C0167,D002-C0167,2026-05-06,2026Q2,false,24410.78,桂中,erp:order:O-D002-2026Q2-C0167
tenant-demo,D002,经销商02,O-D002-2026Q1-C0168,D002-C0168,2026-01-12,2026Q1,false,13149.14,桂中,erp:order:O-D002-2026Q1-C0168
tenant-demo,D002,经销商02,O-D002-2026Q2-C0168,D002-C0168,2026-06-28,2026Q2,false,43641.79,桂中,erp:order:O-D002-2026Q2-C0168
tenant-demo,D002,经销商02,O-D002-2026Q1-C0169,D002-C0169,2026-03-03,2026Q1,false,46660.02,桂中,erp:order:O-D002-2026Q1-C0169
tenant-demo,D002,经销商02,O-D002-2026Q2-C0169,D002-C0169,2026-05-07,2026Q2,false,49967.09,桂中,erp:order:O-D002-2026Q2-C0169
tenant-demo,D002,经销商02,O-D002-2026Q1-C0170,D002-C0170,2026-03-21,2026Q1,true,7853.49,桂中,erp:order:O-D002-2026Q1-C0170
tenant-demo,D002,经销商02,O-D002-2026Q2-C0170,D002-C0170,2026-05-27,2026Q2,true,16326.27,桂中,erp:order:O-D002-2026Q2-C0170
tenant-demo,D002,经销商02,O-D002-2026Q1-C0171,D002-C0171,2026-02-14,2026Q1,true,21576.62,桂中,erp:order:O-D002-2026Q1-C0171
tenant-demo,D002,经销商02,O-D002-2026Q2-C0171,D002-C0171,2026-06-21,2026Q2,false,28248.17,桂中,erp:order:O-D002-2026Q2-C0171
tenant-demo,D002,经销商02,O-D002-2026Q1-C0172,D002-C0172,2026-02-12,2026Q1,true,8181.38,桂中,erp:order:O-D002-2026Q1-C0172
tenant-demo,D002,经销商02,O-D002-2026Q2-C0172,D002-C0172,2026-05-12,2026Q2,false,28703.51,桂中,erp:order:O-D002-2026Q2-C0172
tenant-demo,D002,经销商02,O-D002-2026Q1-C0173,D002-C0173,2026-02-11,2026Q1,false,36197.76,桂中,erp:order:O-D002-2026Q1-C0173
tenant-demo,D002,经销商02,O-D002-2026Q2-C0173,D002-C0173,2026-05-14,2026Q2,true,5391.36,桂中,erp:order:O-D002-2026Q2-C0173
tenant-demo,D002,经销商02,O-D002-2026Q1-C0174,D002-C0174,2026-03-05,2026Q1,true,35067.39,桂中,erp:order:O-D002-2026Q1-C0174
tenant-demo,D002,经销商02,O-D002-2026Q2-C0174,D002-C0174,2026-06-17,2026Q2,true,13617.96,桂中,erp:order:O-D002-2026Q2-C0174
tenant-demo,D002,经销商02,O-D002-2026Q1-C0175,D002-C0175,2026-01-27,2026Q1,true,32721.61,桂中,erp:order:O-D002-2026Q1-C0175
tenant-demo,D002,经销商02,O-D002-2026Q2-C0175,D002-C0175,2026-04-22,2026Q2,true,31102.71,桂中,erp:order:O-D002-2026Q2-C0175
tenant-demo,D002,经销商02,O-D002-2026Q1-C0176,D002-C0176,2026-03-19,2026Q1,false,10006.48,桂中,erp:order:O-D002-2026Q1-C0176
tenant-demo,D002,经销商02,O-D002-2026Q2-C0176,D002-C0176,2026-04-23,2026Q2,false,10023.75,桂中,erp:order:O-D002-2026Q2-C0176
tenant-demo,D002,经销商02,O-D002-2026Q1-C0177,D002-C0177,2026-02-19,2026Q1,true,33813.04,桂中,erp:order:O-D002-2026Q1-C0177
tenant-demo,D002,经销商02,O-D002-2026Q2-C0177,D002-C0177,2026-05-14,2026Q2,false,45875.44,桂中,erp:order:O-D002-2026Q2-C0177
tenant-demo,D002,经销商02,O-D002-2026Q1-C0178,D002-C0178,2026-02-26,2026Q1,false,7455.93,桂中,erp:order:O-D002-2026Q1-C0178
tenant-demo,D002,经销商02,O-D002-2026Q2-C0178,D002-C0178,2026-06-10,2026Q2,true,48568.5,桂中,erp:order:O-D002-2026Q2-C0178
tenant-demo,D002,经销商02,O-D002-2026Q1-C0179,D002-C0179,2026-01-19,2026Q1,false,38486.67,桂中,erp:order:O-D002-2026Q1-C0179
tenant-demo,D002,经销商02,O-D002-2026Q2-C0179,D002-C0179,2026-06-23,2026Q2,true,24669.9,桂中,erp:order:O-D002-2026Q2-C0179
tenant-demo,D002,经销商02,O-D002-2026Q1-C0180,D002-C0180,2026-02-16,2026Q1,true,27900.64,桂中,erp:order:O-D002-2026Q1-C0180
tenant-demo,D002,经销商02,O-D002-2026Q2-C0180,D002-C0180,2026-06-28,2026Q2,true,7819.57,桂中,erp:order:O-D002-2026Q2-C0180
tenant-demo,D002,经销商02,O-D002-2026Q1-C0181,D002-C0181,2026-03-06,2026Q1,true,21276.69,桂中,erp:order:O-D002-2026Q1-C0181
tenant-demo,D002,经销商02,O-D002-2026Q2-C0181,D002-C0181,2026-04-07,2026Q2,true,7790.43,桂中,erp:order:O-D002-2026Q2-C0181
tenant-demo,D002,经销商02,O-D002-2026Q1-C0182,D002-C0182,2026-01-08,2026Q1,false,5835.16,桂中,erp:order:O-D002-2026Q1-C0182
tenant-demo,D002,经销商02,O-D002-2026Q2-C0182,D002-C0182,2026-06-21,2026Q2,false,36929.46,桂中,erp:order:O-D002-2026Q2-C0182
tenant-demo,D002,经销商02,O-D002-2026Q1-C0183,D002-C0183,2026-02-06,2026Q1,true,23484.46,桂中,erp:order:O-D002-2026Q1-C0183
tenant-demo,D002,经销商02,O-D002-2026Q2-C0183,D002-C0183,2026-04-08,2026Q2,true,40329.84,桂中,erp:order:O-D002-2026Q2-C0183
tenant-demo,D002,经销商02,O-D002-2026Q1-C0184,D002-C0184,2026-03-02,2026Q1,true,47469.27,桂中,erp:order:O-D002-2026Q1-C0184
tenant-demo,D002,经销商02,O-D002-2026Q2-C0184,D002-C0184,2026-06-03,2026Q2,true,34503.61,桂中,erp:order:O-D002-2026Q2-C0184
tenant-demo,D002,经销商02,O-D002-2026Q1-C0185,D002-C0185,2026-01-18,2026Q1,false,40935.49,桂中,erp:order:O-D002-2026Q1-C0185
tenant-demo,D002,经销商02,O-D002-2026Q2-C0185,D002-C0185,2026-05-11,2026Q2,false,16989.2,桂中,erp:order:O-D002-2026Q2-C0185
tenant-demo,D002,经销商02,O-D002-2026Q1-C0186,D002-C0186,2026-01-04,2026Q1,false,49426.32,桂中,erp:order:O-D002-2026Q1-C0186
tenant-demo,D002,经销商02,O-D002-2026Q2-C0186,D002-C0186,2026-05-12,2026Q2,false,16512.77,桂中,erp:order:O-D002-2026Q2-C0186
tenant-demo,D002,经销商02,O-D002-2026Q1-C0187,D002-C0187,2026-01-18,2026Q1,false,31721.74,桂中,erp:order:O-D002-2026Q1-C0187
tenant-demo,D002,经销商02,O-D002-2026Q2-C0187,D002-C0187,2026-06-15,2026Q2,false,7796.27,桂中,erp:order:O-D002-2026Q2-C0187
tenant-demo,D002,经销商02,O-D002-2026Q1-C0188,D002-C0188,2026-03-11,2026Q1,false,6701.99,桂中,erp:order:O-D002-2026Q1-C0188
tenant-demo,D002,经销商02,O-D002-2026Q2-C0188,D002-C0188,2026-05-22,2026Q2,false,19012.52,桂中,erp:order:O-D002-2026Q2-C0188
tenant-demo,D002,经销商02,O-D002-2026Q1-C0189,D002-C0189,2026-02-10,2026Q1,true,47998.54,桂中,erp:order:O-D002-2026Q1-C0189
tenant-demo,D002,经销商02,O-D002-2026Q2-C0189,D002-C0189,2026-05-10,2026Q2,true,40684.54,桂中,erp:order:O-D002-2026Q2-C0189
tenant-demo,D002,经销商02,O-D002-2026Q1-C0190,D002-C0190,2026-03-22,2026Q1,false,35253.53,桂中,erp:order:O-D002-2026Q1-C0190
tenant-demo,D002,经销商02,O-D002-2026Q2-C0190,D002-C0190,2026-06-04,2026Q2,false,34288.66,桂中,erp:order:O-D002-2026Q2-C0190
tenant-demo,D002,经销商02,O-D002-2026Q1-C0191,D002-C0191,2026-01-04,2026Q1,true,24079.3,桂中,erp:order:O-D002-2026Q1-C0191
tenant-demo,D002,经销商02,O-D002-2026Q2-C0191,D002-C0191,2026-04-16,2026Q2,false,33385.85,桂中,erp:order:O-D002-2026Q2-C0191
tenant-demo,D002,经销商02,O-D002-2026Q1-C0192,D002-C0192,2026-01-11,2026Q1,false,46105.54,桂中,erp:order:O-D002-2026Q1-C0192
tenant-demo,D002,经销商02,O-D002-2026Q2-C0192,D002-C0192,2026-05-10,2026Q2,false,14667.96,桂中,erp:order:O-D002-2026Q2-C0192
tenant-demo,D002,经销商02,O-D002-2026Q1-C0193,D002-C0193,2026-02-23,2026Q1,false,43806.83,桂中,erp:order:O-D002-2026Q1-C0193
tenant-demo,D002,经销商02,O-D002-2026Q2-C0193,D002-C0193,2026-06-17,2026Q2,true,30123.2,桂中,erp:order:O-D002-2026Q2-C0193
tenant-demo,D002,经销商02,O-D002-2026Q1-C0194,D002-C0194,2026-02-13,2026Q1,true,14468.92,桂中,erp:order:O-D002-2026Q1-C0194
tenant-demo,D002,经销商02,O-D002-2026Q2-C0194,D002-C0194,2026-04-03,2026Q2,true,8758.64,桂中,erp:order:O-D002-2026Q2-C0194
tenant-demo,D002,经销商02,O-D002-2026Q1-C0195,D002-C0195,2026-03-20,2026Q1,true,48576.49,桂中,erp:order:O-D002-2026Q1-C0195
tenant-demo,D002,经销商02,O-D002-2026Q2-C0195,D002-C0195,2026-06-10,2026Q2,false,25221.65,桂中,erp:order:O-D002-2026Q2-C0195
tenant-demo,D002,经销商02,O-D002-2026Q1-C0196,D002-C0196,2026-02-06,2026Q1,false,41665.38,桂中,erp:order:O-D002-2026Q1-C0196
tenant-demo,D002,经销商02,O-D002-2026Q2-C0196,D002-C0196,2026-06-13,2026Q2,true,33914.38,桂中,erp:order:O-D002-2026Q2-C0196
tenant-demo,D002,经销商02,O-D002-2026Q1-C0197,D002-C0197,2026-03-15,2026Q1,true,21875.48,桂中,erp:order:O-D002-2026Q1-C0197
tenant-demo,D002,经销商02,O-D002-2026Q2-C0197,D002-C0197,2026-05-01,2026Q2,true,14960.09,桂中,erp:order:O-D002-2026Q2-C0197
tenant-demo,D002,经销商02,O-D002-2026Q1-C0198,D002-C0198,2026-02-16,2026Q1,true,18167.68,桂中,erp:order:O-D002-2026Q1-C0198
tenant-demo,D002,经销商02,O-D002-2026Q2-C0198,D002-C0198,2026-05-25,2026Q2,false,45281.54,桂中,erp:order:O-D002-2026Q2-C0198
tenant-demo,D002,经销商02,O-D002-2026Q1-C0199,D002-C0199,2026-03-23,2026Q1,false,9924.86,桂中,erp:order:O-D002-2026Q1-C0199
tenant-demo,D002,经销商02,O-D002-2026Q2-C0199,D002-C0199,2026-04-07,2026Q2,false,35150.61,桂中,erp:order:O-D002-2026Q2-C0199
tenant-demo,D002,经销商02,O-D002-2026Q1-C0200,D002-C0200,2026-02-07,2026Q1,true,36010.18,桂中,erp:order:O-D002-2026Q1-C0200
tenant-demo,D002,经销商02,O-D002-2026Q2-C0200,D002-C0200,2026-06-27,2026Q2,true,23949.46,桂中,erp:order:O-D002-2026Q2-C0200
tenant-demo,D002,经销商02,O-D002-2026Q1-C0201,D002-C0201,2026-03-22,2026Q1,false,12918.84,桂中,erp:order:O-D002-2026Q1-C0201
tenant-demo,D002,经销商02,O-D002-2026Q2-C0201,D002-C0201,2026-05-17,2026Q2,false,22393.43,桂中,erp:order:O-D002-2026Q2-C0201
tenant-demo,D002,经销商02,O-D002-2026Q1-C0202,D002-C0202,2026-01-17,2026Q1,true,11377.29,桂中,erp:order:O-D002-2026Q1-C0202
tenant-demo,D002,经销商02,O-D002-2026Q2-C0202,D002-C0202,2026-04-19,2026Q2,true,37040.33,桂中,erp:order:O-D002-2026Q2-C0202
tenant-demo,D002,经销商02,O-D002-2026Q1-C0203,D002-C0203,2026-03-18,2026Q1,false,39923.15,桂中,erp:order:O-D002-2026Q1-C0203
tenant-demo,D002,经销商02,O-D002-2026Q2-C0203,D002-C0203,2026-05-21,2026Q2,true,45412.75,桂中,erp:order:O-D002-2026Q2-C0203
tenant-demo,D002,经销商02,O-D002-2026Q1-C0204,D002-C0204,2026-02-16,2026Q1,true,46606.63,桂中,erp:order:O-D002-2026Q1-C0204
tenant-demo,D002,经销商02,O-D002-2026Q2-C0204,D002-C0204,2026-06-15,2026Q2,true,11064.11,桂中,erp:order:O-D002-2026Q2-C0204
tenant-demo,D002,经销商02,O-D002-2026Q1-C0205,D002-C0205,2026-03-22,2026Q1,true,24516.74,桂中,erp:order:O-D002-2026Q1-C0205
tenant-demo,D002,经销商02,O-D002-2026Q2-C0205,D002-C0205,2026-05-23,2026Q2,true,31041.83,桂中,erp:order:O-D002-2026Q2-C0205
tenant-demo,D002,经销商02,O-D002-2026Q1-C0206,D002-C0206,2026-01-25,2026Q1,false,21348.15,桂中,erp:order:O-D002-2026Q1-C0206
tenant-demo,D002,经销商02,O-D002-2026Q2-C0206,D002-C0206,2026-04-22,2026Q2,false,49609.96,桂中,erp:order:O-D002-2026Q2-C0206
tenant-demo,D002,经销商02,O-D002-2026Q1-C0207,D002-C0207,2026-02-27,2026Q1,true,25750.95,桂中,erp:order:O-D002-2026Q1-C0207
tenant-demo,D002,经销商02,O-D002-2026Q2-C0207,D002-C0207,2026-06-20,2026Q2,false,17213.87,桂中,erp:order:O-D002-2026Q2-C0207
tenant-demo,D002,经销商02,O-D002-2026Q1-C0208,D002-C0208,2026-02-28,2026Q1,true,23693.36,桂中,erp:order:O-D002-2026Q1-C0208
tenant-demo,D002,经销商02,O-D002-2026Q2-C0208,D002-C0208,2026-04-11,2026Q2,false,24972.7,桂中,erp:order:O-D002-2026Q2-C0208
tenant-demo,D002,经销商02,O-D002-2026Q1-C0209,D002-C0209,2026-03-22,2026Q1,false,25147.69,桂中,erp:order:O-D002-2026Q1-C0209
tenant-demo,D002,经销商02,O-D002-2026Q2-C0209,D002-C0209,2026-06-27,2026Q2,false,45232.83,桂中,erp:order:O-D002-2026Q2-C0209
tenant-demo,D002,经销商02,O-D002-2026Q1-C0210,D002-C0210,2026-01-17,2026Q1,true,45051.94,桂中,erp:order:O-D002-2026Q1-C0210
tenant-demo,D002,经销商02,O-D002-2026Q2-C0210,D002-C0210,2026-05-08,2026Q2,false,45689.69,桂中,erp:order:O-D002-2026Q2-C0210
tenant-demo,D002,经销商02,O-D002-2026Q1-C0211,D002-C0211,2026-02-23,2026Q1,true,11978.93,桂中,erp:order:O-D002-2026Q1-C0211
tenant-demo,D002,经销商02,O-D002-2026Q2-C0211,D002-C0211,2026-04-14,2026Q2,true,45053.09,桂中,erp:order:O-D002-2026Q2-C0211
tenant-demo,D002,经销商02,O-D002-2026Q1-C0212,D002-C0212,2026-03-14,2026Q1,false,42959.21,桂中,erp:order:O-D002-2026Q1-C0212
tenant-demo,D002,经销商02,O-D002-2026Q2-C0212,D002-C0212,2026-04-03,2026Q2,true,22914.02,桂中,erp:order:O-D002-2026Q2-C0212
tenant-demo,D002,经销商02,O-D002-2026Q1-C0213,D002-C0213,2026-02-20,2026Q1,false,8817.17,桂中,erp:order:O-D002-2026Q1-C0213
tenant-demo,D002,经销商02,O-D002-2026Q2-C0213,D002-C0213,2026-04-10,2026Q2,false,37724.96,桂中,erp:order:O-D002-2026Q2-C0213
tenant-demo,D002,经销商02,O-D002-2026Q1-C0214,D002-C0214,2026-02-01,2026Q1,true,32171.7,桂中,erp:order:O-D002-2026Q1-C0214
tenant-demo,D002,经销商02,O-D002-2026Q2-C0214,D002-C0214,2026-04-04,2026Q2,false,17771.79,桂中,erp:order:O-D002-2026Q2-C0214
tenant-demo,D002,经销商02,O-D002-2026Q1-C0215,D002-C0215,2026-02-24,2026Q1,true,38391.56,桂中,erp:order:O-D002-2026Q1-C0215
tenant-demo,D002,经销商02,O-D002-2026Q2-C0215,D002-C0215,2026-06-14,2026Q2,true,35175.72,桂中,erp:order:O-D002-2026Q2-C0215
tenant-demo,D002,经销商02,O-D002-2026Q1-C0216,D002-C0216,2026-03-24,2026Q1,false,29937.44,桂中,erp:order:O-D002-2026Q1-C0216
tenant-demo,D002,经销商02,O-D002-2026Q2-C0216,D002-C0216,2026-04-25,2026Q2,false,35685.32,桂中,erp:order:O-D002-2026Q2-C0216
tenant-demo,D002,经销商02,O-D002-2026Q1-C0217,D002-C0217,2026-02-27,2026Q1,true,12449.79,桂中,erp:order:O-D002-2026Q1-C0217
tenant-demo,D002,经销商02,O-D002-2026Q2-C0217,D002-C0217,2026-04-12,2026Q2,true,24487.51,桂中,erp:order:O-D002-2026Q2-C0217
tenant-demo,D002,经销商02,O-D002-2026Q1-C0218,D002-C0218,2026-02-02,2026Q1,true,34095.33,桂中,erp:order:O-D002-2026Q1-C0218
tenant-demo,D002,经销商02,O-D002-2026Q2-C0218,D002-C0218,2026-05-26,2026Q2,true,49323.98,桂中,erp:order:O-D002-2026Q2-C0218
tenant-demo,D002,经销商02,O-D002-2026Q1-C0219,D002-C0219,2026-02-10,2026Q1,false,25303.06,桂中,erp:order:O-D002-2026Q1-C0219
tenant-demo,D002,经销商02,O-D002-2026Q2-C0219,D002-C0219,2026-04-09,2026Q2,true,30147.65,桂中,erp:order:O-D002-2026Q2-C0219
tenant-demo,D002,经销商02,O-D002-2026Q1-C0220,D002-C0220,2026-02-06,2026Q1,false,48216.25,桂中,erp:order:O-D002-2026Q1-C0220
tenant-demo,D002,经销商02,O-D002-2026Q2-C0220,D002-C0220,2026-06-11,2026Q2,false,46377.2,桂中,erp:order:O-D002-2026Q2-C0220
tenant-demo,D002,经销商02,O-D002-2026Q1-C0221,D002-C0221,2026-01-23,2026Q1,true,29992.14,桂中,erp:order:O-D002-2026Q1-C0221
tenant-demo,D002,经销商02,O-D002-2026Q2-C0221,D002-C0221,2026-04-13,2026Q2,true,6603.15,桂中,erp:order:O-D002-2026Q2-C0221
tenant-demo,D002,经销商02,O-D002-2026Q1-C0222,D002-C0222,2026-02-06,2026Q1,true,19538.6,桂中,erp:order:O-D002-2026Q1-C0222
tenant-demo,D002,经销商02,O-D002-2026Q2-C0222,D002-C0222,2026-05-01,2026Q2,false,18183.11,桂中,erp:order:O-D002-2026Q2-C0222
tenant-demo,D002,经销商02,O-D002-2026Q1-C0223,D002-C0223,2026-03-19,2026Q1,false,29453.17,桂中,erp:order:O-D002-2026Q1-C0223
tenant-demo,D002,经销商02,O-D002-2026Q2-C0223,D002-C0223,2026-06-27,2026Q2,false,6039.93,桂中,erp:order:O-D002-2026Q2-C0223
tenant-demo,D002,经销商02,O-D002-2026Q1-C0224,D002-C0224,2026-01-26,2026Q1,true,25875.26,桂中,erp:order:O-D002-2026Q1-C0224
tenant-demo,D002,经销商02,O-D002-2026Q2-C0224,D002-C0224,2026-05-04,2026Q2,true,32814.64,桂中,erp:order:O-D002-2026Q2-C0224
tenant-demo,D002,经销商02,O-D002-2026Q1-C0225,D002-C0225,2026-03-19,2026Q1,false,10602.58,桂中,erp:order:O-D002-2026Q1-C0225
tenant-demo,D002,经销商02,O-D002-2026Q2-C0225,D002-C0225,2026-05-03,2026Q2,true,5741.73,桂中,erp:order:O-D002-2026Q2-C0225
tenant-demo,D002,经销商02,O-D002-2026Q1-C0226,D002-C0226,2026-01-12,2026Q1,false,27467.95,桂中,erp:order:O-D002-2026Q1-C0226
tenant-demo,D002,经销商02,O-D002-2026Q2-C0226,D002-C0226,2026-05-16,2026Q2,true,31345.28,桂中,erp:order:O-D002-2026Q2-C0226
tenant-demo,D002,经销商02,O-D002-2026Q1-C0227,D002-C0227,2026-02-07,2026Q1,true,44065.82,桂中,erp:order:O-D002-2026Q1-C0227
tenant-demo,D002,经销商02,O-D002-2026Q2-C0227,D002-C0227,2026-04-16,2026Q2,true,49091.4,桂中,erp:order:O-D002-2026Q2-C0227
tenant-demo,D002,经销商02,O-D002-2026Q1-C0228,D002-C0228,2026-02-21,2026Q1,false,26186.22,桂中,erp:order:O-D002-2026Q1-C0228
tenant-demo,D002,经销商02,O-D002-2026Q2-C0228,D002-C0228,2026-05-15,2026Q2,true,28177.05,桂中,erp:order:O-D002-2026Q2-C0228
tenant-demo,D002,经销商02,O-D002-2026Q1-C0229,D002-C0229,2026-02-26,2026Q1,false,29811.64,桂中,erp:order:O-D002-2026Q1-C0229
tenant-demo,D002,经销商02,O-D002-2026Q2-C0229,D002-C0229,2026-05-05,2026Q2,false,9190.51,桂中,erp:order:O-D002-2026Q2-C0229
tenant-demo,D002,经销商02,O-D002-2026Q1-C0230,D002-C0230,2026-02-26,2026Q1,false,45960.2,桂中,erp:order:O-D002-2026Q1-C0230
tenant-demo,D002,经销商02,O-D002-2026Q2-C0230,D002-C0230,2026-04-03,2026Q2,false,39928.23,桂中,erp:order:O-D002-2026Q2-C0230
tenant-demo,D002,经销商02,O-D002-2026Q1-C0231,D002-C0231,2026-01-19,2026Q1,false,25538.1,桂中,erp:order:O-D002-2026Q1-C0231
tenant-demo,D002,经销商02,O-D002-2026Q2-C0231,D002-C0231,2026-06-04,2026Q2,false,32269.02,桂中,erp:order:O-D002-2026Q2-C0231
tenant-demo,D002,经销商02,O-D002-2026Q1-C0232,D002-C0232,2026-01-20,2026Q1,true,44163.84,桂中,erp:order:O-D002-2026Q1-C0232
tenant-demo,D002,经销商02,O-D002-2026Q2-C0232,D002-C0232,2026-04-11,2026Q2,false,19294.9,桂中,erp:order:O-D002-2026Q2-C0232
tenant-demo,D002,经销商02,O-D002-2026Q1-C0233,D002-C0233,2026-01-24,2026Q1,true,39696.23,桂中,erp:order:O-D002-2026Q1-C0233
tenant-demo,D002,经销商02,O-D002-2026Q2-C0233,D002-C0233,2026-06-19,2026Q2,true,40663.07,桂中,erp:order:O-D002-2026Q2-C0233
tenant-demo,D002,经销商02,O-D002-2026Q1-C0234,D002-C0234,2026-02-19,2026Q1,true,47879.08,桂中,erp:order:O-D002-2026Q1-C0234
tenant-demo,D002,经销商02,O-D002-2026Q2-C0234,D002-C0234,2026-06-15,2026Q2,true,25755.94,桂中,erp:order:O-D002-2026Q2-C0234
tenant-demo,D002,经销商02,O-D002-2026Q1-C0235,D002-C0235,2026-03-25,2026Q1,false,22376.04,桂中,erp:order:O-D002-2026Q1-C0235
tenant-demo,D002,经销商02,O-D002-2026Q2-C0235,D002-C0235,2026-05-26,2026Q2,false,33685.33,桂中,erp:order:O-D002-2026Q2-C0235
tenant-demo,D002,经销商02,O-D002-2026Q1-C0236,D002-C0236,2026-03-27,2026Q1,true,12845.39,桂中,erp:order:O-D002-2026Q1-C0236
tenant-demo,D002,经销商02,O-D002-2026Q2-C0236,D002-C0236,2026-04-10,2026Q2,false,11413.68,桂中,erp:order:O-D002-2026Q2-C0236
tenant-demo,D002,经销商02,O-D002-2026Q1-C0237,D002-C0237,2026-03-05,2026Q1,false,12974.76,桂中,erp:order:O-D002-2026Q1-C0237
tenant-demo,D002,经销商02,O-D002-2026Q2-C0237,D002-C0237,2026-04-23,2026Q2,false,14334.21,桂中,erp:order:O-D002-2026Q2-C0237
tenant-demo,D002,经销商02,O-D002-2026Q1-C0238,D002-C0238,2026-02-26,2026Q1,true,15975.31,桂中,erp:order:O-D002-2026Q1-C0238
tenant-demo,D002,经销商02,O-D002-2026Q2-C0238,D002-C0238,2026-05-17,2026Q2,false,11211.44,桂中,erp:order:O-D002-2026Q2-C0238
tenant-demo,D002,经销商02,O-D002-2026Q1-C0239,D002-C0239,2026-02-20,2026Q1,true,29662.76,桂中,erp:order:O-D002-2026Q1-C0239
tenant-demo,D002,经销商02,O-D002-2026Q2-C0239,D002-C0239,2026-05-18,2026Q2,false,33759.42,桂中,erp:order:O-D002-2026Q2-C0239
tenant-demo,D002,经销商02,O-D002-2026Q1-C0240,D002-C0240,2026-03-22,2026Q1,true,48037.91,桂中,erp:order:O-D002-2026Q1-C0240
tenant-demo,D002,经销商02,O-D002-2026Q2-C0240,D002-C0240,2026-05-09,2026Q2,true,35919.42,桂中,erp:order:O-D002-2026Q2-C0240
tenant-demo,D002,经销商02,O-D002-2026Q1-C0241,D002-C0241,2026-03-22,2026Q1,false,26486.6,桂中,erp:order:O-D002-2026Q1-C0241
tenant-demo,D002,经销商02,O-D002-2026Q2-C0241,D002-C0241,2026-04-09,2026Q2,false,13900.8,桂中,erp:order:O-D002-2026Q2-C0241
tenant-demo,D002,经销商02,O-D002-2026Q1-C0242,D002-C0242,2026-01-15,2026Q1,false,32449.81,桂中,erp:order:O-D002-2026Q1-C0242
tenant-demo,D002,经销商02,O-D002-2026Q2-C0242,D002-C0242,2026-05-15,2026Q2,true,14789.08,桂中,erp:order:O-D002-2026Q2-C0242
tenant-demo,D002,经销商02,O-D002-2026Q1-C0243,D002-C0243,2026-03-02,2026Q1,false,33245.09,桂中,erp:order:O-D002-2026Q1-C0243
tenant-demo,D002,经销商02,O-D002-2026Q2-C0243,D002-C0243,2026-04-22,2026Q2,false,20638.14,桂中,erp:order:O-D002-2026Q2-C0243
tenant-demo,D002,经销商02,O-D002-2026Q1-C0244,D002-C0244,2026-03-25,2026Q1,true,12025.55,桂中,erp:order:O-D002-2026Q1-C0244
tenant-demo,D002,经销商02,O-D002-2026Q2-C0244,D002-C0244,2026-05-11,2026Q2,false,35593.34,桂中,erp:order:O-D002-2026Q2-C0244
tenant-demo,D002,经销商02,O-D002-2026Q1-C0245,D002-C0245,2026-03-21,2026Q1,false,11888.64,桂中,erp:order:O-D002-2026Q1-C0245
tenant-demo,D002,经销商02,O-D002-2026Q2-C0245,D002-C0245,2026-04-22,2026Q2,true,45121.47,桂中,erp:order:O-D002-2026Q2-C0245
tenant-demo,D002,经销商02,O-D002-2026Q1-C0246,D002-C0246,2026-02-22,2026Q1,true,42049.8,桂中,erp:order:O-D002-2026Q1-C0246
tenant-demo,D002,经销商02,O-D002-2026Q2-C0246,D002-C0246,2026-04-01,2026Q2,false,42825.7,桂中,erp:order:O-D002-2026Q2-C0246
tenant-demo,D002,经销商02,O-D002-2026Q1-C0247,D002-C0247,2026-03-03,2026Q1,false,43524.78,桂中,erp:order:O-D002-2026Q1-C0247
tenant-demo,D002,经销商02,O-D002-2026Q2-C0247,D002-C0247,2026-04-18,2026Q2,true,41775.44,桂中,erp:order:O-D002-2026Q2-C0247
tenant-demo,D002,经销商02,O-D002-2026Q1-C0248,D002-C0248,2026-01-28,2026Q1,false,16318.83,桂中,erp:order:O-D002-2026Q1-C0248
tenant-demo,D002,经销商02,O-D002-2026Q2-C0248,D002-C0248,2026-06-09,2026Q2,true,24383.22,桂中,erp:order:O-D002-2026Q2-C0248
tenant-demo,D002,经销商02,O-D002-2026Q1-C0249,D002-C0249,2026-02-07,2026Q1,false,34804.81,桂中,erp:order:O-D002-2026Q1-C0249
tenant-demo,D002,经销商02,O-D002-2026Q2-C0249,D002-C0249,2026-04-14,2026Q2,false,42156.12,桂中,erp:order:O-D002-2026Q2-C0249
tenant-demo,D002,经销商02,O-D002-2026Q1-C0250,D002-C0250,2026-01-14,2026Q1,false,8606.63,桂中,erp:order:O-D002-2026Q1-C0250
tenant-demo,D002,经销商02,O-D002-2026Q2-C0250,D002-C0250,2026-05-17,2026Q2,false,25282.63,桂中,erp:order:O-D002-2026Q2-C0250
tenant-demo,D002,经销商02,O-D002-2026Q1-C0251,D002-C0251,2026-01-22,2026Q1,true,46526.86,桂中,erp:order:O-D002-2026Q1-C0251
tenant-demo,D002,经销商02,O-D002-2026Q2-C0251,D002-C0251,2026-05-25,2026Q2,true,7518.05,桂中,erp:order:O-D002-2026Q2-C0251
tenant-demo,D002,经销商02,O-D002-2026Q1-C0252,D002-C0252,2026-03-07,2026Q1,false,45790.85,桂中,erp:order:O-D002-2026Q1-C0252
tenant-demo,D002,经销商02,O-D002-2026Q2-C0252,D002-C0252,2026-06-06,2026Q2,true,14080.95,桂中,erp:order:O-D002-2026Q2-C0252
tenant-demo,D002,经销商02,O-D002-2026Q1-C0253,D002-C0253,2026-03-01,2026Q1,true,25494.15,桂中,erp:order:O-D002-2026Q1-C0253
tenant-demo,D002,经销商02,O-D002-2026Q2-C0253,D002-C0253,2026-06-10,2026Q2,false,19717.61,桂中,erp:order:O-D002-2026Q2-C0253
tenant-demo,D002,经销商02,O-D002-2026Q1-C0254,D002-C0254,2026-01-15,2026Q1,false,34639.33,桂中,erp:order:O-D002-2026Q1-C0254
tenant-demo,D002,经销商02,O-D002-2026Q2-C0254,D002-C0254,2026-05-06,2026Q2,false,7355.5,桂中,erp:order:O-D002-2026Q2-C0254
tenant-demo,D002,经销商02,O-D002-2026Q1-C0255,D002-C0255,2026-01-20,2026Q1,false,39399.92,桂中,erp:order:O-D002-2026Q1-C0255
tenant-demo,D002,经销商02,O-D002-2026Q2-C0255,D002-C0255,2026-04-09,2026Q2,false,19208.5,桂中,erp:order:O-D002-2026Q2-C0255
tenant-demo,D002,经销商02,O-D002-2026Q1-C0256,D002-C0256,2026-02-26,2026Q1,false,9800.35,桂中,erp:order:O-D002-2026Q1-C0256
tenant-demo,D002,经销商02,O-D002-2026Q2-C0256,D002-C0256,2026-06-16,2026Q2,false,34438.76,桂中,erp:order:O-D002-2026Q2-C0256
tenant-demo,D002,经销商02,O-D002-2026Q1-C0257,D002-C0257,2026-01-05,2026Q1,true,27457.96,桂中,erp:order:O-D002-2026Q1-C0257
tenant-demo,D002,经销商02,O-D002-2026Q2-C0257,D002-C0257,2026-04-21,2026Q2,false,17851.98,桂中,erp:order:O-D002-2026Q2-C0257
tenant-demo,D002,经销商02,O-D002-2026Q1-C0258,D002-C0258,2026-01-25,2026Q1,true,42960.72,桂中,erp:order:O-D002-2026Q1-C0258
tenant-demo,D002,经销商02,O-D002-2026Q2-C0258,D002-C0258,2026-04-19,2026Q2,true,35561.6,桂中,erp:order:O-D002-2026Q2-C0258
tenant-demo,D002,经销商02,O-D002-2026Q1-C0259,D002-C0259,2026-01-01,2026Q1,false,32761.72,桂中,erp:order:O-D002-2026Q1-C0259
tenant-demo,D002,经销商02,O-D002-2026Q2-C0259,D002-C0259,2026-04-19,2026Q2,false,47173.41,桂中,erp:order:O-D002-2026Q2-C0259
tenant-demo,D002,经销商02,O-D002-2026Q1-C0260,D002-C0260,2026-03-06,2026Q1,true,21451.92,桂中,erp:order:O-D002-2026Q1-C0260
tenant-demo,D002,经销商02,O-D002-2026Q2-C0260,D002-C0260,2026-04-03,2026Q2,true,17155.32,桂中,erp:order:O-D002-2026Q2-C0260
tenant-demo,D002,经销商02,O-D002-2026Q1-C0261,D002-C0261,2026-02-27,2026Q1,false,18515.76,桂中,erp:order:O-D002-2026Q1-C0261
tenant-demo,D002,经销商02,O-D002-2026Q2-C0261,D002-C0261,2026-06-05,2026Q2,true,41310.77,桂中,erp:order:O-D002-2026Q2-C0261
tenant-demo,D002,经销商02,O-D002-2026Q1-C0262,D002-C0262,2026-01-10,2026Q1,false,46501.33,桂中,erp:order:O-D002-2026Q1-C0262
tenant-demo,D002,经销商02,O-D002-2026Q2-C0262,D002-C0262,2026-06-04,2026Q2,true,42214.53,桂中,erp:order:O-D002-2026Q2-C0262
tenant-demo,D002,经销商02,O-D002-2026Q1-C0263,D002-C0263,2026-01-25,2026Q1,true,18471.53,桂中,erp:order:O-D002-2026Q1-C0263
tenant-demo,D002,经销商02,O-D002-2026Q2-C0263,D002-C0263,2026-05-13,2026Q2,true,39381.95,桂中,erp:order:O-D002-2026Q2-C0263
tenant-demo,D002,经销商02,O-D002-2026Q1-C0264,D002-C0264,2026-01-01,2026Q1,true,33800.18,桂中,erp:order:O-D002-2026Q1-C0264
tenant-demo,D002,经销商02,O-D002-2026Q2-C0264,D002-C0264,2026-05-16,2026Q2,false,48383.31,桂中,erp:order:O-D002-2026Q2-C0264
tenant-demo,D002,经销商02,O-D002-2026Q1-C0265,D002-C0265,2026-01-10,2026Q1,true,48449.5,桂中,erp:order:O-D002-2026Q1-C0265
tenant-demo,D002,经销商02,O-D002-2026Q2-C0265,D002-C0265,2026-05-12,2026Q2,false,36232.7,桂中,erp:order:O-D002-2026Q2-C0265
tenant-demo,D002,经销商02,O-D002-2026Q1-C0266,D002-C0266,2026-02-28,2026Q1,true,13106.59,桂中,erp:order:O-D002-2026Q1-C0266
tenant-demo,D002,经销商02,O-D002-2026Q2-C0266,D002-C0266,2026-04-17,2026Q2,true,29665.82,桂中,erp:order:O-D002-2026Q2-C0266
tenant-demo,D002,经销商02,O-D002-2026Q1-C0267,D002-C0267,2026-03-21,2026Q1,true,38198.84,桂中,erp:order:O-D002-2026Q1-C0267
tenant-demo,D002,经销商02,O-D002-2026Q2-C0267,D002-C0267,2026-05-23,2026Q2,false,15190.52,桂中,erp:order:O-D002-2026Q2-C0267
tenant-demo,D002,经销商02,O-D002-2026Q1-C0268,D002-C0268,2026-01-23,2026Q1,false,45415.91,桂中,erp:order:O-D002-2026Q1-C0268
tenant-demo,D002,经销商02,O-D002-2026Q2-C0268,D002-C0268,2026-04-02,2026Q2,false,21410.1,桂中,erp:order:O-D002-2026Q2-C0268
tenant-demo,D002,经销商02,O-D002-2026Q1-C0269,D002-C0269,2026-01-12,2026Q1,true,16053.34,桂中,erp:order:O-D002-2026Q1-C0269
tenant-demo,D002,经销商02,O-D002-2026Q2-C0269,D002-C0269,2026-04-07,2026Q2,false,8002.94,桂中,erp:order:O-D002-2026Q2-C0269
tenant-demo,D002,经销商02,O-D002-2026Q1-C0270,D002-C0270,2026-03-14,2026Q1,true,24437.17,桂中,erp:order:O-D002-2026Q1-C0270
tenant-demo,D002,经销商02,O-D002-2026Q2-C0270,D002-C0270,2026-05-22,2026Q2,true,25221.64,桂中,erp:order:O-D002-2026Q2-C0270
tenant-demo,D002,经销商02,O-D002-2026Q1-C0271,D002-C0271,2026-03-21,2026Q1,true,31799.65,桂中,erp:order:O-D002-2026Q1-C0271
tenant-demo,D002,经销商02,O-D002-2026Q2-C0271,D002-C0271,2026-05-02,2026Q2,true,33978.94,桂中,erp:order:O-D002-2026Q2-C0271
tenant-demo,D002,经销商02,O-D002-2026Q1-C0272,D002-C0272,2026-03-09,2026Q1,true,14161.26,桂中,erp:order:O-D002-2026Q1-C0272
tenant-demo,D002,经销商02,O-D002-2026Q2-C0272,D002-C0272,2026-06-25,2026Q2,true,10863.12,桂中,erp:order:O-D002-2026Q2-C0272
tenant-demo,D002,经销商02,O-D002-2026Q1-C0273,D002-C0273,2026-02-27,2026Q1,false,38272.47,桂中,erp:order:O-D002-2026Q1-C0273
tenant-demo,D002,经销商02,O-D002-2026Q2-C0273,D002-C0273,2026-04-27,2026Q2,true,13999.35,桂中,erp:order:O-D002-2026Q2-C0273
tenant-demo,D002,经销商02,O-D002-2026Q1-C0274,D002-C0274,2026-03-21,2026Q1,true,5235.43,桂中,erp:order:O-D002-2026Q1-C0274
tenant-demo,D002,经销商02,O-D002-2026Q2-C0274,D002-C0274,2026-06-26,2026Q2,false,15047.11,桂中,erp:order:O-D002-2026Q2-C0274
tenant-demo,D002,经销商02,O-D002-2026Q1-C0275,D002-C0275,2026-01-10,2026Q1,true,42547.29,桂中,erp:order:O-D002-2026Q1-C0275
tenant-demo,D002,经销商02,O-D002-2026Q2-C0275,D002-C0275,2026-05-22,2026Q2,false,49242.7,桂中,erp:order:O-D002-2026Q2-C0275
tenant-demo,D002,经销商02,O-D002-2026Q1-C0276,D002-C0276,2026-01-01,2026Q1,false,40063.66,桂中,erp:order:O-D002-2026Q1-C0276
tenant-demo,D002,经销商02,O-D002-2026Q2-C0276,D002-C0276,2026-04-20,2026Q2,true,35534.7,桂中,erp:order:O-D002-2026Q2-C0276
tenant-demo,D002,经销商02,O-D002-2026Q1-C0277,D002-C0277,2026-01-26,2026Q1,true,17484.94,桂中,erp:order:O-D002-2026Q1-C0277
tenant-demo,D002,经销商02,O-D002-2026Q2-C0277,D002-C0277,2026-04-01,2026Q2,false,34968.65,桂中,erp:order:O-D002-2026Q2-C0277
tenant-demo,D002,经销商02,O-D002-2026Q1-C0278,D002-C0278,2026-01-23,2026Q1,true,20656.88,桂中,erp:order:O-D002-2026Q1-C0278
tenant-demo,D002,经销商02,O-D002-2026Q2-C0278,D002-C0278,2026-05-27,2026Q2,true,30461.46,桂中,erp:order:O-D002-2026Q2-C0278
tenant-demo,D002,经销商02,O-D002-2026Q1-C0279,D002-C0279,2026-03-04,2026Q1,true,27100.73,桂中,erp:order:O-D002-2026Q1-C0279
tenant-demo,D002,经销商02,O-D002-2026Q2-C0279,D002-C0279,2026-06-12,2026Q2,true,48691.11,桂中,erp:order:O-D002-2026Q2-C0279
tenant-demo,D002,经销商02,O-D002-2026Q1-C0280,D002-C0280,2026-01-06,2026Q1,true,7777.69,桂中,erp:order:O-D002-2026Q1-C0280
tenant-demo,D002,经销商02,O-D002-2026Q2-C0280,D002-C0280,2026-04-24,2026Q2,false,13877.36,桂中,erp:order:O-D002-2026Q2-C0280
tenant-demo,D002,经销商02,O-D002-2026Q1-C0281,D002-C0281,2026-03-12,2026Q1,false,22038.12,桂中,erp:order:O-D002-2026Q1-C0281
tenant-demo,D002,经销商02,O-D002-2026Q2-C0281,D002-C0281,2026-04-02,2026Q2,false,49534.96,桂中,erp:order:O-D002-2026Q2-C0281
tenant-demo,D002,经销商02,O-D002-2026Q1-C0282,D002-C0282,2026-03-15,2026Q1,false,48077.7,桂中,erp:order:O-D002-2026Q1-C0282
tenant-demo,D002,经销商02,O-D002-2026Q2-C0282,D002-C0282,2026-06-12,2026Q2,true,41046.85,桂中,erp:order:O-D002-2026Q2-C0282
tenant-demo,D002,经销商02,O-D002-2026Q1-C0283,D002-C0283,2026-02-24,2026Q1,true,17953.14,桂中,erp:order:O-D002-2026Q1-C0283
tenant-demo,D002,经销商02,O-D002-2026Q2-C0283,D002-C0283,2026-05-01,2026Q2,true,40211.66,桂中,erp:order:O-D002-2026Q2-C0283
tenant-demo,D002,经销商02,O-D002-2026Q1-C0284,D002-C0284,2026-01-13,2026Q1,false,46964.9,桂中,erp:order:O-D002-2026Q1-C0284
tenant-demo,D002,经销商02,O-D002-2026Q2-C0284,D002-C0284,2026-05-02,2026Q2,false,18575.82,桂中,erp:order:O-D002-2026Q2-C0284
tenant-demo,D002,经销商02,O-D002-2026Q1-C0285,D002-C0285,2026-03-16,2026Q1,true,35120.86,桂中,erp:order:O-D002-2026Q1-C0285
tenant-demo,D002,经销商02,O-D002-2026Q2-C0285,D002-C0285,2026-05-11,2026Q2,true,17440.57,桂中,erp:order:O-D002-2026Q2-C0285
tenant-demo,D002,经销商02,O-D002-2026Q1-C0286,D002-C0286,2026-02-24,2026Q1,false,42541.28,桂中,erp:order:O-D002-2026Q1-C0286
tenant-demo,D002,经销商02,O-D002-2026Q2-C0286,D002-C0286,2026-06-27,2026Q2,false,25506.54,桂中,erp:order:O-D002-2026Q2-C0286
tenant-demo,D002,经销商02,O-D002-2026Q1-C0287,D002-C0287,2026-01-17,2026Q1,true,28070.3,桂中,erp:order:O-D002-2026Q1-C0287
tenant-demo,D002,经销商02,O-D002-2026Q2-C0287,D002-C0287,2026-05-07,2026Q2,false,6855.22,桂中,erp:order:O-D002-2026Q2-C0287
tenant-demo,D002,经销商02,O-D002-2026Q1-C0288,D002-C0288,2026-03-04,2026Q1,false,19163.77,桂中,erp:order:O-D002-2026Q1-C0288
tenant-demo,D002,经销商02,O-D002-2026Q2-C0288,D002-C0288,2026-05-14,2026Q2,true,32582.18,桂中,erp:order:O-D002-2026Q2-C0288
tenant-demo,D002,经销商02,O-D002-2026Q1-C0289,D002-C0289,2026-03-24,2026Q1,true,30462.09,桂中,erp:order:O-D002-2026Q1-C0289
tenant-demo,D002,经销商02,O-D002-2026Q2-C0289,D002-C0289,2026-05-08,2026Q2,false,10811.07,桂中,erp:order:O-D002-2026Q2-C0289
tenant-demo,D002,经销商02,O-D002-2026Q1-C0290,D002-C0290,2026-02-19,2026Q1,true,36606.98,桂中,erp:order:O-D002-2026Q1-C0290
tenant-demo,D002,经销商02,O-D002-2026Q2-C0290,D002-C0290,2026-05-27,2026Q2,true,44364.05,桂中,erp:order:O-D002-2026Q2-C0290
tenant-demo,D002,经销商02,O-D002-2026Q1-C0291,D002-C0291,2026-01-10,2026Q1,false,24153.24,桂中,erp:order:O-D002-2026Q1-C0291
tenant-demo,D002,经销商02,O-D002-2026Q2-C0291,D002-C0291,2026-04-14,2026Q2,false,27961.52,桂中,erp:order:O-D002-2026Q2-C0291
tenant-demo,D002,经销商02,O-D002-2026Q1-C0292,D002-C0292,2026-03-24,2026Q1,true,6648.23,桂中,erp:order:O-D002-2026Q1-C0292
tenant-demo,D002,经销商02,O-D002-2026Q2-C0292,D002-C0292,2026-06-24,2026Q2,false,27300.52,桂中,erp:order:O-D002-2026Q2-C0292
tenant-demo,D002,经销商02,O-D002-2026Q1-C0293,D002-C0293,2026-01-23,2026Q1,false,7011.37,桂中,erp:order:O-D002-2026Q1-C0293
tenant-demo,D002,经销商02,O-D002-2026Q2-C0293,D002-C0293,2026-05-14,2026Q2,false,41471.52,桂中,erp:order:O-D002-2026Q2-C0293
tenant-demo,D002,经销商02,O-D002-2026Q1-C0294,D002-C0294,2026-03-18,2026Q1,false,25851.35,桂中,erp:order:O-D002-2026Q1-C0294
tenant-demo,D002,经销商02,O-D002-2026Q2-C0294,D002-C0294,2026-05-01,2026Q2,false,24226.7,桂中,erp:order:O-D002-2026Q2-C0294
tenant-demo,D002,经销商02,O-D002-2026Q1-C0295,D002-C0295,2026-03-02,2026Q1,false,43715.14,桂中,erp:order:O-D002-2026Q1-C0295
tenant-demo,D002,经销商02,O-D002-2026Q2-C0295,D002-C0295,2026-05-17,2026Q2,false,18111.75,桂中,erp:order:O-D002-2026Q2-C0295
tenant-demo,D002,经销商02,O-D002-2026Q1-C0296,D002-C0296,2026-03-02,2026Q1,true,6291.4,桂中,erp:order:O-D002-2026Q1-C0296
tenant-demo,D002,经销商02,O-D002-2026Q2-C0296,D002-C0296,2026-06-04,2026Q2,false,14823.21,桂中,erp:order:O-D002-2026Q2-C0296
tenant-demo,D002,经销商02,O-D002-2026Q1-C0297,D002-C0297,2026-03-14,2026Q1,false,12375.67,桂中,erp:order:O-D002-2026Q1-C0297
tenant-demo,D002,经销商02,O-D002-2026Q2-C0297,D002-C0297,2026-04-03,2026Q2,false,28381.32,桂中,erp:order:O-D002-2026Q2-C0297
tenant-demo,D002,经销商02,O-D002-2026Q1-C0298,D002-C0298,2026-02-17,2026Q1,false,48895.78,桂中,erp:order:O-D002-2026Q1-C0298
tenant-demo,D002,经销商02,O-D002-2026Q2-C0298,D002-C0298,2026-05-21,2026Q2,false,7835.93,桂中,erp:order:O-D002-2026Q2-C0298
tenant-demo,D002,经销商02,O-D002-2026Q1-C0299,D002-C0299,2026-02-13,2026Q1,true,42297.8,桂中,erp:order:O-D002-2026Q1-C0299
tenant-demo,D002,经销商02,O-D002-2026Q2-C0299,D002-C0299,2026-06-10,2026Q2,false,32520.35,桂中,erp:order:O-D002-2026Q2-C0299
tenant-demo,D002,经销商02,O-D002-2026Q1-C0300,D002-C0300,2026-03-03,2026Q1,false,27435.5,桂中,erp:order:O-D002-2026Q1-C0300
tenant-demo,D002,经销商02,O-D002-2026Q2-C0300,D002-C0300,2026-04-21,2026Q2,false,28842.86,桂中,erp:order:O-D002-2026Q2-C0300
tenant-demo,D002,经销商02,O-D002-2026Q1-C0301,D002-C0301,2026-01-20,2026Q1,true,8957.64,桂中,erp:order:O-D002-2026Q1-C0301
tenant-demo,D002,经销商02,O-D002-2026Q2-C0301,D002-C0301,2026-06-12,2026Q2,true,31774.57,桂中,erp:order:O-D002-2026Q2-C0301
tenant-demo,D002,经销商02,O-D002-2026Q1-C0302,D002-C0302,2026-01-25,2026Q1,false,26597.07,桂中,erp:order:O-D002-2026Q1-C0302
tenant-demo,D002,经销商02,O-D002-2026Q2-C0302,D002-C0302,2026-06-05,2026Q2,true,43521.24,桂中,erp:order:O-D002-2026Q2-C0302
tenant-demo,D002,经销商02,O-D002-2026Q1-C0303,D002-C0303,2026-01-03,2026Q1,false,24108.71,桂中,erp:order:O-D002-2026Q1-C0303
tenant-demo,D002,经销商02,O-D002-2026Q2-C0303,D002-C0303,2026-06-23,2026Q2,false,21023.04,桂中,erp:order:O-D002-2026Q2-C0303
tenant-demo,D002,经销商02,O-D002-2026Q1-C0304,D002-C0304,2026-03-09,2026Q1,true,40981.95,桂中,erp:order:O-D002-2026Q1-C0304
tenant-demo,D002,经销商02,O-D002-2026Q2-C0304,D002-C0304,2026-05-10,2026Q2,false,37549.83,桂中,erp:order:O-D002-2026Q2-C0304
tenant-demo,D002,经销商02,O-D002-2026Q1-C0305,D002-C0305,2026-02-15,2026Q1,false,23303.19,桂中,erp:order:O-D002-2026Q1-C0305
tenant-demo,D002,经销商02,O-D002-2026Q2-C0305,D002-C0305,2026-06-23,2026Q2,true,21575.69,桂中,erp:order:O-D002-2026Q2-C0305
tenant-demo,D002,经销商02,O-D002-2026Q1-C0306,D002-C0306,2026-01-23,2026Q1,false,23570.75,桂中,erp:order:O-D002-2026Q1-C0306
tenant-demo,D002,经销商02,O-D002-2026Q2-C0306,D002-C0306,2026-06-23,2026Q2,false,26500.38,桂中,erp:order:O-D002-2026Q2-C0306
tenant-demo,D002,经销商02,O-D002-2026Q1-C0307,D002-C0307,2026-03-16,2026Q1,false,16378.72,桂中,erp:order:O-D002-2026Q1-C0307
tenant-demo,D002,经销商02,O-D002-2026Q2-C0307,D002-C0307,2026-05-17,2026Q2,false,32235.95,桂中,erp:order:O-D002-2026Q2-C0307
tenant-demo,D002,经销商02,O-D002-2026Q1-C0308,D002-C0308,2026-02-16,2026Q1,true,41242.81,桂中,erp:order:O-D002-2026Q1-C0308
tenant-demo,D002,经销商02,O-D002-2026Q2-C0308,D002-C0308,2026-04-21,2026Q2,false,10912.86,桂中,erp:order:O-D002-2026Q2-C0308
tenant-demo,D002,经销商02,O-D002-2026Q1-C0309,D002-C0309,2026-01-08,2026Q1,false,36294.01,桂中,erp:order:O-D002-2026Q1-C0309
tenant-demo,D002,经销商02,O-D002-2026Q2-C0309,D002-C0309,2026-04-22,2026Q2,false,19989.93,桂中,erp:order:O-D002-2026Q2-C0309
tenant-demo,D002,经销商02,O-D002-2026Q1-C0310,D002-C0310,2026-03-12,2026Q1,true,29901.28,桂中,erp:order:O-D002-2026Q1-C0310
tenant-demo,D002,经销商02,O-D002-2026Q2-C0310,D002-C0310,2026-05-21,2026Q2,true,12648.24,桂中,erp:order:O-D002-2026Q2-C0310
tenant-demo,D002,经销商02,O-D002-2026Q1-C0311,D002-C0311,2026-02-08,2026Q1,false,23445.48,桂中,erp:order:O-D002-2026Q1-C0311
tenant-demo,D002,经销商02,O-D002-2026Q2-C0311,D002-C0311,2026-06-16,2026Q2,true,32759.56,桂中,erp:order:O-D002-2026Q2-C0311
tenant-demo,D002,经销商02,O-D002-2026Q1-C0312,D002-C0312,2026-02-16,2026Q1,false,21086.61,桂中,erp:order:O-D002-2026Q1-C0312
tenant-demo,D002,经销商02,O-D002-2026Q2-C0312,D002-C0312,2026-05-27,2026Q2,false,37375.2,桂中,erp:order:O-D002-2026Q2-C0312
tenant-demo,D002,经销商02,O-D002-2026Q1-C0313,D002-C0313,2026-02-16,2026Q1,true,7053.39,桂中,erp:order:O-D002-2026Q1-C0313
tenant-demo,D002,经销商02,O-D002-2026Q2-C0313,D002-C0313,2026-05-05,2026Q2,false,28859.55,桂中,erp:order:O-D002-2026Q2-C0313
tenant-demo,D002,经销商02,O-D002-2026Q1-C0314,D002-C0314,2026-02-04,2026Q1,false,14268.82,桂中,erp:order:O-D002-2026Q1-C0314
tenant-demo,D002,经销商02,O-D002-2026Q2-C0314,D002-C0314,2026-05-05,2026Q2,false,9988.8,桂中,erp:order:O-D002-2026Q2-C0314
tenant-demo,D002,经销商02,O-D002-2026Q1-C0315,D002-C0315,2026-03-26,2026Q1,true,26105.8,桂中,erp:order:O-D002-2026Q1-C0315
tenant-demo,D002,经销商02,O-D002-2026Q2-C0315,D002-C0315,2026-06-05,2026Q2,false,25209.7,桂中,erp:order:O-D002-2026Q2-C0315
tenant-demo,D002,经销商02,O-D002-2026Q1-C0316,D002-C0316,2026-01-28,2026Q1,true,47322.89,桂中,erp:order:O-D002-2026Q1-C0316
tenant-demo,D002,经销商02,O-D002-2026Q2-C0316,D002-C0316,2026-06-13,2026Q2,false,7736.88,桂中,erp:order:O-D002-2026Q2-C0316
tenant-demo,D002,经销商02,O-D002-2026Q1-C0317,D002-C0317,2026-03-09,2026Q1,true,20049.15,桂中,erp:order:O-D002-2026Q1-C0317
tenant-demo,D002,经销商02,O-D002-2026Q2-C0317,D002-C0317,2026-04-14,2026Q2,false,26963.55,桂中,erp:order:O-D002-2026Q2-C0317
tenant-demo,D002,经销商02,O-D002-2026Q1-C0318,D002-C0318,2026-01-19,2026Q1,true,8621.19,桂中,erp:order:O-D002-2026Q1-C0318
tenant-demo,D002,经销商02,O-D002-2026Q2-C0318,D002-C0318,2026-05-08,2026Q2,true,19400.98,桂中,erp:order:O-D002-2026Q2-C0318
tenant-demo,D002,经销商02,O-D002-2026Q1-C0319,D002-C0319,2026-02-12,2026Q1,true,18510.75,桂中,erp:order:O-D002-2026Q1-C0319
tenant-demo,D002,经销商02,O-D002-2026Q2-C0319,D002-C0319,2026-05-27,2026Q2,true,43923.51,桂中,erp:order:O-D002-2026Q2-C0319
tenant-demo,D002,经销商02,O-D002-2026Q1-C0320,D002-C0320,2026-02-04,2026Q1,false,35655.66,桂中,erp:order:O-D002-2026Q1-C0320
tenant-demo,D002,经销商02,O-D002-2026Q2-C0320,D002-C0320,2026-04-27,2026Q2,false,35367.1,桂中,erp:order:O-D002-2026Q2-C0320
tenant-demo,D002,经销商02,O-D002-2026Q1-C0321,D002-C0321,2026-03-19,2026Q1,false,17993.68,桂中,erp:order:O-D002-2026Q1-C0321
tenant-demo,D002,经销商02,O-D002-2026Q2-C0321,D002-C0321,2026-06-09,2026Q2,false,9892.92,桂中,erp:order:O-D002-2026Q2-C0321
tenant-demo,D002,经销商02,O-D002-2026Q1-C0322,D002-C0322,2026-02-04,2026Q1,false,5762.86,桂中,erp:order:O-D002-2026Q1-C0322
tenant-demo,D002,经销商02,O-D002-2026Q2-C0322,D002-C0322,2026-05-10,2026Q2,true,22935.2,桂中,erp:order:O-D002-2026Q2-C0322
tenant-demo,D002,经销商02,O-D002-2026Q1-C0323,D002-C0323,2026-02-05,2026Q1,false,29577.46,桂中,erp:order:O-D002-2026Q1-C0323
tenant-demo,D002,经销商02,O-D002-2026Q2-C0323,D002-C0323,2026-04-13,2026Q2,false,27148.61,桂中,erp:order:O-D002-2026Q2-C0323
tenant-demo,D002,经销商02,O-D002-2026Q1-C0324,D002-C0324,2026-02-01,2026Q1,false,44961.34,桂中,erp:order:O-D002-2026Q1-C0324
tenant-demo,D002,经销商02,O-D002-2026Q2-C0324,D002-C0324,2026-05-21,2026Q2,false,49167.74,桂中,erp:order:O-D002-2026Q2-C0324
tenant-demo,D002,经销商02,O-D002-2026Q1-C0325,D002-C0325,2026-02-05,2026Q1,false,15583.63,桂中,erp:order:O-D002-2026Q1-C0325
tenant-demo,D002,经销商02,O-D002-2026Q2-C0325,D002-C0325,2026-04-10,2026Q2,true,14174.93,桂中,erp:order:O-D002-2026Q2-C0325
tenant-demo,D002,经销商02,O-D002-2026Q1-C0326,D002-C0326,2026-03-25,2026Q1,true,20501.93,桂中,erp:order:O-D002-2026Q1-C0326
tenant-demo,D002,经销商02,O-D002-2026Q2-C0326,D002-C0326,2026-04-20,2026Q2,false,36465.43,桂中,erp:order:O-D002-2026Q2-C0326
tenant-demo,D002,经销商02,O-D002-2026Q1-C0327,D002-C0327,2026-03-15,2026Q1,false,47663.01,桂中,erp:order:O-D002-2026Q1-C0327
tenant-demo,D002,经销商02,O-D002-2026Q2-C0327,D002-C0327,2026-06-22,2026Q2,true,40692.67,桂中,erp:order:O-D002-2026Q2-C0327
tenant-demo,D002,经销商02,O-D002-2026Q1-C0328,D002-C0328,2026-02-12,2026Q1,false,25855.18,桂中,erp:order:O-D002-2026Q1-C0328
tenant-demo,D002,经销商02,O-D002-2026Q2-C0328,D002-C0328,2026-04-08,2026Q2,false,24224.43,桂中,erp:order:O-D002-2026Q2-C0328
tenant-demo,D002,经销商02,O-D002-2026Q1-C0329,D002-C0329,2026-01-11,2026Q1,true,20503.01,桂中,erp:order:O-D002-2026Q1-C0329
tenant-demo,D002,经销商02,O-D002-2026Q2-C0329,D002-C0329,2026-05-18,2026Q2,true,9678.68,桂中,erp:order:O-D002-2026Q2-C0329
tenant-demo,D002,经销商02,O-D002-2026Q1-C0330,D002-C0330,2026-02-11,2026Q1,true,37168.27,桂中,erp:order:O-D002-2026Q1-C0330
tenant-demo,D002,经销商02,O-D002-2026Q2-C0330,D002-C0330,2026-04-03,2026Q2,false,11415.29,桂中,erp:order:O-D002-2026Q2-C0330
tenant-demo,D002,经销商02,O-D002-2026Q1-C0331,D002-C0331,2026-02-16,2026Q1,true,40953.1,桂中,erp:order:O-D002-2026Q1-C0331
tenant-demo,D002,经销商02,O-D002-2026Q2-C0331,D002-C0331,2026-05-18,2026Q2,false,26086.16,桂中,erp:order:O-D002-2026Q2-C0331
tenant-demo,D002,经销商02,O-D002-2026Q1-C0332,D002-C0332,2026-03-09,2026Q1,false,8604.61,桂中,erp:order:O-D002-2026Q1-C0332
tenant-demo,D002,经销商02,O-D002-2026Q2-C0332,D002-C0332,2026-06-04,2026Q2,true,37769.39,桂中,erp:order:O-D002-2026Q2-C0332
tenant-demo,D002,经销商02,O-D002-2026Q1-C0333,D002-C0333,2026-01-14,2026Q1,false,36841.6,桂中,erp:order:O-D002-2026Q1-C0333
tenant-demo,D002,经销商02,O-D002-2026Q2-C0333,D002-C0333,2026-04-27,2026Q2,false,9192.66,桂中,erp:order:O-D002-2026Q2-C0333
tenant-demo,D002,经销商02,O-D002-2026Q1-C0334,D002-C0334,2026-02-24,2026Q1,false,22203.13,桂中,erp:order:O-D002-2026Q1-C0334
tenant-demo,D002,经销商02,O-D002-2026Q2-C0334,D002-C0334,2026-04-01,2026Q2,true,30061.42,桂中,erp:order:O-D002-2026Q2-C0334
tenant-demo,D002,经销商02,O-D002-2026Q1-C0335,D002-C0335,2026-03-04,2026Q1,false,30191.04,桂中,erp:order:O-D002-2026Q1-C0335
tenant-demo,D002,经销商02,O-D002-2026Q2-C0335,D002-C0335,2026-04-03,2026Q2,false,47080.24,桂中,erp:order:O-D002-2026Q2-C0335
tenant-demo,D002,经销商02,O-D002-2026Q1-C0336,D002-C0336,2026-01-22,2026Q1,true,34043.01,桂中,erp:order:O-D002-2026Q1-C0336
tenant-demo,D002,经销商02,O-D002-2026Q2-C0336,D002-C0336,2026-06-12,2026Q2,false,31235.03,桂中,erp:order:O-D002-2026Q2-C0336
tenant-demo,D002,经销商02,O-D002-2026Q1-C0337,D002-C0337,2026-02-03,2026Q1,true,23754.07,桂中,erp:order:O-D002-2026Q1-C0337
tenant-demo,D002,经销商02,O-D002-2026Q2-C0337,D002-C0337,2026-06-15,2026Q2,true,23623.24,桂中,erp:order:O-D002-2026Q2-C0337
tenant-demo,D002,经销商02,O-D002-2026Q1-C0338,D002-C0338,2026-02-15,2026Q1,true,18508.89,桂中,erp:order:O-D002-2026Q1-C0338
tenant-demo,D002,经销商02,O-D002-2026Q2-C0338,D002-C0338,2026-06-20,2026Q2,false,22905.51,桂中,erp:order:O-D002-2026Q2-C0338
tenant-demo,D002,经销商02,O-D002-2026Q1-C0339,D002-C0339,2026-03-16,2026Q1,true,11002.49,桂中,erp:order:O-D002-2026Q1-C0339
tenant-demo,D002,经销商02,O-D002-2026Q2-C0339,D002-C0339,2026-04-11,2026Q2,false,22419.69,桂中,erp:order:O-D002-2026Q2-C0339
tenant-demo,D002,经销商02,O-D002-2026Q1-C0340,D002-C0340,2026-01-09,2026Q1,false,17485.94,桂中,erp:order:O-D002-2026Q1-C0340
tenant-demo,D002,经销商02,O-D002-2026Q2-C0340,D002-C0340,2026-04-04,2026Q2,false,48996.72,桂中,erp:order:O-D002-2026Q2-C0340
tenant-demo,D002,经销商02,O-D002-2026Q1-C0341,D002-C0341,2026-01-24,2026Q1,true,40118.74,桂中,erp:order:O-D002-2026Q1-C0341
tenant-demo,D002,经销商02,O-D002-2026Q2-C0341,D002-C0341,2026-04-11,2026Q2,false,34653.78,桂中,erp:order:O-D002-2026Q2-C0341
tenant-demo,D002,经销商02,O-D002-2026Q1-C0342,D002-C0342,2026-01-14,2026Q1,false,20207.42,桂中,erp:order:O-D002-2026Q1-C0342
tenant-demo,D002,经销商02,O-D002-2026Q2-C0342,D002-C0342,2026-04-14,2026Q2,true,24760.76,桂中,erp:order:O-D002-2026Q2-C0342
tenant-demo,D002,经销商02,O-D002-2026Q1-C0343,D002-C0343,2026-02-04,2026Q1,true,29725.71,桂中,erp:order:O-D002-2026Q1-C0343
tenant-demo,D002,经销商02,O-D002-2026Q2-C0343,D002-C0343,2026-05-02,2026Q2,true,44262.68,桂中,erp:order:O-D002-2026Q2-C0343
tenant-demo,D002,经销商02,O-D002-2026Q1-C0344,D002-C0344,2026-01-28,2026Q1,true,6237.36,桂中,erp:order:O-D002-2026Q1-C0344
tenant-demo,D002,经销商02,O-D002-2026Q2-C0344,D002-C0344,2026-06-13,2026Q2,false,27723.25,桂中,erp:order:O-D002-2026Q2-C0344
tenant-demo,D002,经销商02,O-D002-2026Q1-C0345,D002-C0345,2026-01-10,2026Q1,false,47470.57,桂中,erp:order:O-D002-2026Q1-C0345
tenant-demo,D002,经销商02,O-D002-2026Q2-C0345,D002-C0345,2026-06-19,2026Q2,true,32541.67,桂中,erp:order:O-D002-2026Q2-C0345
tenant-demo,D002,经销商02,O-D002-2026Q1-C0346,D002-C0346,2026-03-05,2026Q1,false,43485.4,桂中,erp:order:O-D002-2026Q1-C0346
tenant-demo,D002,经销商02,O-D002-2026Q2-C0346,D002-C0346,2026-06-08,2026Q2,false,39165.13,桂中,erp:order:O-D002-2026Q2-C0346
tenant-demo,D002,经销商02,O-D002-2026Q1-C0347,D002-C0347,2026-01-01,2026Q1,false,37694.86,桂中,erp:order:O-D002-2026Q1-C0347
tenant-demo,D002,经销商02,O-D002-2026Q2-C0347,D002-C0347,2026-04-16,2026Q2,false,42458.81,桂中,erp:order:O-D002-2026Q2-C0347
tenant-demo,D002,经销商02,O-D002-2026Q1-C0348,D002-C0348,2026-02-26,2026Q1,false,30167.67,桂中,erp:order:O-D002-2026Q1-C0348
tenant-demo,D002,经销商02,O-D002-2026Q2-C0348,D002-C0348,2026-06-14,2026Q2,true,21373.04,桂中,erp:order:O-D002-2026Q2-C0348
tenant-demo,D002,经销商02,O-D002-2026Q1-C0349,D002-C0349,2026-02-08,2026Q1,false,28897.66,桂中,erp:order:O-D002-2026Q1-C0349
tenant-demo,D002,经销商02,O-D002-2026Q2-C0349,D002-C0349,2026-05-20,2026Q2,false,36978.34,桂中,erp:order:O-D002-2026Q2-C0349
tenant-demo,D002,经销商02,O-D002-2026Q1-C0350,D002-C0350,2026-01-25,2026Q1,false,47128.5,桂中,erp:order:O-D002-2026Q1-C0350
tenant-demo,D002,经销商02,O-D002-2026Q2-C0350,D002-C0350,2026-05-04,2026Q2,false,28661.35,桂中,erp:order:O-D002-2026Q2-C0350
tenant-demo,D002,经销商02,O-D002-2026Q1-C0351,D002-C0351,2026-01-14,2026Q1,false,41299.94,桂中,erp:order:O-D002-2026Q1-C0351
tenant-demo,D002,经销商02,O-D002-2026Q2-C0351,D002-C0351,2026-06-15,2026Q2,false,16563.11,桂中,erp:order:O-D002-2026Q2-C0351
tenant-demo,D002,经销商02,O-D002-2026Q1-C0352,D002-C0352,2026-03-12,2026Q1,false,30546.4,桂中,erp:order:O-D002-2026Q1-C0352
tenant-demo,D002,经销商02,O-D002-2026Q2-C0352,D002-C0352,2026-04-24,2026Q2,false,16336.38,桂中,erp:order:O-D002-2026Q2-C0352
tenant-demo,D002,经销商02,O-D002-2026Q1-C0353,D002-C0353,2026-03-03,2026Q1,true,38678.16,桂中,erp:order:O-D002-2026Q1-C0353
tenant-demo,D002,经销商02,O-D002-2026Q2-C0353,D002-C0353,2026-05-15,2026Q2,true,37025.91,桂中,erp:order:O-D002-2026Q2-C0353
tenant-demo,D002,经销商02,O-D002-2026Q1-C0354,D002-C0354,2026-03-17,2026Q1,false,21412.94,桂中,erp:order:O-D002-2026Q1-C0354
tenant-demo,D002,经销商02,O-D002-2026Q2-C0354,D002-C0354,2026-05-18,2026Q2,false,24762.07,桂中,erp:order:O-D002-2026Q2-C0354
tenant-demo,D002,经销商02,O-D002-2026Q1-C0355,D002-C0355,2026-01-27,2026Q1,false,6268.38,桂中,erp:order:O-D002-2026Q1-C0355
tenant-demo,D002,经销商02,O-D002-2026Q2-C0355,D002-C0355,2026-05-25,2026Q2,false,26958.96,桂中,erp:order:O-D002-2026Q2-C0355
tenant-demo,D002,经销商02,O-D002-2026Q1-C0356,D002-C0356,2026-01-12,2026Q1,false,15395.78,桂中,erp:order:O-D002-2026Q1-C0356
tenant-demo,D002,经销商02,O-D002-2026Q2-C0356,D002-C0356,2026-04-23,2026Q2,true,8468.02,桂中,erp:order:O-D002-2026Q2-C0356
tenant-demo,D002,经销商02,O-D002-2026Q1-C0357,D002-C0357,2026-01-05,2026Q1,false,26381.03,桂中,erp:order:O-D002-2026Q1-C0357
tenant-demo,D002,经销商02,O-D002-2026Q2-C0357,D002-C0357,2026-06-03,2026Q2,false,25685.47,桂中,erp:order:O-D002-2026Q2-C0357
tenant-demo,D002,经销商02,O-D002-2026Q1-C0358,D002-C0358,2026-02-25,2026Q1,true,12547.17,桂中,erp:order:O-D002-2026Q1-C0358
tenant-demo,D002,经销商02,O-D002-2026Q2-C0358,D002-C0358,2026-06-12,2026Q2,false,26304.85,桂中,erp:order:O-D002-2026Q2-C0358
tenant-demo,D002,经销商02,O-D002-2026Q1-C0359,D002-C0359,2026-01-10,2026Q1,false,13409.83,桂中,erp:order:O-D002-2026Q1-C0359
tenant-demo,D002,经销商02,O-D002-2026Q2-C0359,D002-C0359,2026-06-18,2026Q2,false,34190.79,桂中,erp:order:O-D002-2026Q2-C0359
tenant-demo,D002,经销商02,O-D002-2026Q1-C0360,D002-C0360,2026-03-10,2026Q1,false,45758.1,桂中,erp:order:O-D002-2026Q1-C0360
tenant-demo,D002,经销商02,O-D002-2026Q2-C0360,D002-C0360,2026-04-10,2026Q2,false,42000.54,桂中,erp:order:O-D002-2026Q2-C0360
tenant-demo,D002,经销商02,O-D002-2026Q1-C0361,D002-C0361,2026-01-07,2026Q1,false,26156.33,桂中,erp:order:O-D002-2026Q1-C0361
tenant-demo,D002,经销商02,O-D002-2026Q2-C0361,D002-C0361,2026-04-09,2026Q2,true,13168.04,桂中,erp:order:O-D002-2026Q2-C0361
tenant-demo,D002,经销商02,O-D002-2026Q1-C0362,D002-C0362,2026-02-21,2026Q1,false,47554.52,桂中,erp:order:O-D002-2026Q1-C0362
tenant-demo,D002,经销商02,O-D002-2026Q2-C0362,D002-C0362,2026-06-26,2026Q2,true,40866.05,桂中,erp:order:O-D002-2026Q2-C0362
tenant-demo,D002,经销商02,O-D002-2026Q1-C0363,D002-C0363,2026-03-25,2026Q1,false,41860.28,桂中,erp:order:O-D002-2026Q1-C0363
tenant-demo,D002,经销商02,O-D002-2026Q2-C0363,D002-C0363,2026-05-22,2026Q2,false,13140.13,桂中,erp:order:O-D002-2026Q2-C0363
tenant-demo,D002,经销商02,O-D002-2026Q1-C0364,D002-C0364,2026-02-20,2026Q1,false,9208.51,桂中,erp:order:O-D002-2026Q1-C0364
tenant-demo,D002,经销商02,O-D002-2026Q2-C0364,D002-C0364,2026-04-26,2026Q2,true,21055.5,桂中,erp:order:O-D002-2026Q2-C0364
tenant-demo,D002,经销商02,O-D002-2026Q1-C0365,D002-C0365,2026-03-06,2026Q1,false,42470.98,桂中,erp:order:O-D002-2026Q1-C0365
tenant-demo,D002,经销商02,O-D002-2026Q2-C0365,D002-C0365,2026-04-10,2026Q2,true,25457.63,桂中,erp:order:O-D002-2026Q2-C0365
tenant-demo,D002,经销商02,O-D002-2026Q1-C0366,D002-C0366,2026-01-11,2026Q1,false,46654.99,桂中,erp:order:O-D002-2026Q1-C0366
tenant-demo,D002,经销商02,O-D002-2026Q2-C0366,D002-C0366,2026-04-05,2026Q2,false,20432.99,桂中,erp:order:O-D002-2026Q2-C0366
tenant-demo,D002,经销商02,O-D002-2026Q1-C0367,D002-C0367,2026-01-21,2026Q1,false,13467.14,桂中,erp:order:O-D002-2026Q1-C0367
tenant-demo,D002,经销商02,O-D002-2026Q2-C0367,D002-C0367,2026-04-21,2026Q2,true,49786.39,桂中,erp:order:O-D002-2026Q2-C0367
tenant-demo,D002,经销商02,O-D002-2026Q1-C0368,D002-C0368,2026-02-10,2026Q1,false,6636.22,桂中,erp:order:O-D002-2026Q1-C0368
tenant-demo,D002,经销商02,O-D002-2026Q2-C0368,D002-C0368,2026-06-04,2026Q2,false,15009.91,桂中,erp:order:O-D002-2026Q2-C0368
tenant-demo,D002,经销商02,O-D002-2026Q1-C0369,D002-C0369,2026-03-05,2026Q1,false,38700.97,桂中,erp:order:O-D002-2026Q1-C0369
tenant-demo,D002,经销商02,O-D002-2026Q2-C0369,D002-C0369,2026-04-01,2026Q2,false,43388.4,桂中,erp:order:O-D002-2026Q2-C0369
tenant-demo,D002,经销商02,O-D002-2026Q1-C0370,D002-C0370,2026-01-15,2026Q1,false,24609.37,桂中,erp:order:O-D002-2026Q1-C0370
tenant-demo,D002,经销商02,O-D002-2026Q2-C0370,D002-C0370,2026-04-15,2026Q2,true,47843.34,桂中,erp:order:O-D002-2026Q2-C0370
tenant-demo,D002,经销商02,O-D002-2026Q1-C0371,D002-C0371,2026-02-23,2026Q1,false,32842.62,桂中,erp:order:O-D002-2026Q1-C0371
tenant-demo,D002,经销商02,O-D002-2026Q2-C0371,D002-C0371,2026-04-18,2026Q2,true,17912.52,桂中,erp:order:O-D002-2026Q2-C0371
tenant-demo,D002,经销商02,O-D002-2026Q1-C0372,D002-C0372,2026-03-17,2026Q1,true,47516.09,桂中,erp:order:O-D002-2026Q1-C0372
tenant-demo,D002,经销商02,O-D002-2026Q2-C0372,D002-C0372,2026-04-15,2026Q2,true,7372.31,桂中,erp:order:O-D002-2026Q2-C0372
tenant-demo,D002,经销商02,O-D002-2026Q1-C0373,D002-C0373,2026-01-17,2026Q1,true,46978.68,桂中,erp:order:O-D002-2026Q1-C0373
tenant-demo,D002,经销商02,O-D002-2026Q2-C0373,D002-C0373,2026-04-22,2026Q2,true,19246.49,桂中,erp:order:O-D002-2026Q2-C0373
tenant-demo,D002,经销商02,O-D002-2026Q1-C0374,D002-C0374,2026-01-09,2026Q1,true,18767.09,桂中,erp:order:O-D002-2026Q1-C0374
tenant-demo,D002,经销商02,O-D002-2026Q2-C0374,D002-C0374,2026-05-04,2026Q2,false,33796.86,桂中,erp:order:O-D002-2026Q2-C0374
tenant-demo,D002,经销商02,O-D002-2026Q1-C0375,D002-C0375,2026-01-12,2026Q1,false,5820.84,桂中,erp:order:O-D002-2026Q1-C0375
tenant-demo,D002,经销商02,O-D002-2026Q2-C0375,D002-C0375,2026-04-11,2026Q2,true,27584.94,桂中,erp:order:O-D002-2026Q2-C0375
tenant-demo,D002,经销商02,O-D002-2026Q1-C0376,D002-C0376,2026-01-01,2026Q1,true,12158.12,桂中,erp:order:O-D002-2026Q1-C0376
tenant-demo,D002,经销商02,O-D002-2026Q2-C0376,D002-C0376,2026-04-24,2026Q2,true,16763.82,桂中,erp:order:O-D002-2026Q2-C0376
tenant-demo,D002,经销商02,O-D002-2026Q1-C0377,D002-C0377,2026-03-24,2026Q1,false,18106.94,桂中,erp:order:O-D002-2026Q1-C0377
tenant-demo,D002,经销商02,O-D002-2026Q2-C0377,D002-C0377,2026-06-16,2026Q2,true,31920.99,桂中,erp:order:O-D002-2026Q2-C0377
tenant-demo,D002,经销商02,O-D002-2026Q1-C0378,D002-C0378,2026-01-07,2026Q1,false,20200.2,桂中,erp:order:O-D002-2026Q1-C0378
tenant-demo,D002,经销商02,O-D002-2026Q2-C0378,D002-C0378,2026-06-24,2026Q2,true,12881.81,桂中,erp:order:O-D002-2026Q2-C0378
tenant-demo,D002,经销商02,O-D002-2026Q1-C0379,D002-C0379,2026-02-05,2026Q1,true,9018.13,桂中,erp:order:O-D002-2026Q1-C0379
tenant-demo,D002,经销商02,O-D002-2026Q2-C0379,D002-C0379,2026-05-13,2026Q2,false,21200.75,桂中,erp:order:O-D002-2026Q2-C0379
tenant-demo,D002,经销商02,O-D002-2026Q1-C0380,D002-C0380,2026-03-19,2026Q1,false,25167.16,桂中,erp:order:O-D002-2026Q1-C0380
tenant-demo,D002,经销商02,O-D002-2026Q2-C0380,D002-C0380,2026-04-08,2026Q2,false,43983.3,桂中,erp:order:O-D002-2026Q2-C0380
tenant-demo,D002,经销商02,O-D002-2026Q1-C0381,D002-C0381,2026-01-24,2026Q1,false,9279.54,桂中,erp:order:O-D002-2026Q1-C0381
tenant-demo,D002,经销商02,O-D002-2026Q2-C0381,D002-C0381,2026-05-03,2026Q2,false,19050.6,桂中,erp:order:O-D002-2026Q2-C0381
tenant-demo,D002,经销商02,O-D002-2026Q1-C0382,D002-C0382,2026-03-12,2026Q1,true,10492.11,桂中,erp:order:O-D002-2026Q1-C0382
tenant-demo,D002,经销商02,O-D002-2026Q2-C0382,D002-C0382,2026-06-10,2026Q2,true,46557.83,桂中,erp:order:O-D002-2026Q2-C0382
tenant-demo,D002,经销商02,O-D002-2026Q1-C0383,D002-C0383,2026-03-10,2026Q1,false,39847.02,桂中,erp:order:O-D002-2026Q1-C0383
tenant-demo,D002,经销商02,O-D002-2026Q2-C0383,D002-C0383,2026-04-06,2026Q2,true,41423.53,桂中,erp:order:O-D002-2026Q2-C0383
tenant-demo,D002,经销商02,O-D002-2026Q1-C0384,D002-C0384,2026-01-15,2026Q1,true,37197.91,桂中,erp:order:O-D002-2026Q1-C0384
tenant-demo,D002,经销商02,O-D002-2026Q2-C0384,D002-C0384,2026-04-27,2026Q2,true,47557.01,桂中,erp:order:O-D002-2026Q2-C0384
tenant-demo,D002,经销商02,O-D002-2026Q1-C0385,D002-C0385,2026-01-13,2026Q1,false,8571.37,桂中,erp:order:O-D002-2026Q1-C0385
tenant-demo,D002,经销商02,O-D002-2026Q2-C0385,D002-C0385,2026-04-10,2026Q2,true,11927.41,桂中,erp:order:O-D002-2026Q2-C0385
tenant-demo,D002,经销商02,O-D002-2026Q1-C0386,D002-C0386,2026-03-24,2026Q1,false,16530.79,桂中,erp:order:O-D002-2026Q1-C0386
tenant-demo,D002,经销商02,O-D002-2026Q2-C0386,D002-C0386,2026-05-28,2026Q2,false,30805.61,桂中,erp:order:O-D002-2026Q2-C0386
tenant-demo,D002,经销商02,O-D002-2026Q1-C0387,D002-C0387,2026-01-22,2026Q1,false,22385.23,桂中,erp:order:O-D002-2026Q1-C0387
tenant-demo,D002,经销商02,O-D002-2026Q2-C0387,D002-C0387,2026-05-22,2026Q2,false,21182.64,桂中,erp:order:O-D002-2026Q2-C0387
tenant-demo,D002,经销商02,O-D002-2026Q1-C0388,D002-C0388,2026-01-19,2026Q1,true,45406.53,桂中,erp:order:O-D002-2026Q1-C0388
tenant-demo,D002,经销商02,O-D002-2026Q2-C0388,D002-C0388,2026-04-21,2026Q2,false,20007.18,桂中,erp:order:O-D002-2026Q2-C0388
tenant-demo,D002,经销商02,O-D002-2026Q1-C0389,D002-C0389,2026-03-07,2026Q1,true,17079.95,桂中,erp:order:O-D002-2026Q1-C0389
tenant-demo,D002,经销商02,O-D002-2026Q2-C0389,D002-C0389,2026-04-22,2026Q2,false,44848.28,桂中,erp:order:O-D002-2026Q2-C0389
tenant-demo,D002,经销商02,O-D002-2026Q1-C0390,D002-C0390,2026-02-26,2026Q1,false,23109.43,桂中,erp:order:O-D002-2026Q1-C0390
tenant-demo,D002,经销商02,O-D002-2026Q2-C0390,D002-C0390,2026-04-07,2026Q2,false,9834.82,桂中,erp:order:O-D002-2026Q2-C0390
tenant-demo,D002,经销商02,O-D002-2026Q1-C0391,D002-C0391,2026-02-21,2026Q1,true,46768.71,桂中,erp:order:O-D002-2026Q1-C0391
tenant-demo,D002,经销商02,O-D002-2026Q2-C0391,D002-C0391,2026-04-02,2026Q2,false,19605.04,桂中,erp:order:O-D002-2026Q2-C0391
tenant-demo,D002,经销商02,O-D002-2026Q1-C0392,D002-C0392,2026-01-15,2026Q1,false,36922.13,桂中,erp:order:O-D002-2026Q1-C0392
tenant-demo,D002,经销商02,O-D002-2026Q2-C0392,D002-C0392,2026-04-26,2026Q2,true,27452.53,桂中,erp:order:O-D002-2026Q2-C0392
tenant-demo,D002,经销商02,O-D002-2026Q1-C0393,D002-C0393,2026-02-09,2026Q1,true,49999.15,桂中,erp:order:O-D002-2026Q1-C0393
tenant-demo,D002,经销商02,O-D002-2026Q2-C0393,D002-C0393,2026-05-04,2026Q2,false,32689.41,桂中,erp:order:O-D002-2026Q2-C0393
tenant-demo,D002,经销商02,O-D002-2026Q1-C0394,D002-C0394,2026-01-11,2026Q1,true,48763.93,桂中,erp:order:O-D002-2026Q1-C0394
tenant-demo,D002,经销商02,O-D002-2026Q2-C0394,D002-C0394,2026-04-28,2026Q2,false,19070.58,桂中,erp:order:O-D002-2026Q2-C0394
tenant-demo,D002,经销商02,O-D002-2026Q1-C0395,D002-C0395,2026-02-25,2026Q1,false,23702.09,桂中,erp:order:O-D002-2026Q1-C0395
tenant-demo,D002,经销商02,O-D002-2026Q2-C0395,D002-C0395,2026-06-03,2026Q2,false,10986.71,桂中,erp:order:O-D002-2026Q2-C0395
tenant-demo,D002,经销商02,O-D002-2026Q1-C0396,D002-C0396,2026-01-13,2026Q1,true,44683.46,桂中,erp:order:O-D002-2026Q1-C0396
tenant-demo,D002,经销商02,O-D002-2026Q2-C0396,D002-C0396,2026-05-20,2026Q2,false,11265.55,桂中,erp:order:O-D002-2026Q2-C0396
tenant-demo,D002,经销商02,O-D002-2026Q1-C0397,D002-C0397,2026-02-20,2026Q1,true,39242.08,桂中,erp:order:O-D002-2026Q1-C0397
tenant-demo,D002,经销商02,O-D002-2026Q2-C0397,D002-C0397,2026-06-03,2026Q2,false,11584.05,桂中,erp:order:O-D002-2026Q2-C0397
tenant-demo,D002,经销商02,O-D002-2026Q1-C0398,D002-C0398,2026-03-17,2026Q1,false,39403.66,桂中,erp:order:O-D002-2026Q1-C0398
tenant-demo,D002,经销商02,O-D002-2026Q2-C0398,D002-C0398,2026-04-16,2026Q2,false,15385.38,桂中,erp:order:O-D002-2026Q2-C0398
tenant-demo,D002,经销商02,O-D002-2026Q1-C0399,D002-C0399,2026-03-11,2026Q1,false,26283.57,桂中,erp:order:O-D002-2026Q1-C0399
tenant-demo,D002,经销商02,O-D002-2026Q2-C0399,D002-C0399,2026-04-17,2026Q2,false,16366.05,桂中,erp:order:O-D002-2026Q2-C0399
tenant-demo,D002,经销商02,O-D002-2026Q1-C0400,D002-C0400,2026-03-24,2026Q1,true,38926.56,桂中,erp:order:O-D002-2026Q1-C0400
tenant-demo,D002,经销商02,O-D002-2026Q2-C0400,D002-C0400,2026-05-01,2026Q2,false,46471.8,桂中,erp:order:O-D002-2026Q2-C0400
tenant-demo,D002,经销商02,O-D002-2026Q1-C0401,D002-C0401,2026-03-17,2026Q1,true,48846.19,桂中,erp:order:O-D002-2026Q1-C0401
tenant-demo,D002,经销商02,O-D002-2026Q2-C0401,D002-C0401,2026-04-20,2026Q2,true,22694.79,桂中,erp:order:O-D002-2026Q2-C0401
tenant-demo,D002,经销商02,O-D002-2026Q1-C0402,D002-C0402,2026-02-04,2026Q1,false,16680.87,桂中,erp:order:O-D002-2026Q1-C0402
tenant-demo,D002,经销商02,O-D002-2026Q2-C0402,D002-C0402,2026-05-02,2026Q2,false,36784.01,桂中,erp:order:O-D002-2026Q2-C0402
tenant-demo,D002,经销商02,O-D002-2026Q1-C0403,D002-C0403,2026-03-03,2026Q1,true,26951.29,桂中,erp:order:O-D002-2026Q1-C0403
tenant-demo,D002,经销商02,O-D002-2026Q2-C0403,D002-C0403,2026-05-13,2026Q2,false,15012.1,桂中,erp:order:O-D002-2026Q2-C0403
tenant-demo,D002,经销商02,O-D002-2026Q1-C0404,D002-C0404,2026-03-27,2026Q1,false,32487.92,桂中,erp:order:O-D002-2026Q1-C0404
tenant-demo,D002,经销商02,O-D002-2026Q2-C0404,D002-C0404,2026-05-23,2026Q2,false,43411.81,桂中,erp:order:O-D002-2026Q2-C0404
tenant-demo,D002,经销商02,O-D002-2026Q1-C0405,D002-C0405,2026-02-08,2026Q1,false,34932.07,桂中,erp:order:O-D002-2026Q1-C0405
tenant-demo,D002,经销商02,O-D002-2026Q2-C0405,D002-C0405,2026-04-25,2026Q2,true,49669.69,桂中,erp:order:O-D002-2026Q2-C0405
tenant-demo,D002,经销商02,O-D002-2026Q1-C0406,D002-C0406,2026-02-20,2026Q1,true,14961.49,桂中,erp:order:O-D002-2026Q1-C0406
tenant-demo,D002,经销商02,O-D002-2026Q2-C0406,D002-C0406,2026-04-08,2026Q2,false,49878.52,桂中,erp:order:O-D002-2026Q2-C0406
tenant-demo,D002,经销商02,O-D002-2026Q1-C0407,D002-C0407,2026-01-19,2026Q1,true,13458.12,桂中,erp:order:O-D002-2026Q1-C0407
tenant-demo,D002,经销商02,O-D002-2026Q2-C0407,D002-C0407,2026-04-25,2026Q2,true,20255.76,桂中,erp:order:O-D002-2026Q2-C0407
tenant-demo,D002,经销商02,O-D002-2026Q1-C0408,D002-C0408,2026-01-17,2026Q1,true,14371.34,桂中,erp:order:O-D002-2026Q1-C0408
tenant-demo,D002,经销商02,O-D002-2026Q2-C0408,D002-C0408,2026-06-25,2026Q2,true,19960.77,桂中,erp:order:O-D002-2026Q2-C0408
tenant-demo,D002,经销商02,O-D002-2026Q1-C0409,D002-C0409,2026-02-22,2026Q1,true,37278.16,桂中,erp:order:O-D002-2026Q1-C0409
tenant-demo,D002,经销商02,O-D002-2026Q2-C0409,D002-C0409,2026-04-12,2026Q2,false,36830.77,桂中,erp:order:O-D002-2026Q2-C0409
tenant-demo,D002,经销商02,O-D002-2026Q1-C0410,D002-C0410,2026-02-03,2026Q1,true,46811.26,桂中,erp:order:O-D002-2026Q1-C0410
tenant-demo,D002,经销商02,O-D002-2026Q2-C0410,D002-C0410,2026-05-05,2026Q2,false,15127.47,桂中,erp:order:O-D002-2026Q2-C0410
tenant-demo,D002,经销商02,O-D002-2026Q1-C0411,D002-C0411,2026-02-03,2026Q1,false,21058.86,桂中,erp:order:O-D002-2026Q1-C0411
tenant-demo,D002,经销商02,O-D002-2026Q2-C0411,D002-C0411,2026-05-13,2026Q2,false,25837.7,桂中,erp:order:O-D002-2026Q2-C0411
tenant-demo,D002,经销商02,O-D002-2026Q1-C0412,D002-C0412,2026-01-15,2026Q1,true,39998.55,桂中,erp:order:O-D002-2026Q1-C0412
tenant-demo,D002,经销商02,O-D002-2026Q2-C0412,D002-C0412,2026-04-09,2026Q2,false,26010.43,桂中,erp:order:O-D002-2026Q2-C0412
tenant-demo,D002,经销商02,O-D002-2026Q1-C0413,D002-C0413,2026-03-01,2026Q1,true,36663.3,桂中,erp:order:O-D002-2026Q1-C0413
tenant-demo,D002,经销商02,O-D002-2026Q2-C0413,D002-C0413,2026-06-12,2026Q2,false,40295.44,桂中,erp:order:O-D002-2026Q2-C0413
tenant-demo,D002,经销商02,O-D002-2026Q1-C0414,D002-C0414,2026-01-28,2026Q1,false,24068.16,桂中,erp:order:O-D002-2026Q1-C0414
tenant-demo,D002,经销商02,O-D002-2026Q2-C0414,D002-C0414,2026-05-26,2026Q2,false,20803.22,桂中,erp:order:O-D002-2026Q2-C0414
tenant-demo,D002,经销商02,O-D002-2026Q1-C0415,D002-C0415,2026-03-25,2026Q1,false,19913.24,桂中,erp:order:O-D002-2026Q1-C0415
tenant-demo,D002,经销商02,O-D002-2026Q2-C0415,D002-C0415,2026-06-25,2026Q2,false,5520.75,桂中,erp:order:O-D002-2026Q2-C0415
tenant-demo,D002,经销商02,O-D002-2026Q1-C0416,D002-C0416,2026-03-04,2026Q1,false,15819.2,桂中,erp:order:O-D002-2026Q1-C0416
tenant-demo,D002,经销商02,O-D002-2026Q2-C0416,D002-C0416,2026-05-08,2026Q2,true,15138.76,桂中,erp:order:O-D002-2026Q2-C0416
tenant-demo,D002,经销商02,O-D002-2026Q1-C0417,D002-C0417,2026-01-15,2026Q1,true,43039.26,桂中,erp:order:O-D002-2026Q1-C0417
tenant-demo,D002,经销商02,O-D002-2026Q2-C0417,D002-C0417,2026-06-02,2026Q2,false,21101.57,桂中,erp:order:O-D002-2026Q2-C0417
tenant-demo,D002,经销商02,O-D002-2026Q1-C0418,D002-C0418,2026-01-13,2026Q1,true,36624.85,桂中,erp:order:O-D002-2026Q1-C0418
tenant-demo,D002,经销商02,O-D002-2026Q2-C0418,D002-C0418,2026-05-22,2026Q2,true,28931.47,桂中,erp:order:O-D002-2026Q2-C0418
tenant-demo,D002,经销商02,O-D002-2026Q1-C0419,D002-C0419,2026-03-19,2026Q1,true,41661.84,桂中,erp:order:O-D002-2026Q1-C0419
tenant-demo,D002,经销商02,O-D002-2026Q2-C0419,D002-C0419,2026-06-09,2026Q2,true,23395.63,桂中,erp:order:O-D002-2026Q2-C0419
tenant-demo,D002,经销商02,O-D002-2026Q1-C0420,D002-C0420,2026-01-04,2026Q1,true,25622.54,桂中,erp:order:O-D002-2026Q1-C0420
tenant-demo,D002,经销商02,O-D002-2026Q2-C0420,D002-C0420,2026-06-10,2026Q2,false,30059.82,桂中,erp:order:O-D002-2026Q2-C0420
tenant-demo,D003,经销商03,O-D003-2026Q1-C0001,D003-C0001,2026-01-08,2026Q1,true,34676.41,桂中,erp:order:O-D003-2026Q1-C0001
tenant-demo,D003,经销商03,O-D003-2026Q2-C0001,D003-C0001,2026-04-23,2026Q2,true,20821.52,桂中,erp:order:O-D003-2026Q2-C0001
tenant-demo,D003,经销商03,O-D003-2026Q1-C0002,D003-C0002,2026-02-25,2026Q1,false,27529.67,桂中,erp:order:O-D003-2026Q1-C0002
tenant-demo,D003,经销商03,O-D003-2026Q2-C0002,D003-C0002,2026-04-14,2026Q2,true,22959.42,桂中,erp:order:O-D003-2026Q2-C0002
tenant-demo,D003,经销商03,O-D003-2026Q1-C0003,D003-C0003,2026-01-11,2026Q1,true,19209.74,桂中,erp:order:O-D003-2026Q1-C0003
tenant-demo,D003,经销商03,O-D003-2026Q2-C0003,D003-C0003,2026-05-07,2026Q2,false,8113.82,桂中,erp:order:O-D003-2026Q2-C0003
tenant-demo,D003,经销商03,O-D003-2026Q1-C0004,D003-C0004,2026-03-18,2026Q1,false,22996.89,桂中,erp:order:O-D003-2026Q1-C0004
tenant-demo,D003,经销商03,O-D003-2026Q2-C0004,D003-C0004,2026-06-15,2026Q2,false,9057.96,桂中,erp:order:O-D003-2026Q2-C0004
tenant-demo,D003,经销商03,O-D003-2026Q1-C0005,D003-C0005,2026-01-05,2026Q1,false,48515.49,桂中,erp:order:O-D003-2026Q1-C0005
tenant-demo,D003,经销商03,O-D003-2026Q2-C0005,D003-C0005,2026-05-04,2026Q2,false,41549.79,桂中,erp:order:O-D003-2026Q2-C0005
tenant-demo,D003,经销商03,O-D003-2026Q1-C0006,D003-C0006,2026-03-19,2026Q1,true,22379.53,桂中,erp:order:O-D003-2026Q1-C0006
tenant-demo,D003,经销商03,O-D003-2026Q2-C0006,D003-C0006,2026-04-15,2026Q2,false,37657.33,桂中,erp:order:O-D003-2026Q2-C0006
tenant-demo,D003,经销商03,O-D003-2026Q1-C0007,D003-C0007,2026-03-03,2026Q1,true,39735.86,桂中,erp:order:O-D003-2026Q1-C0007
tenant-demo,D003,经销商03,O-D003-2026Q2-C0007,D003-C0007,2026-04-12,2026Q2,false,12282.28,桂中,erp:order:O-D003-2026Q2-C0007
tenant-demo,D003,经销商03,O-D003-2026Q1-C0008,D003-C0008,2026-03-15,2026Q1,true,47933.14,桂中,erp:order:O-D003-2026Q1-C0008
tenant-demo,D003,经销商03,O-D003-2026Q2-C0008,D003-C0008,2026-05-13,2026Q2,false,11143.56,桂中,erp:order:O-D003-2026Q2-C0008
tenant-demo,D003,经销商03,O-D003-2026Q1-C0009,D003-C0009,2026-03-07,2026Q1,false,14080.87,桂中,erp:order:O-D003-2026Q1-C0009
tenant-demo,D003,经销商03,O-D003-2026Q2-C0009,D003-C0009,2026-05-07,2026Q2,true,32137.05,桂中,erp:order:O-D003-2026Q2-C0009
tenant-demo,D003,经销商03,O-D003-2026Q1-C0010,D003-C0010,2026-03-06,2026Q1,false,26541.62,桂中,erp:order:O-D003-2026Q1-C0010
tenant-demo,D003,经销商03,O-D003-2026Q2-C0010,D003-C0010,2026-06-24,2026Q2,true,29665.35,桂中,erp:order:O-D003-2026Q2-C0010
tenant-demo,D003,经销商03,O-D003-2026Q1-C0011,D003-C0011,2026-02-02,2026Q1,false,43193.86,桂中,erp:order:O-D003-2026Q1-C0011
tenant-demo,D003,经销商03,O-D003-2026Q2-C0011,D003-C0011,2026-04-27,2026Q2,false,11985.93,桂中,erp:order:O-D003-2026Q2-C0011
tenant-demo,D003,经销商03,O-D003-2026Q1-C0012,D003-C0012,2026-03-03,2026Q1,true,18841.82,桂中,erp:order:O-D003-2026Q1-C0012
tenant-demo,D003,经销商03,O-D003-2026Q2-C0012,D003-C0012,2026-04-13,2026Q2,false,13301.04,桂中,erp:order:O-D003-2026Q2-C0012
tenant-demo,D003,经销商03,O-D003-2026Q1-C0013,D003-C0013,2026-01-10,2026Q1,false,18023.63,桂中,erp:order:O-D003-2026Q1-C0013
tenant-demo,D003,经销商03,O-D003-2026Q2-C0013,D003-C0013,2026-05-17,2026Q2,false,11200.37,桂中,erp:order:O-D003-2026Q2-C0013
tenant-demo,D003,经销商03,O-D003-2026Q1-C0014,D003-C0014,2026-03-10,2026Q1,false,15520.47,桂中,erp:order:O-D003-2026Q1-C0014
tenant-demo,D003,经销商03,O-D003-2026Q2-C0014,D003-C0014,2026-05-20,2026Q2,false,43959.76,桂中,erp:order:O-D003-2026Q2-C0014
tenant-demo,D003,经销商03,O-D003-2026Q1-C0015,D003-C0015,2026-01-23,2026Q1,false,14515.52,桂中,erp:order:O-D003-2026Q1-C0015
tenant-demo,D003,经销商03,O-D003-2026Q2-C0015,D003-C0015,2026-06-13,2026Q2,false,7344.74,桂中,erp:order:O-D003-2026Q2-C0015
tenant-demo,D003,经销商03,O-D003-2026Q1-C0016,D003-C0016,2026-02-22,2026Q1,true,19748.13,桂中,erp:order:O-D003-2026Q1-C0016
tenant-demo,D003,经销商03,O-D003-2026Q2-C0016,D003-C0016,2026-04-22,2026Q2,false,22240.19,桂中,erp:order:O-D003-2026Q2-C0016
tenant-demo,D003,经销商03,O-D003-2026Q1-C0017,D003-C0017,2026-01-16,2026Q1,true,22791.77,桂中,erp:order:O-D003-2026Q1-C0017
tenant-demo,D003,经销商03,O-D003-2026Q2-C0017,D003-C0017,2026-05-06,2026Q2,false,11931.12,桂中,erp:order:O-D003-2026Q2-C0017
tenant-demo,D003,经销商03,O-D003-2026Q1-C0018,D003-C0018,2026-02-15,2026Q1,true,6809.31,桂中,erp:order:O-D003-2026Q1-C0018
tenant-demo,D003,经销商03,O-D003-2026Q2-C0018,D003-C0018,2026-05-20,2026Q2,true,21037.85,桂中,erp:order:O-D003-2026Q2-C0018
tenant-demo,D003,经销商03,O-D003-2026Q1-C0019,D003-C0019,2026-03-07,2026Q1,false,28194.75,桂中,erp:order:O-D003-2026Q1-C0019
tenant-demo,D003,经销商03,O-D003-2026Q2-C0019,D003-C0019,2026-04-08,2026Q2,false,40001.89,桂中,erp:order:O-D003-2026Q2-C0019
tenant-demo,D003,经销商03,O-D003-2026Q1-C0020,D003-C0020,2026-03-03,2026Q1,false,23653.61,桂中,erp:order:O-D003-2026Q1-C0020
tenant-demo,D003,经销商03,O-D003-2026Q2-C0020,D003-C0020,2026-05-10,2026Q2,false,47631.68,桂中,erp:order:O-D003-2026Q2-C0020
tenant-demo,D003,经销商03,O-D003-2026Q1-C0021,D003-C0021,2026-02-11,2026Q1,false,29076.81,桂中,erp:order:O-D003-2026Q1-C0021
tenant-demo,D003,经销商03,O-D003-2026Q2-C0021,D003-C0021,2026-05-01,2026Q2,false,33320.77,桂中,erp:order:O-D003-2026Q2-C0021
tenant-demo,D003,经销商03,O-D003-2026Q1-C0022,D003-C0022,2026-02-05,2026Q1,true,27132.26,桂中,erp:order:O-D003-2026Q1-C0022
tenant-demo,D003,经销商03,O-D003-2026Q2-C0022,D003-C0022,2026-05-06,2026Q2,false,6196.96,桂中,erp:order:O-D003-2026Q2-C0022
tenant-demo,D003,经销商03,O-D003-2026Q1-C0023,D003-C0023,2026-03-13,2026Q1,false,17860.29,桂中,erp:order:O-D003-2026Q1-C0023
tenant-demo,D003,经销商03,O-D003-2026Q2-C0023,D003-C0023,2026-06-22,2026Q2,true,13575.56,桂中,erp:order:O-D003-2026Q2-C0023
tenant-demo,D003,经销商03,O-D003-2026Q1-C0024,D003-C0024,2026-03-23,2026Q1,false,22966.29,桂中,erp:order:O-D003-2026Q1-C0024
tenant-demo,D003,经销商03,O-D003-2026Q2-C0024,D003-C0024,2026-06-16,2026Q2,true,6157.06,桂中,erp:order:O-D003-2026Q2-C0024
tenant-demo,D003,经销商03,O-D003-2026Q1-C0025,D003-C0025,2026-02-15,2026Q1,true,44643.09,桂中,erp:order:O-D003-2026Q1-C0025
tenant-demo,D003,经销商03,O-D003-2026Q2-C0025,D003-C0025,2026-04-17,2026Q2,true,18926.21,桂中,erp:order:O-D003-2026Q2-C0025
tenant-demo,D003,经销商03,O-D003-2026Q1-C0026,D003-C0026,2026-01-05,2026Q1,true,47415.69,桂中,erp:order:O-D003-2026Q1-C0026
tenant-demo,D003,经销商03,O-D003-2026Q2-C0026,D003-C0026,2026-05-08,2026Q2,false,7382.34,桂中,erp:order:O-D003-2026Q2-C0026
tenant-demo,D003,经销商03,O-D003-2026Q1-C0027,D003-C0027,2026-03-21,2026Q1,false,43429.46,桂中,erp:order:O-D003-2026Q1-C0027
tenant-demo,D003,经销商03,O-D003-2026Q2-C0027,D003-C0027,2026-04-01,2026Q2,false,36971.07,桂中,erp:order:O-D003-2026Q2-C0027
tenant-demo,D003,经销商03,O-D003-2026Q1-C0028,D003-C0028,2026-02-15,2026Q1,false,47072.46,桂中,erp:order:O-D003-2026Q1-C0028
tenant-demo,D003,经销商03,O-D003-2026Q2-C0028,D003-C0028,2026-05-08,2026Q2,true,41805.16,桂中,erp:order:O-D003-2026Q2-C0028
tenant-demo,D003,经销商03,O-D003-2026Q1-C0029,D003-C0029,2026-01-08,2026Q1,false,23260.6,桂中,erp:order:O-D003-2026Q1-C0029
tenant-demo,D003,经销商03,O-D003-2026Q2-C0029,D003-C0029,2026-04-01,2026Q2,false,17820.16,桂中,erp:order:O-D003-2026Q2-C0029
tenant-demo,D003,经销商03,O-D003-2026Q1-C0030,D003-C0030,2026-02-22,2026Q1,false,9746.96,桂中,erp:order:O-D003-2026Q1-C0030
tenant-demo,D003,经销商03,O-D003-2026Q2-C0030,D003-C0030,2026-05-25,2026Q2,true,17845.74,桂中,erp:order:O-D003-2026Q2-C0030
tenant-demo,D003,经销商03,O-D003-2026Q1-C0031,D003-C0031,2026-02-04,2026Q1,false,17617.34,桂中,erp:order:O-D003-2026Q1-C0031
tenant-demo,D003,经销商03,O-D003-2026Q2-C0031,D003-C0031,2026-04-09,2026Q2,true,33396.47,桂中,erp:order:O-D003-2026Q2-C0031
tenant-demo,D003,经销商03,O-D003-2026Q1-C0032,D003-C0032,2026-02-27,2026Q1,false,19082.66,桂中,erp:order:O-D003-2026Q1-C0032
tenant-demo,D003,经销商03,O-D003-2026Q2-C0032,D003-C0032,2026-05-02,2026Q2,false,31415.04,桂中,erp:order:O-D003-2026Q2-C0032
tenant-demo,D003,经销商03,O-D003-2026Q1-C0033,D003-C0033,2026-02-15,2026Q1,true,18365.71,桂中,erp:order:O-D003-2026Q1-C0033
tenant-demo,D003,经销商03,O-D003-2026Q2-C0033,D003-C0033,2026-06-08,2026Q2,false,27621.54,桂中,erp:order:O-D003-2026Q2-C0033
tenant-demo,D003,经销商03,O-D003-2026Q1-C0034,D003-C0034,2026-02-15,2026Q1,true,38933.11,桂中,erp:order:O-D003-2026Q1-C0034
tenant-demo,D003,经销商03,O-D003-2026Q2-C0034,D003-C0034,2026-05-12,2026Q2,false,9990.17,桂中,erp:order:O-D003-2026Q2-C0034
tenant-demo,D003,经销商03,O-D003-2026Q1-C0035,D003-C0035,2026-01-23,2026Q1,false,16354.42,桂中,erp:order:O-D003-2026Q1-C0035
tenant-demo,D003,经销商03,O-D003-2026Q2-C0035,D003-C0035,2026-06-10,2026Q2,false,36498.98,桂中,erp:order:O-D003-2026Q2-C0035
tenant-demo,D003,经销商03,O-D003-2026Q1-C0036,D003-C0036,2026-02-13,2026Q1,false,21860.01,桂中,erp:order:O-D003-2026Q1-C0036
tenant-demo,D003,经销商03,O-D003-2026Q2-C0036,D003-C0036,2026-04-15,2026Q2,false,45791.29,桂中,erp:order:O-D003-2026Q2-C0036
tenant-demo,D003,经销商03,O-D003-2026Q1-C0037,D003-C0037,2026-01-20,2026Q1,false,42817.54,桂中,erp:order:O-D003-2026Q1-C0037
tenant-demo,D003,经销商03,O-D003-2026Q2-C0037,D003-C0037,2026-05-06,2026Q2,true,15325.81,桂中,erp:order:O-D003-2026Q2-C0037
tenant-demo,D003,经销商03,O-D003-2026Q1-C0038,D003-C0038,2026-03-13,2026Q1,true,32983.74,桂中,erp:order:O-D003-2026Q1-C0038
tenant-demo,D003,经销商03,O-D003-2026Q2-C0038,D003-C0038,2026-04-20,2026Q2,true,9926.52,桂中,erp:order:O-D003-2026Q2-C0038
tenant-demo,D003,经销商03,O-D003-2026Q1-C0039,D003-C0039,2026-01-19,2026Q1,true,25658.24,桂中,erp:order:O-D003-2026Q1-C0039
tenant-demo,D003,经销商03,O-D003-2026Q2-C0039,D003-C0039,2026-05-21,2026Q2,true,47443.95,桂中,erp:order:O-D003-2026Q2-C0039
tenant-demo,D003,经销商03,O-D003-2026Q1-C0040,D003-C0040,2026-01-01,2026Q1,false,11307.06,桂中,erp:order:O-D003-2026Q1-C0040
tenant-demo,D003,经销商03,O-D003-2026Q2-C0040,D003-C0040,2026-06-16,2026Q2,false,30117.86,桂中,erp:order:O-D003-2026Q2-C0040
tenant-demo,D003,经销商03,O-D003-2026Q1-C0041,D003-C0041,2026-03-05,2026Q1,false,30696.62,桂中,erp:order:O-D003-2026Q1-C0041
tenant-demo,D003,经销商03,O-D003-2026Q2-C0041,D003-C0041,2026-06-26,2026Q2,false,15744.91,桂中,erp:order:O-D003-2026Q2-C0041
tenant-demo,D003,经销商03,O-D003-2026Q1-C0042,D003-C0042,2026-03-19,2026Q1,true,18570.36,桂中,erp:order:O-D003-2026Q1-C0042
tenant-demo,D003,经销商03,O-D003-2026Q2-C0042,D003-C0042,2026-05-09,2026Q2,false,44481.88,桂中,erp:order:O-D003-2026Q2-C0042
tenant-demo,D003,经销商03,O-D003-2026Q1-C0043,D003-C0043,2026-03-11,2026Q1,true,30636.65,桂中,erp:order:O-D003-2026Q1-C0043
tenant-demo,D003,经销商03,O-D003-2026Q2-C0043,D003-C0043,2026-06-02,2026Q2,false,28228.95,桂中,erp:order:O-D003-2026Q2-C0043
tenant-demo,D003,经销商03,O-D003-2026Q1-C0044,D003-C0044,2026-01-16,2026Q1,true,13104.68,桂中,erp:order:O-D003-2026Q1-C0044
tenant-demo,D003,经销商03,O-D003-2026Q2-C0044,D003-C0044,2026-06-12,2026Q2,true,41734.57,桂中,erp:order:O-D003-2026Q2-C0044
tenant-demo,D003,经销商03,O-D003-2026Q1-C0045,D003-C0045,2026-03-24,2026Q1,false,34598.4,桂中,erp:order:O-D003-2026Q1-C0045
tenant-demo,D003,经销商03,O-D003-2026Q2-C0045,D003-C0045,2026-04-20,2026Q2,false,39020.05,桂中,erp:order:O-D003-2026Q2-C0045
tenant-demo,D003,经销商03,O-D003-2026Q1-C0046,D003-C0046,2026-02-17,2026Q1,false,16682.57,桂中,erp:order:O-D003-2026Q1-C0046
tenant-demo,D003,经销商03,O-D003-2026Q2-C0046,D003-C0046,2026-05-16,2026Q2,true,39803.41,桂中,erp:order:O-D003-2026Q2-C0046
tenant-demo,D003,经销商03,O-D003-2026Q1-C0047,D003-C0047,2026-03-28,2026Q1,true,46545.96,桂中,erp:order:O-D003-2026Q1-C0047
tenant-demo,D003,经销商03,O-D003-2026Q2-C0047,D003-C0047,2026-04-22,2026Q2,false,12362.97,桂中,erp:order:O-D003-2026Q2-C0047
tenant-demo,D003,经销商03,O-D003-2026Q1-C0048,D003-C0048,2026-03-07,2026Q1,true,31417.04,桂中,erp:order:O-D003-2026Q1-C0048
tenant-demo,D003,经销商03,O-D003-2026Q2-C0048,D003-C0048,2026-06-17,2026Q2,false,7254.76,桂中,erp:order:O-D003-2026Q2-C0048
tenant-demo,D003,经销商03,O-D003-2026Q1-C0049,D003-C0049,2026-01-18,2026Q1,false,20271.41,桂中,erp:order:O-D003-2026Q1-C0049
tenant-demo,D003,经销商03,O-D003-2026Q2-C0049,D003-C0049,2026-06-21,2026Q2,true,32149.61,桂中,erp:order:O-D003-2026Q2-C0049
tenant-demo,D003,经销商03,O-D003-2026Q1-C0050,D003-C0050,2026-03-24,2026Q1,false,12630.2,桂中,erp:order:O-D003-2026Q1-C0050
tenant-demo,D003,经销商03,O-D003-2026Q2-C0050,D003-C0050,2026-06-11,2026Q2,false,24495.09,桂中,erp:order:O-D003-2026Q2-C0050
tenant-demo,D003,经销商03,O-D003-2026Q1-C0051,D003-C0051,2026-03-07,2026Q1,false,33495.6,桂中,erp:order:O-D003-2026Q1-C0051
tenant-demo,D003,经销商03,O-D003-2026Q2-C0051,D003-C0051,2026-05-22,2026Q2,false,32260.66,桂中,erp:order:O-D003-2026Q2-C0051
tenant-demo,D003,经销商03,O-D003-2026Q1-C0052,D003-C0052,2026-01-01,2026Q1,true,46437.83,桂中,erp:order:O-D003-2026Q1-C0052
tenant-demo,D003,经销商03,O-D003-2026Q2-C0052,D003-C0052,2026-04-01,2026Q2,true,39399.43,桂中,erp:order:O-D003-2026Q2-C0052
tenant-demo,D003,经销商03,O-D003-2026Q1-C0053,D003-C0053,2026-02-14,2026Q1,true,8441.32,桂中,erp:order:O-D003-2026Q1-C0053
tenant-demo,D003,经销商03,O-D003-2026Q2-C0053,D003-C0053,2026-04-01,2026Q2,false,13445.77,桂中,erp:order:O-D003-2026Q2-C0053
tenant-demo,D003,经销商03,O-D003-2026Q1-C0054,D003-C0054,2026-01-08,2026Q1,true,41798.02,桂中,erp:order:O-D003-2026Q1-C0054
tenant-demo,D003,经销商03,O-D003-2026Q2-C0054,D003-C0054,2026-05-04,2026Q2,true,7791.31,桂中,erp:order:O-D003-2026Q2-C0054
tenant-demo,D003,经销商03,O-D003-2026Q1-C0055,D003-C0055,2026-03-27,2026Q1,false,21632.08,桂中,erp:order:O-D003-2026Q1-C0055
tenant-demo,D003,经销商03,O-D003-2026Q2-C0055,D003-C0055,2026-04-28,2026Q2,false,41884.84,桂中,erp:order:O-D003-2026Q2-C0055
tenant-demo,D003,经销商03,O-D003-2026Q1-C0056,D003-C0056,2026-03-04,2026Q1,false,22135.98,桂中,erp:order:O-D003-2026Q1-C0056
tenant-demo,D003,经销商03,O-D003-2026Q2-C0056,D003-C0056,2026-05-21,2026Q2,false,38510.57,桂中,erp:order:O-D003-2026Q2-C0056
tenant-demo,D003,经销商03,O-D003-2026Q1-C0057,D003-C0057,2026-01-13,2026Q1,false,5172.91,桂中,erp:order:O-D003-2026Q1-C0057
tenant-demo,D003,经销商03,O-D003-2026Q2-C0057,D003-C0057,2026-05-28,2026Q2,false,30275.84,桂中,erp:order:O-D003-2026Q2-C0057
tenant-demo,D003,经销商03,O-D003-2026Q1-C0058,D003-C0058,2026-02-01,2026Q1,true,32059.0,桂中,erp:order:O-D003-2026Q1-C0058
tenant-demo,D003,经销商03,O-D003-2026Q2-C0058,D003-C0058,2026-05-08,2026Q2,false,20489.52,桂中,erp:order:O-D003-2026Q2-C0058
tenant-demo,D003,经销商03,O-D003-2026Q1-C0059,D003-C0059,2026-02-12,2026Q1,false,22927.04,桂中,erp:order:O-D003-2026Q1-C0059
tenant-demo,D003,经销商03,O-D003-2026Q2-C0059,D003-C0059,2026-04-14,2026Q2,true,7242.36,桂中,erp:order:O-D003-2026Q2-C0059
tenant-demo,D003,经销商03,O-D003-2026Q1-C0060,D003-C0060,2026-03-06,2026Q1,true,32272.67,桂中,erp:order:O-D003-2026Q1-C0060
tenant-demo,D003,经销商03,O-D003-2026Q2-C0060,D003-C0060,2026-05-07,2026Q2,true,36086.07,桂中,erp:order:O-D003-2026Q2-C0060
tenant-demo,D003,经销商03,O-D003-2026Q1-C0061,D003-C0061,2026-02-11,2026Q1,true,11346.25,桂中,erp:order:O-D003-2026Q1-C0061
tenant-demo,D003,经销商03,O-D003-2026Q2-C0061,D003-C0061,2026-04-12,2026Q2,false,38930.0,桂中,erp:order:O-D003-2026Q2-C0061
tenant-demo,D003,经销商03,O-D003-2026Q1-C0062,D003-C0062,2026-02-24,2026Q1,true,21768.47,桂中,erp:order:O-D003-2026Q1-C0062
tenant-demo,D003,经销商03,O-D003-2026Q2-C0062,D003-C0062,2026-05-05,2026Q2,false,8604.38,桂中,erp:order:O-D003-2026Q2-C0062
tenant-demo,D003,经销商03,O-D003-2026Q1-C0063,D003-C0063,2026-01-28,2026Q1,true,37178.77,桂中,erp:order:O-D003-2026Q1-C0063
tenant-demo,D003,经销商03,O-D003-2026Q2-C0063,D003-C0063,2026-06-10,2026Q2,false,11367.59,桂中,erp:order:O-D003-2026Q2-C0063
tenant-demo,D003,经销商03,O-D003-2026Q1-C0064,D003-C0064,2026-01-03,2026Q1,true,16902.81,桂中,erp:order:O-D003-2026Q1-C0064
tenant-demo,D003,经销商03,O-D003-2026Q2-C0064,D003-C0064,2026-04-11,2026Q2,true,10744.05,桂中,erp:order:O-D003-2026Q2-C0064
tenant-demo,D003,经销商03,O-D003-2026Q1-C0065,D003-C0065,2026-01-25,2026Q1,true,49261.84,桂中,erp:order:O-D003-2026Q1-C0065
tenant-demo,D003,经销商03,O-D003-2026Q2-C0065,D003-C0065,2026-04-14,2026Q2,false,12085.24,桂中,erp:order:O-D003-2026Q2-C0065
tenant-demo,D003,经销商03,O-D003-2026Q1-C0066,D003-C0066,2026-02-26,2026Q1,false,21760.94,桂中,erp:order:O-D003-2026Q1-C0066
tenant-demo,D003,经销商03,O-D003-2026Q2-C0066,D003-C0066,2026-05-01,2026Q2,false,31711.72,桂中,erp:order:O-D003-2026Q2-C0066
tenant-demo,D003,经销商03,O-D003-2026Q1-C0067,D003-C0067,2026-03-21,2026Q1,false,30835.11,桂中,erp:order:O-D003-2026Q1-C0067
tenant-demo,D003,经销商03,O-D003-2026Q2-C0067,D003-C0067,2026-06-05,2026Q2,true,10482.63,桂中,erp:order:O-D003-2026Q2-C0067
tenant-demo,D003,经销商03,O-D003-2026Q1-C0068,D003-C0068,2026-02-17,2026Q1,true,23641.03,桂中,erp:order:O-D003-2026Q1-C0068
tenant-demo,D003,经销商03,O-D003-2026Q2-C0068,D003-C0068,2026-04-03,2026Q2,true,38954.61,桂中,erp:order:O-D003-2026Q2-C0068
tenant-demo,D003,经销商03,O-D003-2026Q1-C0069,D003-C0069,2026-03-25,2026Q1,false,32123.86,桂中,erp:order:O-D003-2026Q1-C0069
tenant-demo,D003,经销商03,O-D003-2026Q2-C0069,D003-C0069,2026-06-14,2026Q2,false,28112.69,桂中,erp:order:O-D003-2026Q2-C0069
tenant-demo,D003,经销商03,O-D003-2026Q1-C0070,D003-C0070,2026-03-16,2026Q1,false,37958.47,桂中,erp:order:O-D003-2026Q1-C0070
tenant-demo,D003,经销商03,O-D003-2026Q2-C0070,D003-C0070,2026-05-21,2026Q2,false,30153.62,桂中,erp:order:O-D003-2026Q2-C0070
tenant-demo,D003,经销商03,O-D003-2026Q1-C0071,D003-C0071,2026-01-19,2026Q1,false,31081.78,桂中,erp:order:O-D003-2026Q1-C0071
tenant-demo,D003,经销商03,O-D003-2026Q2-C0071,D003-C0071,2026-05-08,2026Q2,false,20438.14,桂中,erp:order:O-D003-2026Q2-C0071
tenant-demo,D003,经销商03,O-D003-2026Q1-C0072,D003-C0072,2026-01-04,2026Q1,false,40094.42,桂中,erp:order:O-D003-2026Q1-C0072
tenant-demo,D003,经销商03,O-D003-2026Q2-C0072,D003-C0072,2026-04-21,2026Q2,false,14251.27,桂中,erp:order:O-D003-2026Q2-C0072
tenant-demo,D003,经销商03,O-D003-2026Q1-C0073,D003-C0073,2026-02-21,2026Q1,false,38859.2,桂中,erp:order:O-D003-2026Q1-C0073
tenant-demo,D003,经销商03,O-D003-2026Q2-C0073,D003-C0073,2026-06-08,2026Q2,false,10795.79,桂中,erp:order:O-D003-2026Q2-C0073
tenant-demo,D003,经销商03,O-D003-2026Q1-C0074,D003-C0074,2026-01-16,2026Q1,true,30296.27,桂中,erp:order:O-D003-2026Q1-C0074
tenant-demo,D003,经销商03,O-D003-2026Q2-C0074,D003-C0074,2026-06-21,2026Q2,false,44370.81,桂中,erp:order:O-D003-2026Q2-C0074
tenant-demo,D003,经销商03,O-D003-2026Q1-C0075,D003-C0075,2026-03-21,2026Q1,false,11899.76,桂中,erp:order:O-D003-2026Q1-C0075
tenant-demo,D003,经销商03,O-D003-2026Q2-C0075,D003-C0075,2026-05-15,2026Q2,false,39081.28,桂中,erp:order:O-D003-2026Q2-C0075
tenant-demo,D003,经销商03,O-D003-2026Q1-C0076,D003-C0076,2026-01-20,2026Q1,true,21152.92,桂中,erp:order:O-D003-2026Q1-C0076
tenant-demo,D003,经销商03,O-D003-2026Q2-C0076,D003-C0076,2026-06-16,2026Q2,true,41248.7,桂中,erp:order:O-D003-2026Q2-C0076
tenant-demo,D003,经销商03,O-D003-2026Q1-C0077,D003-C0077,2026-01-20,2026Q1,true,39695.68,桂中,erp:order:O-D003-2026Q1-C0077
tenant-demo,D003,经销商03,O-D003-2026Q2-C0077,D003-C0077,2026-04-17,2026Q2,false,45412.51,桂中,erp:order:O-D003-2026Q2-C0077
tenant-demo,D003,经销商03,O-D003-2026Q1-C0078,D003-C0078,2026-01-24,2026Q1,true,32401.77,桂中,erp:order:O-D003-2026Q1-C0078
tenant-demo,D003,经销商03,O-D003-2026Q2-C0078,D003-C0078,2026-04-27,2026Q2,true,43632.53,桂中,erp:order:O-D003-2026Q2-C0078
tenant-demo,D003,经销商03,O-D003-2026Q1-C0079,D003-C0079,2026-03-10,2026Q1,false,16746.55,桂中,erp:order:O-D003-2026Q1-C0079
tenant-demo,D003,经销商03,O-D003-2026Q2-C0079,D003-C0079,2026-04-18,2026Q2,false,43191.61,桂中,erp:order:O-D003-2026Q2-C0079
tenant-demo,D003,经销商03,O-D003-2026Q1-C0080,D003-C0080,2026-01-11,2026Q1,false,46963.49,桂中,erp:order:O-D003-2026Q1-C0080
tenant-demo,D003,经销商03,O-D003-2026Q2-C0080,D003-C0080,2026-06-23,2026Q2,true,8563.92,桂中,erp:order:O-D003-2026Q2-C0080
tenant-demo,D003,经销商03,O-D003-2026Q1-C0081,D003-C0081,2026-03-25,2026Q1,false,10862.13,桂中,erp:order:O-D003-2026Q1-C0081
tenant-demo,D003,经销商03,O-D003-2026Q2-C0081,D003-C0081,2026-06-01,2026Q2,true,6101.44,桂中,erp:order:O-D003-2026Q2-C0081
tenant-demo,D003,经销商03,O-D003-2026Q1-C0082,D003-C0082,2026-03-12,2026Q1,false,7758.64,桂中,erp:order:O-D003-2026Q1-C0082
tenant-demo,D003,经销商03,O-D003-2026Q2-C0082,D003-C0082,2026-04-22,2026Q2,false,46467.74,桂中,erp:order:O-D003-2026Q2-C0082
tenant-demo,D003,经销商03,O-D003-2026Q1-C0083,D003-C0083,2026-03-22,2026Q1,false,43971.72,桂中,erp:order:O-D003-2026Q1-C0083
tenant-demo,D003,经销商03,O-D003-2026Q2-C0083,D003-C0083,2026-05-15,2026Q2,false,29022.09,桂中,erp:order:O-D003-2026Q2-C0083
tenant-demo,D003,经销商03,O-D003-2026Q1-C0084,D003-C0084,2026-03-01,2026Q1,false,30507.8,桂中,erp:order:O-D003-2026Q1-C0084
tenant-demo,D003,经销商03,O-D003-2026Q2-C0084,D003-C0084,2026-05-03,2026Q2,true,17401.35,桂中,erp:order:O-D003-2026Q2-C0084
tenant-demo,D003,经销商03,O-D003-2026Q1-C0085,D003-C0085,2026-01-06,2026Q1,true,20622.12,桂中,erp:order:O-D003-2026Q1-C0085
tenant-demo,D003,经销商03,O-D003-2026Q2-C0085,D003-C0085,2026-04-19,2026Q2,true,39064.18,桂中,erp:order:O-D003-2026Q2-C0085
tenant-demo,D003,经销商03,O-D003-2026Q1-C0086,D003-C0086,2026-03-22,2026Q1,true,22759.94,桂中,erp:order:O-D003-2026Q1-C0086
tenant-demo,D003,经销商03,O-D003-2026Q2-C0086,D003-C0086,2026-04-16,2026Q2,false,15076.95,桂中,erp:order:O-D003-2026Q2-C0086
tenant-demo,D003,经销商03,O-D003-2026Q1-C0087,D003-C0087,2026-03-28,2026Q1,false,10522.99,桂中,erp:order:O-D003-2026Q1-C0087
tenant-demo,D003,经销商03,O-D003-2026Q2-C0087,D003-C0087,2026-05-20,2026Q2,true,35281.81,桂中,erp:order:O-D003-2026Q2-C0087
tenant-demo,D003,经销商03,O-D003-2026Q1-C0088,D003-C0088,2026-03-18,2026Q1,false,9634.34,桂中,erp:order:O-D003-2026Q1-C0088
tenant-demo,D003,经销商03,O-D003-2026Q2-C0088,D003-C0088,2026-06-10,2026Q2,true,35606.91,桂中,erp:order:O-D003-2026Q2-C0088
tenant-demo,D003,经销商03,O-D003-2026Q1-C0089,D003-C0089,2026-02-03,2026Q1,true,9378.87,桂中,erp:order:O-D003-2026Q1-C0089
tenant-demo,D003,经销商03,O-D003-2026Q2-C0089,D003-C0089,2026-06-04,2026Q2,false,45538.71,桂中,erp:order:O-D003-2026Q2-C0089
tenant-demo,D003,经销商03,O-D003-2026Q1-C0090,D003-C0090,2026-03-15,2026Q1,true,30715.1,桂中,erp:order:O-D003-2026Q1-C0090
tenant-demo,D003,经销商03,O-D003-2026Q2-C0090,D003-C0090,2026-06-10,2026Q2,false,30913.9,桂中,erp:order:O-D003-2026Q2-C0090
tenant-demo,D003,经销商03,O-D003-2026Q1-C0091,D003-C0091,2026-03-15,2026Q1,false,24789.03,桂中,erp:order:O-D003-2026Q1-C0091
tenant-demo,D003,经销商03,O-D003-2026Q2-C0091,D003-C0091,2026-06-15,2026Q2,true,40361.03,桂中,erp:order:O-D003-2026Q2-C0091
tenant-demo,D003,经销商03,O-D003-2026Q1-C0092,D003-C0092,2026-02-19,2026Q1,false,31524.13,桂中,erp:order:O-D003-2026Q1-C0092
tenant-demo,D003,经销商03,O-D003-2026Q2-C0092,D003-C0092,2026-04-27,2026Q2,true,17130.39,桂中,erp:order:O-D003-2026Q2-C0092
tenant-demo,D003,经销商03,O-D003-2026Q1-C0093,D003-C0093,2026-02-02,2026Q1,false,35024.66,桂中,erp:order:O-D003-2026Q1-C0093
tenant-demo,D003,经销商03,O-D003-2026Q2-C0093,D003-C0093,2026-05-23,2026Q2,false,30567.27,桂中,erp:order:O-D003-2026Q2-C0093
tenant-demo,D003,经销商03,O-D003-2026Q1-C0094,D003-C0094,2026-03-21,2026Q1,false,10851.31,桂中,erp:order:O-D003-2026Q1-C0094
tenant-demo,D003,经销商03,O-D003-2026Q2-C0094,D003-C0094,2026-06-28,2026Q2,true,41914.8,桂中,erp:order:O-D003-2026Q2-C0094
tenant-demo,D003,经销商03,O-D003-2026Q1-C0095,D003-C0095,2026-03-09,2026Q1,false,37274.75,桂中,erp:order:O-D003-2026Q1-C0095
tenant-demo,D003,经销商03,O-D003-2026Q2-C0095,D003-C0095,2026-06-10,2026Q2,true,47992.7,桂中,erp:order:O-D003-2026Q2-C0095
tenant-demo,D003,经销商03,O-D003-2026Q1-C0096,D003-C0096,2026-01-13,2026Q1,true,24609.14,桂中,erp:order:O-D003-2026Q1-C0096
tenant-demo,D003,经销商03,O-D003-2026Q2-C0096,D003-C0096,2026-04-13,2026Q2,true,29323.62,桂中,erp:order:O-D003-2026Q2-C0096
tenant-demo,D003,经销商03,O-D003-2026Q1-C0097,D003-C0097,2026-02-02,2026Q1,false,35338.7,桂中,erp:order:O-D003-2026Q1-C0097
tenant-demo,D003,经销商03,O-D003-2026Q2-C0097,D003-C0097,2026-04-11,2026Q2,true,35688.51,桂中,erp:order:O-D003-2026Q2-C0097
tenant-demo,D003,经销商03,O-D003-2026Q1-C0098,D003-C0098,2026-02-13,2026Q1,false,8626.69,桂中,erp:order:O-D003-2026Q1-C0098
tenant-demo,D003,经销商03,O-D003-2026Q2-C0098,D003-C0098,2026-04-16,2026Q2,true,9695.68,桂中,erp:order:O-D003-2026Q2-C0098
tenant-demo,D003,经销商03,O-D003-2026Q1-C0099,D003-C0099,2026-02-25,2026Q1,true,19582.37,桂中,erp:order:O-D003-2026Q1-C0099
tenant-demo,D003,经销商03,O-D003-2026Q2-C0099,D003-C0099,2026-06-15,2026Q2,false,8656.32,桂中,erp:order:O-D003-2026Q2-C0099
tenant-demo,D003,经销商03,O-D003-2026Q1-C0100,D003-C0100,2026-02-07,2026Q1,false,48881.81,桂中,erp:order:O-D003-2026Q1-C0100
tenant-demo,D003,经销商03,O-D003-2026Q2-C0100,D003-C0100,2026-06-22,2026Q2,false,22732.68,桂中,erp:order:O-D003-2026Q2-C0100
tenant-demo,D003,经销商03,O-D003-2026Q1-C0101,D003-C0101,2026-03-20,2026Q1,false,39692.07,桂中,erp:order:O-D003-2026Q1-C0101
tenant-demo,D003,经销商03,O-D003-2026Q2-C0101,D003-C0101,2026-04-28,2026Q2,true,39064.14,桂中,erp:order:O-D003-2026Q2-C0101
tenant-demo,D003,经销商03,O-D003-2026Q1-C0102,D003-C0102,2026-01-01,2026Q1,false,43139.1,桂中,erp:order:O-D003-2026Q1-C0102
tenant-demo,D003,经销商03,O-D003-2026Q2-C0102,D003-C0102,2026-04-15,2026Q2,false,48281.4,桂中,erp:order:O-D003-2026Q2-C0102
tenant-demo,D003,经销商03,O-D003-2026Q1-C0103,D003-C0103,2026-03-27,2026Q1,true,5175.71,桂中,erp:order:O-D003-2026Q1-C0103
tenant-demo,D003,经销商03,O-D003-2026Q2-C0103,D003-C0103,2026-04-23,2026Q2,false,25044.24,桂中,erp:order:O-D003-2026Q2-C0103
tenant-demo,D003,经销商03,O-D003-2026Q1-C0104,D003-C0104,2026-01-24,2026Q1,false,34951.84,桂中,erp:order:O-D003-2026Q1-C0104
tenant-demo,D003,经销商03,O-D003-2026Q2-C0104,D003-C0104,2026-04-22,2026Q2,true,24833.43,桂中,erp:order:O-D003-2026Q2-C0104
tenant-demo,D003,经销商03,O-D003-2026Q1-C0105,D003-C0105,2026-02-11,2026Q1,false,14005.41,桂中,erp:order:O-D003-2026Q1-C0105
tenant-demo,D003,经销商03,O-D003-2026Q2-C0105,D003-C0105,2026-06-15,2026Q2,true,39816.22,桂中,erp:order:O-D003-2026Q2-C0105
tenant-demo,D003,经销商03,O-D003-2026Q1-C0106,D003-C0106,2026-01-10,2026Q1,true,17553.73,桂中,erp:order:O-D003-2026Q1-C0106
tenant-demo,D003,经销商03,O-D003-2026Q2-C0106,D003-C0106,2026-06-20,2026Q2,false,35148.9,桂中,erp:order:O-D003-2026Q2-C0106
tenant-demo,D003,经销商03,O-D003-2026Q1-C0107,D003-C0107,2026-03-20,2026Q1,false,29621.12,桂中,erp:order:O-D003-2026Q1-C0107
tenant-demo,D003,经销商03,O-D003-2026Q2-C0107,D003-C0107,2026-06-18,2026Q2,true,26580.44,桂中,erp:order:O-D003-2026Q2-C0107
tenant-demo,D003,经销商03,O-D003-2026Q1-C0108,D003-C0108,2026-01-16,2026Q1,false,48114.18,桂中,erp:order:O-D003-2026Q1-C0108
tenant-demo,D003,经销商03,O-D003-2026Q2-C0108,D003-C0108,2026-06-18,2026Q2,false,10401.88,桂中,erp:order:O-D003-2026Q2-C0108
tenant-demo,D003,经销商03,O-D003-2026Q1-C0109,D003-C0109,2026-03-21,2026Q1,true,12512.71,桂中,erp:order:O-D003-2026Q1-C0109
tenant-demo,D003,经销商03,O-D003-2026Q2-C0109,D003-C0109,2026-06-26,2026Q2,true,19612.24,桂中,erp:order:O-D003-2026Q2-C0109
tenant-demo,D003,经销商03,O-D003-2026Q1-C0110,D003-C0110,2026-01-17,2026Q1,false,21981.21,桂中,erp:order:O-D003-2026Q1-C0110
tenant-demo,D003,经销商03,O-D003-2026Q2-C0110,D003-C0110,2026-05-08,2026Q2,false,9312.17,桂中,erp:order:O-D003-2026Q2-C0110
tenant-demo,D003,经销商03,O-D003-2026Q1-C0111,D003-C0111,2026-01-16,2026Q1,true,10037.55,桂中,erp:order:O-D003-2026Q1-C0111
tenant-demo,D003,经销商03,O-D003-2026Q2-C0111,D003-C0111,2026-06-10,2026Q2,false,16329.78,桂中,erp:order:O-D003-2026Q2-C0111
tenant-demo,D003,经销商03,O-D003-2026Q1-C0112,D003-C0112,2026-02-20,2026Q1,false,41922.48,桂中,erp:order:O-D003-2026Q1-C0112
tenant-demo,D003,经销商03,O-D003-2026Q2-C0112,D003-C0112,2026-05-08,2026Q2,true,41221.57,桂中,erp:order:O-D003-2026Q2-C0112
tenant-demo,D003,经销商03,O-D003-2026Q1-C0113,D003-C0113,2026-03-19,2026Q1,true,24406.8,桂中,erp:order:O-D003-2026Q1-C0113
tenant-demo,D003,经销商03,O-D003-2026Q2-C0113,D003-C0113,2026-05-09,2026Q2,false,25193.66,桂中,erp:order:O-D003-2026Q2-C0113
tenant-demo,D003,经销商03,O-D003-2026Q1-C0114,D003-C0114,2026-03-19,2026Q1,false,23427.33,桂中,erp:order:O-D003-2026Q1-C0114
tenant-demo,D003,经销商03,O-D003-2026Q2-C0114,D003-C0114,2026-06-04,2026Q2,true,30013.2,桂中,erp:order:O-D003-2026Q2-C0114
tenant-demo,D003,经销商03,O-D003-2026Q1-C0115,D003-C0115,2026-01-27,2026Q1,true,45844.73,桂中,erp:order:O-D003-2026Q1-C0115
tenant-demo,D003,经销商03,O-D003-2026Q2-C0115,D003-C0115,2026-04-03,2026Q2,true,17033.56,桂中,erp:order:O-D003-2026Q2-C0115
tenant-demo,D003,经销商03,O-D003-2026Q1-C0116,D003-C0116,2026-01-13,2026Q1,false,29492.71,桂中,erp:order:O-D003-2026Q1-C0116
tenant-demo,D003,经销商03,O-D003-2026Q2-C0116,D003-C0116,2026-05-16,2026Q2,true,48934.24,桂中,erp:order:O-D003-2026Q2-C0116
tenant-demo,D003,经销商03,O-D003-2026Q1-C0117,D003-C0117,2026-03-21,2026Q1,false,38586.23,桂中,erp:order:O-D003-2026Q1-C0117
tenant-demo,D003,经销商03,O-D003-2026Q2-C0117,D003-C0117,2026-04-09,2026Q2,true,12071.29,桂中,erp:order:O-D003-2026Q2-C0117
tenant-demo,D003,经销商03,O-D003-2026Q1-C0118,D003-C0118,2026-02-13,2026Q1,false,22928.35,桂中,erp:order:O-D003-2026Q1-C0118
tenant-demo,D003,经销商03,O-D003-2026Q2-C0118,D003-C0118,2026-06-22,2026Q2,true,25363.56,桂中,erp:order:O-D003-2026Q2-C0118
tenant-demo,D003,经销商03,O-D003-2026Q1-C0119,D003-C0119,2026-01-03,2026Q1,false,15922.65,桂中,erp:order:O-D003-2026Q1-C0119
tenant-demo,D003,经销商03,O-D003-2026Q2-C0119,D003-C0119,2026-04-04,2026Q2,false,27450.3,桂中,erp:order:O-D003-2026Q2-C0119
tenant-demo,D003,经销商03,O-D003-2026Q1-C0120,D003-C0120,2026-03-23,2026Q1,true,42811.32,桂中,erp:order:O-D003-2026Q1-C0120
tenant-demo,D003,经销商03,O-D003-2026Q2-C0120,D003-C0120,2026-05-21,2026Q2,true,25784.85,桂中,erp:order:O-D003-2026Q2-C0120
tenant-demo,D003,经销商03,O-D003-2026Q1-C0121,D003-C0121,2026-01-26,2026Q1,false,23279.99,桂中,erp:order:O-D003-2026Q1-C0121
tenant-demo,D003,经销商03,O-D003-2026Q2-C0121,D003-C0121,2026-04-16,2026Q2,true,17633.09,桂中,erp:order:O-D003-2026Q2-C0121
tenant-demo,D003,经销商03,O-D003-2026Q1-C0122,D003-C0122,2026-01-25,2026Q1,false,38317.95,桂中,erp:order:O-D003-2026Q1-C0122
tenant-demo,D003,经销商03,O-D003-2026Q2-C0122,D003-C0122,2026-06-07,2026Q2,false,31798.78,桂中,erp:order:O-D003-2026Q2-C0122
tenant-demo,D003,经销商03,O-D003-2026Q1-C0123,D003-C0123,2026-02-03,2026Q1,false,27697.15,桂中,erp:order:O-D003-2026Q1-C0123
tenant-demo,D003,经销商03,O-D003-2026Q2-C0123,D003-C0123,2026-05-23,2026Q2,true,29650.56,桂中,erp:order:O-D003-2026Q2-C0123
tenant-demo,D003,经销商03,O-D003-2026Q1-C0124,D003-C0124,2026-01-10,2026Q1,false,11577.3,桂中,erp:order:O-D003-2026Q1-C0124
tenant-demo,D003,经销商03,O-D003-2026Q2-C0124,D003-C0124,2026-05-19,2026Q2,false,6787.1,桂中,erp:order:O-D003-2026Q2-C0124
tenant-demo,D003,经销商03,O-D003-2026Q1-C0125,D003-C0125,2026-03-17,2026Q1,true,18171.19,桂中,erp:order:O-D003-2026Q1-C0125
tenant-demo,D003,经销商03,O-D003-2026Q2-C0125,D003-C0125,2026-04-16,2026Q2,true,19734.77,桂中,erp:order:O-D003-2026Q2-C0125
tenant-demo,D003,经销商03,O-D003-2026Q1-C0126,D003-C0126,2026-01-24,2026Q1,true,8905.93,桂中,erp:order:O-D003-2026Q1-C0126
tenant-demo,D003,经销商03,O-D003-2026Q2-C0126,D003-C0126,2026-06-25,2026Q2,false,33485.76,桂中,erp:order:O-D003-2026Q2-C0126
tenant-demo,D003,经销商03,O-D003-2026Q1-C0127,D003-C0127,2026-03-21,2026Q1,false,31797.64,桂中,erp:order:O-D003-2026Q1-C0127
tenant-demo,D003,经销商03,O-D003-2026Q2-C0127,D003-C0127,2026-05-26,2026Q2,true,27187.38,桂中,erp:order:O-D003-2026Q2-C0127
tenant-demo,D003,经销商03,O-D003-2026Q1-C0128,D003-C0128,2026-01-10,2026Q1,false,6010.93,桂中,erp:order:O-D003-2026Q1-C0128
tenant-demo,D003,经销商03,O-D003-2026Q2-C0128,D003-C0128,2026-04-12,2026Q2,false,39785.65,桂中,erp:order:O-D003-2026Q2-C0128
tenant-demo,D003,经销商03,O-D003-2026Q1-C0129,D003-C0129,2026-01-08,2026Q1,true,13976.25,桂中,erp:order:O-D003-2026Q1-C0129
tenant-demo,D003,经销商03,O-D003-2026Q2-C0129,D003-C0129,2026-04-27,2026Q2,false,11222.85,桂中,erp:order:O-D003-2026Q2-C0129
tenant-demo,D003,经销商03,O-D003-2026Q1-C0130,D003-C0130,2026-01-10,2026Q1,true,6830.84,桂中,erp:order:O-D003-2026Q1-C0130
tenant-demo,D003,经销商03,O-D003-2026Q2-C0130,D003-C0130,2026-06-19,2026Q2,false,19218.21,桂中,erp:order:O-D003-2026Q2-C0130
tenant-demo,D003,经销商03,O-D003-2026Q1-C0131,D003-C0131,2026-02-01,2026Q1,true,49982.54,桂中,erp:order:O-D003-2026Q1-C0131
tenant-demo,D003,经销商03,O-D003-2026Q2-C0131,D003-C0131,2026-06-13,2026Q2,true,22325.69,桂中,erp:order:O-D003-2026Q2-C0131
tenant-demo,D003,经销商03,O-D003-2026Q1-C0132,D003-C0132,2026-03-05,2026Q1,false,15553.77,桂中,erp:order:O-D003-2026Q1-C0132
tenant-demo,D003,经销商03,O-D003-2026Q2-C0132,D003-C0132,2026-04-14,2026Q2,true,29753.57,桂中,erp:order:O-D003-2026Q2-C0132
tenant-demo,D003,经销商03,O-D003-2026Q1-C0133,D003-C0133,2026-01-18,2026Q1,false,29891.57,桂中,erp:order:O-D003-2026Q1-C0133
tenant-demo,D003,经销商03,O-D003-2026Q2-C0133,D003-C0133,2026-06-18,2026Q2,false,5379.82,桂中,erp:order:O-D003-2026Q2-C0133
tenant-demo,D003,经销商03,O-D003-2026Q1-C0134,D003-C0134,2026-02-26,2026Q1,false,48306.17,桂中,erp:order:O-D003-2026Q1-C0134
tenant-demo,D003,经销商03,O-D003-2026Q2-C0134,D003-C0134,2026-06-28,2026Q2,false,22479.39,桂中,erp:order:O-D003-2026Q2-C0134
tenant-demo,D003,经销商03,O-D003-2026Q1-C0135,D003-C0135,2026-03-07,2026Q1,false,46581.0,桂中,erp:order:O-D003-2026Q1-C0135
tenant-demo,D003,经销商03,O-D003-2026Q2-C0135,D003-C0135,2026-04-04,2026Q2,false,10970.94,桂中,erp:order:O-D003-2026Q2-C0135
tenant-demo,D003,经销商03,O-D003-2026Q1-C0136,D003-C0136,2026-03-27,2026Q1,true,30548.77,桂中,erp:order:O-D003-2026Q1-C0136
tenant-demo,D003,经销商03,O-D003-2026Q2-C0136,D003-C0136,2026-05-16,2026Q2,true,18403.96,桂中,erp:order:O-D003-2026Q2-C0136
tenant-demo,D003,经销商03,O-D003-2026Q1-C0137,D003-C0137,2026-03-06,2026Q1,false,27391.21,桂中,erp:order:O-D003-2026Q1-C0137
tenant-demo,D003,经销商03,O-D003-2026Q2-C0137,D003-C0137,2026-05-21,2026Q2,true,44735.53,桂中,erp:order:O-D003-2026Q2-C0137
tenant-demo,D003,经销商03,O-D003-2026Q1-C0138,D003-C0138,2026-02-03,2026Q1,true,36518.97,桂中,erp:order:O-D003-2026Q1-C0138
tenant-demo,D003,经销商03,O-D003-2026Q2-C0138,D003-C0138,2026-06-11,2026Q2,true,37249.53,桂中,erp:order:O-D003-2026Q2-C0138
tenant-demo,D003,经销商03,O-D003-2026Q1-C0139,D003-C0139,2026-03-18,2026Q1,false,16015.97,桂中,erp:order:O-D003-2026Q1-C0139
tenant-demo,D003,经销商03,O-D003-2026Q2-C0139,D003-C0139,2026-04-21,2026Q2,true,14879.11,桂中,erp:order:O-D003-2026Q2-C0139
tenant-demo,D003,经销商03,O-D003-2026Q1-C0140,D003-C0140,2026-01-15,2026Q1,true,42003.19,桂中,erp:order:O-D003-2026Q1-C0140
tenant-demo,D003,经销商03,O-D003-2026Q2-C0140,D003-C0140,2026-06-08,2026Q2,false,21047.56,桂中,erp:order:O-D003-2026Q2-C0140
tenant-demo,D003,经销商03,O-D003-2026Q1-C0141,D003-C0141,2026-01-14,2026Q1,true,18701.65,桂中,erp:order:O-D003-2026Q1-C0141
tenant-demo,D003,经销商03,O-D003-2026Q2-C0141,D003-C0141,2026-06-02,2026Q2,false,25101.27,桂中,erp:order:O-D003-2026Q2-C0141
tenant-demo,D003,经销商03,O-D003-2026Q1-C0142,D003-C0142,2026-03-13,2026Q1,false,12810.73,桂中,erp:order:O-D003-2026Q1-C0142
tenant-demo,D003,经销商03,O-D003-2026Q2-C0142,D003-C0142,2026-06-16,2026Q2,false,41403.07,桂中,erp:order:O-D003-2026Q2-C0142
tenant-demo,D003,经销商03,O-D003-2026Q1-C0143,D003-C0143,2026-02-10,2026Q1,true,34426.81,桂中,erp:order:O-D003-2026Q1-C0143
tenant-demo,D003,经销商03,O-D003-2026Q2-C0143,D003-C0143,2026-05-22,2026Q2,false,17519.4,桂中,erp:order:O-D003-2026Q2-C0143
tenant-demo,D003,经销商03,O-D003-2026Q1-C0144,D003-C0144,2026-03-24,2026Q1,false,43093.98,桂中,erp:order:O-D003-2026Q1-C0144
tenant-demo,D003,经销商03,O-D003-2026Q2-C0144,D003-C0144,2026-04-25,2026Q2,true,21589.06,桂中,erp:order:O-D003-2026Q2-C0144
tenant-demo,D003,经销商03,O-D003-2026Q1-C0145,D003-C0145,2026-01-23,2026Q1,false,44448.21,桂中,erp:order:O-D003-2026Q1-C0145
tenant-demo,D003,经销商03,O-D003-2026Q2-C0145,D003-C0145,2026-05-08,2026Q2,false,21348.47,桂中,erp:order:O-D003-2026Q2-C0145
tenant-demo,D003,经销商03,O-D003-2026Q1-C0146,D003-C0146,2026-02-22,2026Q1,false,37087.48,桂中,erp:order:O-D003-2026Q1-C0146
tenant-demo,D003,经销商03,O-D003-2026Q2-C0146,D003-C0146,2026-06-22,2026Q2,false,29043.18,桂中,erp:order:O-D003-2026Q2-C0146
tenant-demo,D003,经销商03,O-D003-2026Q1-C0147,D003-C0147,2026-03-12,2026Q1,false,18978.43,桂中,erp:order:O-D003-2026Q1-C0147
tenant-demo,D003,经销商03,O-D003-2026Q2-C0147,D003-C0147,2026-06-01,2026Q2,true,46485.89,桂中,erp:order:O-D003-2026Q2-C0147
tenant-demo,D003,经销商03,O-D003-2026Q1-C0148,D003-C0148,2026-01-01,2026Q1,true,22328.38,桂中,erp:order:O-D003-2026Q1-C0148
tenant-demo,D003,经销商03,O-D003-2026Q2-C0148,D003-C0148,2026-06-06,2026Q2,true,42148.24,桂中,erp:order:O-D003-2026Q2-C0148
tenant-demo,D003,经销商03,O-D003-2026Q1-C0149,D003-C0149,2026-01-12,2026Q1,false,25796.83,桂中,erp:order:O-D003-2026Q1-C0149
tenant-demo,D003,经销商03,O-D003-2026Q2-C0149,D003-C0149,2026-04-13,2026Q2,true,7988.41,桂中,erp:order:O-D003-2026Q2-C0149
tenant-demo,D003,经销商03,O-D003-2026Q1-C0150,D003-C0150,2026-03-04,2026Q1,true,13293.46,桂中,erp:order:O-D003-2026Q1-C0150
tenant-demo,D003,经销商03,O-D003-2026Q2-C0150,D003-C0150,2026-05-23,2026Q2,true,28197.03,桂中,erp:order:O-D003-2026Q2-C0150
tenant-demo,D003,经销商03,O-D003-2026Q1-C0151,D003-C0151,2026-01-12,2026Q1,true,26564.21,桂中,erp:order:O-D003-2026Q1-C0151
tenant-demo,D003,经销商03,O-D003-2026Q2-C0151,D003-C0151,2026-04-21,2026Q2,true,34636.86,桂中,erp:order:O-D003-2026Q2-C0151
tenant-demo,D003,经销商03,O-D003-2026Q1-C0152,D003-C0152,2026-03-13,2026Q1,false,11005.96,桂中,erp:order:O-D003-2026Q1-C0152
tenant-demo,D003,经销商03,O-D003-2026Q2-C0152,D003-C0152,2026-04-26,2026Q2,false,12257.08,桂中,erp:order:O-D003-2026Q2-C0152
tenant-demo,D003,经销商03,O-D003-2026Q1-C0153,D003-C0153,2026-01-02,2026Q1,false,17920.48,桂中,erp:order:O-D003-2026Q1-C0153
tenant-demo,D003,经销商03,O-D003-2026Q2-C0153,D003-C0153,2026-04-01,2026Q2,false,47042.92,桂中,erp:order:O-D003-2026Q2-C0153
tenant-demo,D003,经销商03,O-D003-2026Q1-C0154,D003-C0154,2026-01-01,2026Q1,false,31780.69,桂中,erp:order:O-D003-2026Q1-C0154
tenant-demo,D003,经销商03,O-D003-2026Q2-C0154,D003-C0154,2026-06-15,2026Q2,false,41550.66,桂中,erp:order:O-D003-2026Q2-C0154
tenant-demo,D003,经销商03,O-D003-2026Q1-C0155,D003-C0155,2026-03-13,2026Q1,true,36222.3,桂中,erp:order:O-D003-2026Q1-C0155
tenant-demo,D003,经销商03,O-D003-2026Q2-C0155,D003-C0155,2026-05-12,2026Q2,false,18366.62,桂中,erp:order:O-D003-2026Q2-C0155
tenant-demo,D003,经销商03,O-D003-2026Q1-C0156,D003-C0156,2026-01-26,2026Q1,false,32813.38,桂中,erp:order:O-D003-2026Q1-C0156
tenant-demo,D003,经销商03,O-D003-2026Q2-C0156,D003-C0156,2026-04-11,2026Q2,false,32489.85,桂中,erp:order:O-D003-2026Q2-C0156
tenant-demo,D003,经销商03,O-D003-2026Q1-C0157,D003-C0157,2026-02-24,2026Q1,true,5367.18,桂中,erp:order:O-D003-2026Q1-C0157
tenant-demo,D003,经销商03,O-D003-2026Q2-C0157,D003-C0157,2026-04-17,2026Q2,true,13690.61,桂中,erp:order:O-D003-2026Q2-C0157
tenant-demo,D003,经销商03,O-D003-2026Q1-C0158,D003-C0158,2026-01-26,2026Q1,true,16851.88,桂中,erp:order:O-D003-2026Q1-C0158
tenant-demo,D003,经销商03,O-D003-2026Q2-C0158,D003-C0158,2026-04-20,2026Q2,false,8711.61,桂中,erp:order:O-D003-2026Q2-C0158
tenant-demo,D003,经销商03,O-D003-2026Q1-C0159,D003-C0159,2026-01-26,2026Q1,false,37571.49,桂中,erp:order:O-D003-2026Q1-C0159
tenant-demo,D003,经销商03,O-D003-2026Q2-C0159,D003-C0159,2026-06-12,2026Q2,false,15778.55,桂中,erp:order:O-D003-2026Q2-C0159
tenant-demo,D003,经销商03,O-D003-2026Q1-C0160,D003-C0160,2026-01-19,2026Q1,true,28424.47,桂中,erp:order:O-D003-2026Q1-C0160
tenant-demo,D003,经销商03,O-D003-2026Q2-C0160,D003-C0160,2026-05-02,2026Q2,false,28099.43,桂中,erp:order:O-D003-2026Q2-C0160
tenant-demo,D003,经销商03,O-D003-2026Q1-C0161,D003-C0161,2026-01-14,2026Q1,false,43734.29,桂中,erp:order:O-D003-2026Q1-C0161
tenant-demo,D003,经销商03,O-D003-2026Q2-C0161,D003-C0161,2026-06-26,2026Q2,true,10784.61,桂中,erp:order:O-D003-2026Q2-C0161
tenant-demo,D003,经销商03,O-D003-2026Q1-C0162,D003-C0162,2026-01-08,2026Q1,true,26861.67,桂中,erp:order:O-D003-2026Q1-C0162
tenant-demo,D003,经销商03,O-D003-2026Q2-C0162,D003-C0162,2026-04-28,2026Q2,true,7531.33,桂中,erp:order:O-D003-2026Q2-C0162
tenant-demo,D003,经销商03,O-D003-2026Q1-C0163,D003-C0163,2026-03-06,2026Q1,false,40671.16,桂中,erp:order:O-D003-2026Q1-C0163
tenant-demo,D003,经销商03,O-D003-2026Q2-C0163,D003-C0163,2026-06-08,2026Q2,false,24413.95,桂中,erp:order:O-D003-2026Q2-C0163
tenant-demo,D003,经销商03,O-D003-2026Q1-C0164,D003-C0164,2026-03-26,2026Q1,true,17100.18,桂中,erp:order:O-D003-2026Q1-C0164
tenant-demo,D003,经销商03,O-D003-2026Q2-C0164,D003-C0164,2026-04-10,2026Q2,false,31935.96,桂中,erp:order:O-D003-2026Q2-C0164
tenant-demo,D003,经销商03,O-D003-2026Q1-C0165,D003-C0165,2026-01-18,2026Q1,false,31685.23,桂中,erp:order:O-D003-2026Q1-C0165
tenant-demo,D003,经销商03,O-D003-2026Q2-C0165,D003-C0165,2026-05-18,2026Q2,false,6852.34,桂中,erp:order:O-D003-2026Q2-C0165
tenant-demo,D003,经销商03,O-D003-2026Q1-C0166,D003-C0166,2026-01-14,2026Q1,true,13036.25,桂中,erp:order:O-D003-2026Q1-C0166
tenant-demo,D003,经销商03,O-D003-2026Q2-C0166,D003-C0166,2026-05-20,2026Q2,false,19298.23,桂中,erp:order:O-D003-2026Q2-C0166
tenant-demo,D003,经销商03,O-D003-2026Q1-C0167,D003-C0167,2026-01-25,2026Q1,false,42031.09,桂中,erp:order:O-D003-2026Q1-C0167
tenant-demo,D003,经销商03,O-D003-2026Q2-C0167,D003-C0167,2026-04-01,2026Q2,false,34076.71,桂中,erp:order:O-D003-2026Q2-C0167
tenant-demo,D003,经销商03,O-D003-2026Q1-C0168,D003-C0168,2026-01-07,2026Q1,true,19309.87,桂中,erp:order:O-D003-2026Q1-C0168
tenant-demo,D003,经销商03,O-D003-2026Q2-C0168,D003-C0168,2026-05-23,2026Q2,false,22968.48,桂中,erp:order:O-D003-2026Q2-C0168
tenant-demo,D003,经销商03,O-D003-2026Q1-C0169,D003-C0169,2026-02-16,2026Q1,false,33427.21,桂中,erp:order:O-D003-2026Q1-C0169
tenant-demo,D003,经销商03,O-D003-2026Q2-C0169,D003-C0169,2026-04-25,2026Q2,true,29245.58,桂中,erp:order:O-D003-2026Q2-C0169
tenant-demo,D003,经销商03,O-D003-2026Q1-C0170,D003-C0170,2026-01-22,2026Q1,false,39981.5,桂中,erp:order:O-D003-2026Q1-C0170
tenant-demo,D003,经销商03,O-D003-2026Q2-C0170,D003-C0170,2026-06-06,2026Q2,false,33728.24,桂中,erp:order:O-D003-2026Q2-C0170
tenant-demo,D003,经销商03,O-D003-2026Q1-C0171,D003-C0171,2026-03-23,2026Q1,true,33599.4,桂中,erp:order:O-D003-2026Q1-C0171
tenant-demo,D003,经销商03,O-D003-2026Q2-C0171,D003-C0171,2026-04-03,2026Q2,false,44436.64,桂中,erp:order:O-D003-2026Q2-C0171
tenant-demo,D003,经销商03,O-D003-2026Q1-C0172,D003-C0172,2026-03-22,2026Q1,false,41548.29,桂中,erp:order:O-D003-2026Q1-C0172
tenant-demo,D003,经销商03,O-D003-2026Q2-C0172,D003-C0172,2026-04-17,2026Q2,false,22389.02,桂中,erp:order:O-D003-2026Q2-C0172
tenant-demo,D003,经销商03,O-D003-2026Q1-C0173,D003-C0173,2026-03-19,2026Q1,true,19975.05,桂中,erp:order:O-D003-2026Q1-C0173
tenant-demo,D003,经销商03,O-D003-2026Q2-C0173,D003-C0173,2026-05-18,2026Q2,true,14229.14,桂中,erp:order:O-D003-2026Q2-C0173
tenant-demo,D003,经销商03,O-D003-2026Q1-C0174,D003-C0174,2026-01-13,2026Q1,false,11658.67,桂中,erp:order:O-D003-2026Q1-C0174
tenant-demo,D003,经销商03,O-D003-2026Q2-C0174,D003-C0174,2026-05-02,2026Q2,true,27959.96,桂中,erp:order:O-D003-2026Q2-C0174
tenant-demo,D003,经销商03,O-D003-2026Q1-C0175,D003-C0175,2026-02-12,2026Q1,true,33827.26,桂中,erp:order:O-D003-2026Q1-C0175
tenant-demo,D003,经销商03,O-D003-2026Q2-C0175,D003-C0175,2026-04-15,2026Q2,true,15546.2,桂中,erp:order:O-D003-2026Q2-C0175
tenant-demo,D003,经销商03,O-D003-2026Q1-C0176,D003-C0176,2026-02-02,2026Q1,false,30134.88,桂中,erp:order:O-D003-2026Q1-C0176
tenant-demo,D003,经销商03,O-D003-2026Q2-C0176,D003-C0176,2026-06-07,2026Q2,false,39517.09,桂中,erp:order:O-D003-2026Q2-C0176
tenant-demo,D003,经销商03,O-D003-2026Q1-C0177,D003-C0177,2026-03-10,2026Q1,false,10301.95,桂中,erp:order:O-D003-2026Q1-C0177
tenant-demo,D003,经销商03,O-D003-2026Q2-C0177,D003-C0177,2026-05-24,2026Q2,true,49052.61,桂中,erp:order:O-D003-2026Q2-C0177
tenant-demo,D003,经销商03,O-D003-2026Q1-C0178,D003-C0178,2026-03-24,2026Q1,false,41556.94,桂中,erp:order:O-D003-2026Q1-C0178
tenant-demo,D003,经销商03,O-D003-2026Q2-C0178,D003-C0178,2026-05-19,2026Q2,false,12070.68,桂中,erp:order:O-D003-2026Q2-C0178
tenant-demo,D003,经销商03,O-D003-2026Q1-C0179,D003-C0179,2026-03-28,2026Q1,false,16988.86,桂中,erp:order:O-D003-2026Q1-C0179
tenant-demo,D003,经销商03,O-D003-2026Q2-C0179,D003-C0179,2026-04-22,2026Q2,false,31317.51,桂中,erp:order:O-D003-2026Q2-C0179
tenant-demo,D003,经销商03,O-D003-2026Q1-C0180,D003-C0180,2026-02-17,2026Q1,false,36042.47,桂中,erp:order:O-D003-2026Q1-C0180
tenant-demo,D003,经销商03,O-D003-2026Q2-C0180,D003-C0180,2026-05-08,2026Q2,true,24080.2,桂中,erp:order:O-D003-2026Q2-C0180
tenant-demo,D003,经销商03,O-D003-2026Q1-C0181,D003-C0181,2026-03-20,2026Q1,false,9422.45,桂中,erp:order:O-D003-2026Q1-C0181
tenant-demo,D003,经销商03,O-D003-2026Q2-C0181,D003-C0181,2026-05-02,2026Q2,false,25303.74,桂中,erp:order:O-D003-2026Q2-C0181
tenant-demo,D003,经销商03,O-D003-2026Q1-C0182,D003-C0182,2026-02-28,2026Q1,true,9613.29,桂中,erp:order:O-D003-2026Q1-C0182
tenant-demo,D003,经销商03,O-D003-2026Q2-C0182,D003-C0182,2026-05-07,2026Q2,false,22948.25,桂中,erp:order:O-D003-2026Q2-C0182
tenant-demo,D003,经销商03,O-D003-2026Q1-C0183,D003-C0183,2026-02-19,2026Q1,false,34468.2,桂中,erp:order:O-D003-2026Q1-C0183
tenant-demo,D003,经销商03,O-D003-2026Q2-C0183,D003-C0183,2026-06-12,2026Q2,false,35124.61,桂中,erp:order:O-D003-2026Q2-C0183
tenant-demo,D003,经销商03,O-D003-2026Q1-C0184,D003-C0184,2026-02-18,2026Q1,true,48708.42,桂中,erp:order:O-D003-2026Q1-C0184
tenant-demo,D003,经销商03,O-D003-2026Q2-C0184,D003-C0184,2026-04-19,2026Q2,false,27774.52,桂中,erp:order:O-D003-2026Q2-C0184
tenant-demo,D003,经销商03,O-D003-2026Q1-C0185,D003-C0185,2026-02-13,2026Q1,false,5558.69,桂中,erp:order:O-D003-2026Q1-C0185
tenant-demo,D003,经销商03,O-D003-2026Q2-C0185,D003-C0185,2026-05-03,2026Q2,true,16835.29,桂中,erp:order:O-D003-2026Q2-C0185
tenant-demo,D003,经销商03,O-D003-2026Q1-C0186,D003-C0186,2026-01-26,2026Q1,true,12295.32,桂中,erp:order:O-D003-2026Q1-C0186
tenant-demo,D003,经销商03,O-D003-2026Q2-C0186,D003-C0186,2026-05-28,2026Q2,false,7311.88,桂中,erp:order:O-D003-2026Q2-C0186
tenant-demo,D003,经销商03,O-D003-2026Q1-C0187,D003-C0187,2026-02-19,2026Q1,false,13100.37,桂中,erp:order:O-D003-2026Q1-C0187
tenant-demo,D003,经销商03,O-D003-2026Q2-C0187,D003-C0187,2026-06-25,2026Q2,false,10189.91,桂中,erp:order:O-D003-2026Q2-C0187
tenant-demo,D003,经销商03,O-D003-2026Q1-C0188,D003-C0188,2026-02-06,2026Q1,true,5667.16,桂中,erp:order:O-D003-2026Q1-C0188
tenant-demo,D003,经销商03,O-D003-2026Q2-C0188,D003-C0188,2026-06-05,2026Q2,true,11562.15,桂中,erp:order:O-D003-2026Q2-C0188
tenant-demo,D003,经销商03,O-D003-2026Q1-C0189,D003-C0189,2026-03-07,2026Q1,true,32360.0,桂中,erp:order:O-D003-2026Q1-C0189
tenant-demo,D003,经销商03,O-D003-2026Q2-C0189,D003-C0189,2026-06-16,2026Q2,true,10536.86,桂中,erp:order:O-D003-2026Q2-C0189
tenant-demo,D003,经销商03,O-D003-2026Q1-C0190,D003-C0190,2026-03-23,2026Q1,true,14090.5,桂中,erp:order:O-D003-2026Q1-C0190
tenant-demo,D003,经销商03,O-D003-2026Q2-C0190,D003-C0190,2026-06-27,2026Q2,false,40790.06,桂中,erp:order:O-D003-2026Q2-C0190
tenant-demo,D003,经销商03,O-D003-2026Q1-C0191,D003-C0191,2026-01-11,2026Q1,false,32193.92,桂中,erp:order:O-D003-2026Q1-C0191
tenant-demo,D003,经销商03,O-D003-2026Q2-C0191,D003-C0191,2026-04-07,2026Q2,true,34614.91,桂中,erp:order:O-D003-2026Q2-C0191
tenant-demo,D003,经销商03,O-D003-2026Q1-C0192,D003-C0192,2026-02-04,2026Q1,false,48001.19,桂中,erp:order:O-D003-2026Q1-C0192
tenant-demo,D003,经销商03,O-D003-2026Q2-C0192,D003-C0192,2026-06-23,2026Q2,true,19681.46,桂中,erp:order:O-D003-2026Q2-C0192
tenant-demo,D003,经销商03,O-D003-2026Q1-C0193,D003-C0193,2026-01-25,2026Q1,false,17125.11,桂中,erp:order:O-D003-2026Q1-C0193
tenant-demo,D003,经销商03,O-D003-2026Q2-C0193,D003-C0193,2026-06-27,2026Q2,true,33694.85,桂中,erp:order:O-D003-2026Q2-C0193
tenant-demo,D003,经销商03,O-D003-2026Q1-C0194,D003-C0194,2026-02-13,2026Q1,true,44469.11,桂中,erp:order:O-D003-2026Q1-C0194
tenant-demo,D003,经销商03,O-D003-2026Q2-C0194,D003-C0194,2026-05-03,2026Q2,false,29264.5,桂中,erp:order:O-D003-2026Q2-C0194
tenant-demo,D003,经销商03,O-D003-2026Q1-C0195,D003-C0195,2026-01-09,2026Q1,true,19267.37,桂中,erp:order:O-D003-2026Q1-C0195
tenant-demo,D003,经销商03,O-D003-2026Q2-C0195,D003-C0195,2026-06-15,2026Q2,true,44647.41,桂中,erp:order:O-D003-2026Q2-C0195
tenant-demo,D003,经销商03,O-D003-2026Q1-C0196,D003-C0196,2026-02-07,2026Q1,true,12185.48,桂中,erp:order:O-D003-2026Q1-C0196
tenant-demo,D003,经销商03,O-D003-2026Q2-C0196,D003-C0196,2026-04-25,2026Q2,true,22265.52,桂中,erp:order:O-D003-2026Q2-C0196
tenant-demo,D003,经销商03,O-D003-2026Q1-C0197,D003-C0197,2026-01-18,2026Q1,true,24904.36,桂中,erp:order:O-D003-2026Q1-C0197
tenant-demo,D003,经销商03,O-D003-2026Q2-C0197,D003-C0197,2026-05-28,2026Q2,false,13414.89,桂中,erp:order:O-D003-2026Q2-C0197
tenant-demo,D003,经销商03,O-D003-2026Q1-C0198,D003-C0198,2026-02-24,2026Q1,false,23464.61,桂中,erp:order:O-D003-2026Q1-C0198
tenant-demo,D003,经销商03,O-D003-2026Q2-C0198,D003-C0198,2026-04-12,2026Q2,false,40330.82,桂中,erp:order:O-D003-2026Q2-C0198
tenant-demo,D003,经销商03,O-D003-2026Q1-C0199,D003-C0199,2026-01-22,2026Q1,false,34263.28,桂中,erp:order:O-D003-2026Q1-C0199
tenant-demo,D003,经销商03,O-D003-2026Q2-C0199,D003-C0199,2026-06-25,2026Q2,true,43459.41,桂中,erp:order:O-D003-2026Q2-C0199
tenant-demo,D003,经销商03,O-D003-2026Q1-C0200,D003-C0200,2026-03-04,2026Q1,true,14674.94,桂中,erp:order:O-D003-2026Q1-C0200
tenant-demo,D003,经销商03,O-D003-2026Q2-C0200,D003-C0200,2026-05-07,2026Q2,true,42037.53,桂中,erp:order:O-D003-2026Q2-C0200
tenant-demo,D003,经销商03,O-D003-2026Q1-C0201,D003-C0201,2026-03-18,2026Q1,true,16789.89,桂中,erp:order:O-D003-2026Q1-C0201
tenant-demo,D003,经销商03,O-D003-2026Q2-C0201,D003-C0201,2026-06-28,2026Q2,true,45882.06,桂中,erp:order:O-D003-2026Q2-C0201
tenant-demo,D003,经销商03,O-D003-2026Q1-C0202,D003-C0202,2026-03-26,2026Q1,false,15653.61,桂中,erp:order:O-D003-2026Q1-C0202
tenant-demo,D003,经销商03,O-D003-2026Q2-C0202,D003-C0202,2026-04-26,2026Q2,true,30386.89,桂中,erp:order:O-D003-2026Q2-C0202
tenant-demo,D003,经销商03,O-D003-2026Q1-C0203,D003-C0203,2026-03-25,2026Q1,false,20173.55,桂中,erp:order:O-D003-2026Q1-C0203
tenant-demo,D003,经销商03,O-D003-2026Q2-C0203,D003-C0203,2026-05-28,2026Q2,false,25065.62,桂中,erp:order:O-D003-2026Q2-C0203
tenant-demo,D003,经销商03,O-D003-2026Q1-C0204,D003-C0204,2026-01-22,2026Q1,true,33712.84,桂中,erp:order:O-D003-2026Q1-C0204
tenant-demo,D003,经销商03,O-D003-2026Q2-C0204,D003-C0204,2026-06-08,2026Q2,false,44673.38,桂中,erp:order:O-D003-2026Q2-C0204
tenant-demo,D003,经销商03,O-D003-2026Q1-C0205,D003-C0205,2026-02-28,2026Q1,true,6650.45,桂中,erp:order:O-D003-2026Q1-C0205
tenant-demo,D003,经销商03,O-D003-2026Q2-C0205,D003-C0205,2026-04-22,2026Q2,true,43360.71,桂中,erp:order:O-D003-2026Q2-C0205
tenant-demo,D003,经销商03,O-D003-2026Q1-C0206,D003-C0206,2026-01-26,2026Q1,false,13124.37,桂中,erp:order:O-D003-2026Q1-C0206
tenant-demo,D003,经销商03,O-D003-2026Q2-C0206,D003-C0206,2026-06-02,2026Q2,true,41948.79,桂中,erp:order:O-D003-2026Q2-C0206
tenant-demo,D003,经销商03,O-D003-2026Q1-C0207,D003-C0207,2026-03-23,2026Q1,false,27735.85,桂中,erp:order:O-D003-2026Q1-C0207
tenant-demo,D003,经销商03,O-D003-2026Q2-C0207,D003-C0207,2026-04-22,2026Q2,false,33236.72,桂中,erp:order:O-D003-2026Q2-C0207
tenant-demo,D003,经销商03,O-D003-2026Q1-C0208,D003-C0208,2026-03-02,2026Q1,false,23384.42,桂中,erp:order:O-D003-2026Q1-C0208
tenant-demo,D003,经销商03,O-D003-2026Q2-C0208,D003-C0208,2026-04-17,2026Q2,false,29353.01,桂中,erp:order:O-D003-2026Q2-C0208
tenant-demo,D003,经销商03,O-D003-2026Q1-C0209,D003-C0209,2026-01-22,2026Q1,false,48727.5,桂中,erp:order:O-D003-2026Q1-C0209
tenant-demo,D003,经销商03,O-D003-2026Q2-C0209,D003-C0209,2026-05-14,2026Q2,true,9856.08,桂中,erp:order:O-D003-2026Q2-C0209
tenant-demo,D003,经销商03,O-D003-2026Q1-C0210,D003-C0210,2026-03-20,2026Q1,false,12947.87,桂中,erp:order:O-D003-2026Q1-C0210
tenant-demo,D003,经销商03,O-D003-2026Q2-C0210,D003-C0210,2026-05-01,2026Q2,false,22390.41,桂中,erp:order:O-D003-2026Q2-C0210
tenant-demo,D003,经销商03,O-D003-2026Q1-C0211,D003-C0211,2026-02-13,2026Q1,false,46226.76,桂中,erp:order:O-D003-2026Q1-C0211
tenant-demo,D003,经销商03,O-D003-2026Q2-C0211,D003-C0211,2026-05-12,2026Q2,true,24700.91,桂中,erp:order:O-D003-2026Q2-C0211
tenant-demo,D003,经销商03,O-D003-2026Q1-C0212,D003-C0212,2026-01-14,2026Q1,true,37574.15,桂中,erp:order:O-D003-2026Q1-C0212
tenant-demo,D003,经销商03,O-D003-2026Q2-C0212,D003-C0212,2026-06-17,2026Q2,false,7744.95,桂中,erp:order:O-D003-2026Q2-C0212
tenant-demo,D003,经销商03,O-D003-2026Q1-C0213,D003-C0213,2026-03-02,2026Q1,false,19794.61,桂中,erp:order:O-D003-2026Q1-C0213
tenant-demo,D003,经销商03,O-D003-2026Q2-C0213,D003-C0213,2026-04-16,2026Q2,true,6398.72,桂中,erp:order:O-D003-2026Q2-C0213
tenant-demo,D003,经销商03,O-D003-2026Q1-C0214,D003-C0214,2026-03-20,2026Q1,true,13843.58,桂中,erp:order:O-D003-2026Q1-C0214
tenant-demo,D003,经销商03,O-D003-2026Q2-C0214,D003-C0214,2026-04-08,2026Q2,true,37729.67,桂中,erp:order:O-D003-2026Q2-C0214
tenant-demo,D003,经销商03,O-D003-2026Q1-C0215,D003-C0215,2026-03-28,2026Q1,true,28144.28,桂中,erp:order:O-D003-2026Q1-C0215
tenant-demo,D003,经销商03,O-D003-2026Q2-C0215,D003-C0215,2026-05-24,2026Q2,true,12399.42,桂中,erp:order:O-D003-2026Q2-C0215
tenant-demo,D003,经销商03,O-D003-2026Q1-C0216,D003-C0216,2026-03-01,2026Q1,false,31193.71,桂中,erp:order:O-D003-2026Q1-C0216
tenant-demo,D003,经销商03,O-D003-2026Q2-C0216,D003-C0216,2026-06-20,2026Q2,true,13912.91,桂中,erp:order:O-D003-2026Q2-C0216
tenant-demo,D003,经销商03,O-D003-2026Q1-C0217,D003-C0217,2026-03-17,2026Q1,false,22843.29,桂中,erp:order:O-D003-2026Q1-C0217
tenant-demo,D003,经销商03,O-D003-2026Q2-C0217,D003-C0217,2026-04-26,2026Q2,true,23102.42,桂中,erp:order:O-D003-2026Q2-C0217
tenant-demo,D003,经销商03,O-D003-2026Q1-C0218,D003-C0218,2026-02-11,2026Q1,false,15126.01,桂中,erp:order:O-D003-2026Q1-C0218
tenant-demo,D003,经销商03,O-D003-2026Q2-C0218,D003-C0218,2026-06-13,2026Q2,false,14367.56,桂中,erp:order:O-D003-2026Q2-C0218
tenant-demo,D003,经销商03,O-D003-2026Q1-C0219,D003-C0219,2026-01-20,2026Q1,true,45250.27,桂中,erp:order:O-D003-2026Q1-C0219
tenant-demo,D003,经销商03,O-D003-2026Q2-C0219,D003-C0219,2026-05-12,2026Q2,true,8449.12,桂中,erp:order:O-D003-2026Q2-C0219
tenant-demo,D003,经销商03,O-D003-2026Q1-C0220,D003-C0220,2026-03-14,2026Q1,true,36397.2,桂中,erp:order:O-D003-2026Q1-C0220
tenant-demo,D003,经销商03,O-D003-2026Q2-C0220,D003-C0220,2026-05-14,2026Q2,false,31634.7,桂中,erp:order:O-D003-2026Q2-C0220
tenant-demo,D003,经销商03,O-D003-2026Q1-C0221,D003-C0221,2026-03-06,2026Q1,false,18196.04,桂中,erp:order:O-D003-2026Q1-C0221
tenant-demo,D003,经销商03,O-D003-2026Q2-C0221,D003-C0221,2026-06-19,2026Q2,true,38734.53,桂中,erp:order:O-D003-2026Q2-C0221
tenant-demo,D003,经销商03,O-D003-2026Q1-C0222,D003-C0222,2026-03-01,2026Q1,false,11037.26,桂中,erp:order:O-D003-2026Q1-C0222
tenant-demo,D003,经销商03,O-D003-2026Q2-C0222,D003-C0222,2026-05-07,2026Q2,true,30660.78,桂中,erp:order:O-D003-2026Q2-C0222
tenant-demo,D003,经销商03,O-D003-2026Q1-C0223,D003-C0223,2026-02-04,2026Q1,false,40688.76,桂中,erp:order:O-D003-2026Q1-C0223
tenant-demo,D003,经销商03,O-D003-2026Q2-C0223,D003-C0223,2026-04-18,2026Q2,false,5339.35,桂中,erp:order:O-D003-2026Q2-C0223
tenant-demo,D003,经销商03,O-D003-2026Q1-C0224,D003-C0224,2026-03-15,2026Q1,true,17957.69,桂中,erp:order:O-D003-2026Q1-C0224
tenant-demo,D003,经销商03,O-D003-2026Q2-C0224,D003-C0224,2026-06-06,2026Q2,true,47645.61,桂中,erp:order:O-D003-2026Q2-C0224
tenant-demo,D003,经销商03,O-D003-2026Q1-C0225,D003-C0225,2026-03-13,2026Q1,false,41290.08,桂中,erp:order:O-D003-2026Q1-C0225
tenant-demo,D003,经销商03,O-D003-2026Q2-C0225,D003-C0225,2026-06-28,2026Q2,false,13644.07,桂中,erp:order:O-D003-2026Q2-C0225
tenant-demo,D003,经销商03,O-D003-2026Q1-C0226,D003-C0226,2026-01-21,2026Q1,true,18052.73,桂中,erp:order:O-D003-2026Q1-C0226
tenant-demo,D003,经销商03,O-D003-2026Q2-C0226,D003-C0226,2026-04-16,2026Q2,false,10324.02,桂中,erp:order:O-D003-2026Q2-C0226
tenant-demo,D003,经销商03,O-D003-2026Q1-C0227,D003-C0227,2026-03-13,2026Q1,true,7311.09,桂中,erp:order:O-D003-2026Q1-C0227
tenant-demo,D003,经销商03,O-D003-2026Q2-C0227,D003-C0227,2026-04-04,2026Q2,true,20996.68,桂中,erp:order:O-D003-2026Q2-C0227
tenant-demo,D003,经销商03,O-D003-2026Q1-C0228,D003-C0228,2026-02-02,2026Q1,false,25880.21,桂中,erp:order:O-D003-2026Q1-C0228
tenant-demo,D003,经销商03,O-D003-2026Q2-C0228,D003-C0228,2026-06-15,2026Q2,false,31030.91,桂中,erp:order:O-D003-2026Q2-C0228
tenant-demo,D003,经销商03,O-D003-2026Q1-C0229,D003-C0229,2026-02-15,2026Q1,true,10631.57,桂中,erp:order:O-D003-2026Q1-C0229
tenant-demo,D003,经销商03,O-D003-2026Q2-C0229,D003-C0229,2026-05-18,2026Q2,false,7151.94,桂中,erp:order:O-D003-2026Q2-C0229
tenant-demo,D003,经销商03,O-D003-2026Q1-C0230,D003-C0230,2026-03-04,2026Q1,false,43190.46,桂中,erp:order:O-D003-2026Q1-C0230
tenant-demo,D003,经销商03,O-D003-2026Q2-C0230,D003-C0230,2026-04-27,2026Q2,true,46927.74,桂中,erp:order:O-D003-2026Q2-C0230
tenant-demo,D003,经销商03,O-D003-2026Q1-C0231,D003-C0231,2026-03-03,2026Q1,true,24276.81,桂中,erp:order:O-D003-2026Q1-C0231
tenant-demo,D003,经销商03,O-D003-2026Q2-C0231,D003-C0231,2026-06-19,2026Q2,true,24030.27,桂中,erp:order:O-D003-2026Q2-C0231
tenant-demo,D003,经销商03,O-D003-2026Q1-C0232,D003-C0232,2026-03-16,2026Q1,true,12576.8,桂中,erp:order:O-D003-2026Q1-C0232
tenant-demo,D003,经销商03,O-D003-2026Q2-C0232,D003-C0232,2026-06-23,2026Q2,false,27467.64,桂中,erp:order:O-D003-2026Q2-C0232
tenant-demo,D003,经销商03,O-D003-2026Q1-C0233,D003-C0233,2026-03-25,2026Q1,false,42457.78,桂中,erp:order:O-D003-2026Q1-C0233
tenant-demo,D003,经销商03,O-D003-2026Q2-C0233,D003-C0233,2026-05-25,2026Q2,true,23658.81,桂中,erp:order:O-D003-2026Q2-C0233
tenant-demo,D003,经销商03,O-D003-2026Q1-C0234,D003-C0234,2026-01-07,2026Q1,false,25788.7,桂中,erp:order:O-D003-2026Q1-C0234
tenant-demo,D003,经销商03,O-D003-2026Q2-C0234,D003-C0234,2026-06-07,2026Q2,false,31516.85,桂中,erp:order:O-D003-2026Q2-C0234
tenant-demo,D003,经销商03,O-D003-2026Q1-C0235,D003-C0235,2026-02-24,2026Q1,true,10942.9,桂中,erp:order:O-D003-2026Q1-C0235
tenant-demo,D003,经销商03,O-D003-2026Q2-C0235,D003-C0235,2026-05-15,2026Q2,true,5619.36,桂中,erp:order:O-D003-2026Q2-C0235
tenant-demo,D003,经销商03,O-D003-2026Q1-C0236,D003-C0236,2026-01-07,2026Q1,false,48353.97,桂中,erp:order:O-D003-2026Q1-C0236
tenant-demo,D003,经销商03,O-D003-2026Q2-C0236,D003-C0236,2026-06-10,2026Q2,false,18017.93,桂中,erp:order:O-D003-2026Q2-C0236
tenant-demo,D003,经销商03,O-D003-2026Q1-C0237,D003-C0237,2026-01-17,2026Q1,false,11540.75,桂中,erp:order:O-D003-2026Q1-C0237
tenant-demo,D003,经销商03,O-D003-2026Q2-C0237,D003-C0237,2026-04-06,2026Q2,false,9060.74,桂中,erp:order:O-D003-2026Q2-C0237
tenant-demo,D003,经销商03,O-D003-2026Q1-C0238,D003-C0238,2026-01-25,2026Q1,false,23328.91,桂中,erp:order:O-D003-2026Q1-C0238
tenant-demo,D003,经销商03,O-D003-2026Q2-C0238,D003-C0238,2026-05-11,2026Q2,true,23978.32,桂中,erp:order:O-D003-2026Q2-C0238
tenant-demo,D003,经销商03,O-D003-2026Q1-C0239,D003-C0239,2026-01-27,2026Q1,false,39818.84,桂中,erp:order:O-D003-2026Q1-C0239
tenant-demo,D003,经销商03,O-D003-2026Q2-C0239,D003-C0239,2026-05-11,2026Q2,true,30079.13,桂中,erp:order:O-D003-2026Q2-C0239
tenant-demo,D003,经销商03,O-D003-2026Q1-C0240,D003-C0240,2026-01-25,2026Q1,false,38492.59,桂中,erp:order:O-D003-2026Q1-C0240
tenant-demo,D003,经销商03,O-D003-2026Q2-C0240,D003-C0240,2026-06-08,2026Q2,true,38920.58,桂中,erp:order:O-D003-2026Q2-C0240
tenant-demo,D003,经销商03,O-D003-2026Q1-C0241,D003-C0241,2026-02-02,2026Q1,false,12679.57,桂中,erp:order:O-D003-2026Q1-C0241
tenant-demo,D003,经销商03,O-D003-2026Q2-C0241,D003-C0241,2026-06-22,2026Q2,false,10042.18,桂中,erp:order:O-D003-2026Q2-C0241
tenant-demo,D003,经销商03,O-D003-2026Q1-C0242,D003-C0242,2026-03-01,2026Q1,true,6365.16,桂中,erp:order:O-D003-2026Q1-C0242
tenant-demo,D003,经销商03,O-D003-2026Q2-C0242,D003-C0242,2026-04-22,2026Q2,true,28302.67,桂中,erp:order:O-D003-2026Q2-C0242
tenant-demo,D003,经销商03,O-D003-2026Q1-C0243,D003-C0243,2026-01-26,2026Q1,true,40632.31,桂中,erp:order:O-D003-2026Q1-C0243
tenant-demo,D003,经销商03,O-D003-2026Q2-C0243,D003-C0243,2026-06-24,2026Q2,false,29180.27,桂中,erp:order:O-D003-2026Q2-C0243
tenant-demo,D003,经销商03,O-D003-2026Q1-C0244,D003-C0244,2026-03-05,2026Q1,false,24055.79,桂中,erp:order:O-D003-2026Q1-C0244
tenant-demo,D003,经销商03,O-D003-2026Q2-C0244,D003-C0244,2026-05-28,2026Q2,false,48246.9,桂中,erp:order:O-D003-2026Q2-C0244
tenant-demo,D003,经销商03,O-D003-2026Q1-C0245,D003-C0245,2026-03-19,2026Q1,true,15148.14,桂中,erp:order:O-D003-2026Q1-C0245
tenant-demo,D003,经销商03,O-D003-2026Q2-C0245,D003-C0245,2026-06-18,2026Q2,true,27291.13,桂中,erp:order:O-D003-2026Q2-C0245
tenant-demo,D003,经销商03,O-D003-2026Q1-C0246,D003-C0246,2026-01-17,2026Q1,true,33567.64,桂中,erp:order:O-D003-2026Q1-C0246
tenant-demo,D003,经销商03,O-D003-2026Q2-C0246,D003-C0246,2026-04-10,2026Q2,false,38675.91,桂中,erp:order:O-D003-2026Q2-C0246
tenant-demo,D003,经销商03,O-D003-2026Q1-C0247,D003-C0247,2026-01-10,2026Q1,true,33478.17,桂中,erp:order:O-D003-2026Q1-C0247
tenant-demo,D003,经销商03,O-D003-2026Q2-C0247,D003-C0247,2026-05-12,2026Q2,false,7472.22,桂中,erp:order:O-D003-2026Q2-C0247
tenant-demo,D003,经销商03,O-D003-2026Q1-C0248,D003-C0248,2026-03-15,2026Q1,true,10157.88,桂中,erp:order:O-D003-2026Q1-C0248
tenant-demo,D003,经销商03,O-D003-2026Q2-C0248,D003-C0248,2026-06-02,2026Q2,true,17358.69,桂中,erp:order:O-D003-2026Q2-C0248
tenant-demo,D003,经销商03,O-D003-2026Q1-C0249,D003-C0249,2026-02-11,2026Q1,true,7503.57,桂中,erp:order:O-D003-2026Q1-C0249
tenant-demo,D003,经销商03,O-D003-2026Q2-C0249,D003-C0249,2026-04-25,2026Q2,true,47956.0,桂中,erp:order:O-D003-2026Q2-C0249
tenant-demo,D003,经销商03,O-D003-2026Q1-C0250,D003-C0250,2026-02-09,2026Q1,false,17627.21,桂中,erp:order:O-D003-2026Q1-C0250
tenant-demo,D003,经销商03,O-D003-2026Q2-C0250,D003-C0250,2026-04-08,2026Q2,false,39223.56,桂中,erp:order:O-D003-2026Q2-C0250
tenant-demo,D003,经销商03,O-D003-2026Q1-C0251,D003-C0251,2026-02-06,2026Q1,false,23372.35,桂中,erp:order:O-D003-2026Q1-C0251
tenant-demo,D003,经销商03,O-D003-2026Q2-C0251,D003-C0251,2026-05-15,2026Q2,true,42242.34,桂中,erp:order:O-D003-2026Q2-C0251
tenant-demo,D003,经销商03,O-D003-2026Q1-C0252,D003-C0252,2026-02-25,2026Q1,false,24550.7,桂中,erp:order:O-D003-2026Q1-C0252
tenant-demo,D003,经销商03,O-D003-2026Q2-C0252,D003-C0252,2026-04-24,2026Q2,false,28101.42,桂中,erp:order:O-D003-2026Q2-C0252
tenant-demo,D003,经销商03,O-D003-2026Q1-C0253,D003-C0253,2026-02-07,2026Q1,true,27846.32,桂中,erp:order:O-D003-2026Q1-C0253
tenant-demo,D003,经销商03,O-D003-2026Q2-C0253,D003-C0253,2026-06-05,2026Q2,true,14039.41,桂中,erp:order:O-D003-2026Q2-C0253
tenant-demo,D003,经销商03,O-D003-2026Q1-C0254,D003-C0254,2026-01-15,2026Q1,true,6689.4,桂中,erp:order:O-D003-2026Q1-C0254
tenant-demo,D003,经销商03,O-D003-2026Q2-C0254,D003-C0254,2026-05-28,2026Q2,false,49343.69,桂中,erp:order:O-D003-2026Q2-C0254
tenant-demo,D003,经销商03,O-D003-2026Q1-C0255,D003-C0255,2026-03-26,2026Q1,true,41032.5,桂中,erp:order:O-D003-2026Q1-C0255
tenant-demo,D003,经销商03,O-D003-2026Q2-C0255,D003-C0255,2026-05-28,2026Q2,false,42132.73,桂中,erp:order:O-D003-2026Q2-C0255
tenant-demo,D003,经销商03,O-D003-2026Q1-C0256,D003-C0256,2026-02-10,2026Q1,true,48474.57,桂中,erp:order:O-D003-2026Q1-C0256
tenant-demo,D003,经销商03,O-D003-2026Q2-C0256,D003-C0256,2026-06-09,2026Q2,true,5797.66,桂中,erp:order:O-D003-2026Q2-C0256
tenant-demo,D003,经销商03,O-D003-2026Q1-C0257,D003-C0257,2026-02-21,2026Q1,false,24555.93,桂中,erp:order:O-D003-2026Q1-C0257
tenant-demo,D003,经销商03,O-D003-2026Q2-C0257,D003-C0257,2026-06-23,2026Q2,false,20336.5,桂中,erp:order:O-D003-2026Q2-C0257
tenant-demo,D003,经销商03,O-D003-2026Q1-C0258,D003-C0258,2026-03-01,2026Q1,false,8745.21,桂中,erp:order:O-D003-2026Q1-C0258
tenant-demo,D003,经销商03,O-D003-2026Q2-C0258,D003-C0258,2026-05-23,2026Q2,false,17091.66,桂中,erp:order:O-D003-2026Q2-C0258
tenant-demo,D003,经销商03,O-D003-2026Q1-C0259,D003-C0259,2026-01-27,2026Q1,true,47722.58,桂中,erp:order:O-D003-2026Q1-C0259
tenant-demo,D003,经销商03,O-D003-2026Q2-C0259,D003-C0259,2026-05-27,2026Q2,false,31882.73,桂中,erp:order:O-D003-2026Q2-C0259
tenant-demo,D003,经销商03,O-D003-2026Q1-C0260,D003-C0260,2026-01-08,2026Q1,true,32828.73,桂中,erp:order:O-D003-2026Q1-C0260
tenant-demo,D003,经销商03,O-D003-2026Q2-C0260,D003-C0260,2026-06-06,2026Q2,false,29528.79,桂中,erp:order:O-D003-2026Q2-C0260
tenant-demo,D003,经销商03,O-D003-2026Q1-C0261,D003-C0261,2026-01-07,2026Q1,false,14991.42,桂中,erp:order:O-D003-2026Q1-C0261
tenant-demo,D003,经销商03,O-D003-2026Q2-C0261,D003-C0261,2026-04-24,2026Q2,true,43253.57,桂中,erp:order:O-D003-2026Q2-C0261
tenant-demo,D003,经销商03,O-D003-2026Q1-C0262,D003-C0262,2026-01-02,2026Q1,false,33320.88,桂中,erp:order:O-D003-2026Q1-C0262
tenant-demo,D003,经销商03,O-D003-2026Q2-C0262,D003-C0262,2026-06-11,2026Q2,true,23630.2,桂中,erp:order:O-D003-2026Q2-C0262
tenant-demo,D003,经销商03,O-D003-2026Q1-C0263,D003-C0263,2026-03-01,2026Q1,false,11484.95,桂中,erp:order:O-D003-2026Q1-C0263
tenant-demo,D003,经销商03,O-D003-2026Q2-C0263,D003-C0263,2026-06-07,2026Q2,true,25981.39,桂中,erp:order:O-D003-2026Q2-C0263
tenant-demo,D003,经销商03,O-D003-2026Q1-C0264,D003-C0264,2026-03-26,2026Q1,true,43475.24,桂中,erp:order:O-D003-2026Q1-C0264
tenant-demo,D003,经销商03,O-D003-2026Q2-C0264,D003-C0264,2026-04-02,2026Q2,false,6545.21,桂中,erp:order:O-D003-2026Q2-C0264
tenant-demo,D003,经销商03,O-D003-2026Q1-C0265,D003-C0265,2026-01-13,2026Q1,false,13443.95,桂中,erp:order:O-D003-2026Q1-C0265
tenant-demo,D003,经销商03,O-D003-2026Q2-C0265,D003-C0265,2026-04-22,2026Q2,false,30717.87,桂中,erp:order:O-D003-2026Q2-C0265
tenant-demo,D003,经销商03,O-D003-2026Q1-C0266,D003-C0266,2026-02-10,2026Q1,false,19328.3,桂中,erp:order:O-D003-2026Q1-C0266
tenant-demo,D003,经销商03,O-D003-2026Q2-C0266,D003-C0266,2026-05-10,2026Q2,false,12719.69,桂中,erp:order:O-D003-2026Q2-C0266
tenant-demo,D003,经销商03,O-D003-2026Q1-C0267,D003-C0267,2026-02-08,2026Q1,false,17566.02,桂中,erp:order:O-D003-2026Q1-C0267
tenant-demo,D003,经销商03,O-D003-2026Q2-C0267,D003-C0267,2026-06-13,2026Q2,false,14909.29,桂中,erp:order:O-D003-2026Q2-C0267
tenant-demo,D003,经销商03,O-D003-2026Q1-C0268,D003-C0268,2026-02-12,2026Q1,true,11403.74,桂中,erp:order:O-D003-2026Q1-C0268
tenant-demo,D003,经销商03,O-D003-2026Q2-C0268,D003-C0268,2026-06-19,2026Q2,false,49057.44,桂中,erp:order:O-D003-2026Q2-C0268
tenant-demo,D003,经销商03,O-D003-2026Q1-C0269,D003-C0269,2026-01-17,2026Q1,true,21031.57,桂中,erp:order:O-D003-2026Q1-C0269
tenant-demo,D003,经销商03,O-D003-2026Q2-C0269,D003-C0269,2026-05-11,2026Q2,false,7558.9,桂中,erp:order:O-D003-2026Q2-C0269
tenant-demo,D003,经销商03,O-D003-2026Q1-C0270,D003-C0270,2026-02-18,2026Q1,true,42220.15,桂中,erp:order:O-D003-2026Q1-C0270
tenant-demo,D003,经销商03,O-D003-2026Q2-C0270,D003-C0270,2026-05-17,2026Q2,true,15833.4,桂中,erp:order:O-D003-2026Q2-C0270
tenant-demo,D003,经销商03,O-D003-2026Q1-C0271,D003-C0271,2026-02-17,2026Q1,false,43733.49,桂中,erp:order:O-D003-2026Q1-C0271
tenant-demo,D003,经销商03,O-D003-2026Q2-C0271,D003-C0271,2026-04-05,2026Q2,true,29541.57,桂中,erp:order:O-D003-2026Q2-C0271
tenant-demo,D003,经销商03,O-D003-2026Q1-C0272,D003-C0272,2026-03-20,2026Q1,false,29152.67,桂中,erp:order:O-D003-2026Q1-C0272
tenant-demo,D003,经销商03,O-D003-2026Q2-C0272,D003-C0272,2026-04-23,2026Q2,true,11829.38,桂中,erp:order:O-D003-2026Q2-C0272
tenant-demo,D003,经销商03,O-D003-2026Q1-C0273,D003-C0273,2026-02-09,2026Q1,true,18612.52,桂中,erp:order:O-D003-2026Q1-C0273
tenant-demo,D003,经销商03,O-D003-2026Q2-C0273,D003-C0273,2026-06-26,2026Q2,false,27670.97,桂中,erp:order:O-D003-2026Q2-C0273
tenant-demo,D003,经销商03,O-D003-2026Q1-C0274,D003-C0274,2026-03-12,2026Q1,true,44045.61,桂中,erp:order:O-D003-2026Q1-C0274
tenant-demo,D003,经销商03,O-D003-2026Q2-C0274,D003-C0274,2026-05-15,2026Q2,false,46817.28,桂中,erp:order:O-D003-2026Q2-C0274
tenant-demo,D003,经销商03,O-D003-2026Q1-C0275,D003-C0275,2026-03-14,2026Q1,false,7540.06,桂中,erp:order:O-D003-2026Q1-C0275
tenant-demo,D003,经销商03,O-D003-2026Q2-C0275,D003-C0275,2026-04-10,2026Q2,true,5011.42,桂中,erp:order:O-D003-2026Q2-C0275
tenant-demo,D003,经销商03,O-D003-2026Q1-C0276,D003-C0276,2026-01-21,2026Q1,false,32729.83,桂中,erp:order:O-D003-2026Q1-C0276
tenant-demo,D003,经销商03,O-D003-2026Q2-C0276,D003-C0276,2026-04-12,2026Q2,false,8278.82,桂中,erp:order:O-D003-2026Q2-C0276
tenant-demo,D003,经销商03,O-D003-2026Q1-C0277,D003-C0277,2026-03-10,2026Q1,true,25160.86,桂中,erp:order:O-D003-2026Q1-C0277
tenant-demo,D003,经销商03,O-D003-2026Q2-C0277,D003-C0277,2026-06-04,2026Q2,true,11762.07,桂中,erp:order:O-D003-2026Q2-C0277
tenant-demo,D003,经销商03,O-D003-2026Q1-C0278,D003-C0278,2026-03-16,2026Q1,true,37771.8,桂中,erp:order:O-D003-2026Q1-C0278
tenant-demo,D003,经销商03,O-D003-2026Q2-C0278,D003-C0278,2026-05-18,2026Q2,true,43825.72,桂中,erp:order:O-D003-2026Q2-C0278
tenant-demo,D003,经销商03,O-D003-2026Q1-C0279,D003-C0279,2026-01-02,2026Q1,true,15446.6,桂中,erp:order:O-D003-2026Q1-C0279
tenant-demo,D003,经销商03,O-D003-2026Q2-C0279,D003-C0279,2026-04-16,2026Q2,true,49310.97,桂中,erp:order:O-D003-2026Q2-C0279
tenant-demo,D003,经销商03,O-D003-2026Q1-C0280,D003-C0280,2026-03-03,2026Q1,false,25469.41,桂中,erp:order:O-D003-2026Q1-C0280
tenant-demo,D003,经销商03,O-D003-2026Q2-C0280,D003-C0280,2026-06-24,2026Q2,true,23277.85,桂中,erp:order:O-D003-2026Q2-C0280
tenant-demo,D003,经销商03,O-D003-2026Q1-C0281,D003-C0281,2026-02-01,2026Q1,false,11748.14,桂中,erp:order:O-D003-2026Q1-C0281
tenant-demo,D003,经销商03,O-D003-2026Q2-C0281,D003-C0281,2026-05-08,2026Q2,true,33357.87,桂中,erp:order:O-D003-2026Q2-C0281
tenant-demo,D003,经销商03,O-D003-2026Q1-C0282,D003-C0282,2026-03-08,2026Q1,false,32630.54,桂中,erp:order:O-D003-2026Q1-C0282
tenant-demo,D003,经销商03,O-D003-2026Q2-C0282,D003-C0282,2026-04-18,2026Q2,true,14717.26,桂中,erp:order:O-D003-2026Q2-C0282
tenant-demo,D003,经销商03,O-D003-2026Q1-C0283,D003-C0283,2026-01-19,2026Q1,true,31125.56,桂中,erp:order:O-D003-2026Q1-C0283
tenant-demo,D003,经销商03,O-D003-2026Q2-C0283,D003-C0283,2026-04-06,2026Q2,false,43136.02,桂中,erp:order:O-D003-2026Q2-C0283
tenant-demo,D003,经销商03,O-D003-2026Q1-C0284,D003-C0284,2026-01-12,2026Q1,false,20919.38,桂中,erp:order:O-D003-2026Q1-C0284
tenant-demo,D003,经销商03,O-D003-2026Q2-C0284,D003-C0284,2026-06-22,2026Q2,false,6319.1,桂中,erp:order:O-D003-2026Q2-C0284
tenant-demo,D003,经销商03,O-D003-2026Q1-C0285,D003-C0285,2026-01-02,2026Q1,true,27332.14,桂中,erp:order:O-D003-2026Q1-C0285
tenant-demo,D003,经销商03,O-D003-2026Q2-C0285,D003-C0285,2026-05-26,2026Q2,false,35953.05,桂中,erp:order:O-D003-2026Q2-C0285
tenant-demo,D003,经销商03,O-D003-2026Q1-C0286,D003-C0286,2026-03-09,2026Q1,true,11179.68,桂中,erp:order:O-D003-2026Q1-C0286
tenant-demo,D003,经销商03,O-D003-2026Q2-C0286,D003-C0286,2026-04-17,2026Q2,false,39499.21,桂中,erp:order:O-D003-2026Q2-C0286
tenant-demo,D003,经销商03,O-D003-2026Q1-C0287,D003-C0287,2026-01-20,2026Q1,true,6709.72,桂中,erp:order:O-D003-2026Q1-C0287
tenant-demo,D003,经销商03,O-D003-2026Q2-C0287,D003-C0287,2026-06-04,2026Q2,false,37399.53,桂中,erp:order:O-D003-2026Q2-C0287
tenant-demo,D003,经销商03,O-D003-2026Q1-C0288,D003-C0288,2026-02-06,2026Q1,false,39201.25,桂中,erp:order:O-D003-2026Q1-C0288
tenant-demo,D003,经销商03,O-D003-2026Q2-C0288,D003-C0288,2026-04-16,2026Q2,false,6607.03,桂中,erp:order:O-D003-2026Q2-C0288
tenant-demo,D003,经销商03,O-D003-2026Q1-C0289,D003-C0289,2026-02-28,2026Q1,false,11686.56,桂中,erp:order:O-D003-2026Q1-C0289
tenant-demo,D003,经销商03,O-D003-2026Q2-C0289,D003-C0289,2026-04-22,2026Q2,true,10187.42,桂中,erp:order:O-D003-2026Q2-C0289
tenant-demo,D003,经销商03,O-D003-2026Q1-C0290,D003-C0290,2026-01-08,2026Q1,false,19802.62,桂中,erp:order:O-D003-2026Q1-C0290
tenant-demo,D003,经销商03,O-D003-2026Q2-C0290,D003-C0290,2026-05-26,2026Q2,false,20132.95,桂中,erp:order:O-D003-2026Q2-C0290
tenant-demo,D003,经销商03,O-D003-2026Q1-C0291,D003-C0291,2026-03-22,2026Q1,true,20679.48,桂中,erp:order:O-D003-2026Q1-C0291
tenant-demo,D003,经销商03,O-D003-2026Q2-C0291,D003-C0291,2026-04-24,2026Q2,false,5508.03,桂中,erp:order:O-D003-2026Q2-C0291
tenant-demo,D003,经销商03,O-D003-2026Q1-C0292,D003-C0292,2026-03-27,2026Q1,true,17288.19,桂中,erp:order:O-D003-2026Q1-C0292
tenant-demo,D003,经销商03,O-D003-2026Q2-C0292,D003-C0292,2026-06-18,2026Q2,false,13322.92,桂中,erp:order:O-D003-2026Q2-C0292
tenant-demo,D003,经销商03,O-D003-2026Q1-C0293,D003-C0293,2026-02-20,2026Q1,false,34506.33,桂中,erp:order:O-D003-2026Q1-C0293
tenant-demo,D003,经销商03,O-D003-2026Q2-C0293,D003-C0293,2026-04-21,2026Q2,true,18245.88,桂中,erp:order:O-D003-2026Q2-C0293
tenant-demo,D003,经销商03,O-D003-2026Q1-C0294,D003-C0294,2026-02-18,2026Q1,false,5512.93,桂中,erp:order:O-D003-2026Q1-C0294
tenant-demo,D003,经销商03,O-D003-2026Q2-C0294,D003-C0294,2026-05-19,2026Q2,true,12540.84,桂中,erp:order:O-D003-2026Q2-C0294
tenant-demo,D003,经销商03,O-D003-2026Q1-C0295,D003-C0295,2026-02-23,2026Q1,false,40417.42,桂中,erp:order:O-D003-2026Q1-C0295
tenant-demo,D003,经销商03,O-D003-2026Q2-C0295,D003-C0295,2026-05-16,2026Q2,false,39365.7,桂中,erp:order:O-D003-2026Q2-C0295
tenant-demo,D003,经销商03,O-D003-2026Q1-C0296,D003-C0296,2026-02-28,2026Q1,false,45737.78,桂中,erp:order:O-D003-2026Q1-C0296
tenant-demo,D003,经销商03,O-D003-2026Q2-C0296,D003-C0296,2026-06-03,2026Q2,true,23372.85,桂中,erp:order:O-D003-2026Q2-C0296
tenant-demo,D003,经销商03,O-D003-2026Q1-C0297,D003-C0297,2026-01-26,2026Q1,false,9442.77,桂中,erp:order:O-D003-2026Q1-C0297
tenant-demo,D003,经销商03,O-D003-2026Q2-C0297,D003-C0297,2026-04-23,2026Q2,false,19618.59,桂中,erp:order:O-D003-2026Q2-C0297
tenant-demo,D003,经销商03,O-D003-2026Q1-C0298,D003-C0298,2026-03-23,2026Q1,false,40730.16,桂中,erp:order:O-D003-2026Q1-C0298
tenant-demo,D003,经销商03,O-D003-2026Q2-C0298,D003-C0298,2026-05-08,2026Q2,true,7683.43,桂中,erp:order:O-D003-2026Q2-C0298
tenant-demo,D003,经销商03,O-D003-2026Q1-C0299,D003-C0299,2026-03-26,2026Q1,true,39728.88,桂中,erp:order:O-D003-2026Q1-C0299
tenant-demo,D003,经销商03,O-D003-2026Q2-C0299,D003-C0299,2026-04-22,2026Q2,false,23773.16,桂中,erp:order:O-D003-2026Q2-C0299
tenant-demo,D003,经销商03,O-D003-2026Q1-C0300,D003-C0300,2026-03-19,2026Q1,true,7299.8,桂中,erp:order:O-D003-2026Q1-C0300
tenant-demo,D003,经销商03,O-D003-2026Q2-C0300,D003-C0300,2026-05-22,2026Q2,true,38770.79,桂中,erp:order:O-D003-2026Q2-C0300
tenant-demo,D003,经销商03,O-D003-2026Q1-C0301,D003-C0301,2026-03-12,2026Q1,false,44416.28,桂中,erp:order:O-D003-2026Q1-C0301
tenant-demo,D003,经销商03,O-D003-2026Q2-C0301,D003-C0301,2026-04-11,2026Q2,true,36417.61,桂中,erp:order:O-D003-2026Q2-C0301
tenant-demo,D003,经销商03,O-D003-2026Q1-C0302,D003-C0302,2026-02-13,2026Q1,true,43312.51,桂中,erp:order:O-D003-2026Q1-C0302
tenant-demo,D003,经销商03,O-D003-2026Q2-C0302,D003-C0302,2026-06-06,2026Q2,true,26006.73,桂中,erp:order:O-D003-2026Q2-C0302
tenant-demo,D003,经销商03,O-D003-2026Q1-C0303,D003-C0303,2026-03-16,2026Q1,false,23872.1,桂中,erp:order:O-D003-2026Q1-C0303
tenant-demo,D003,经销商03,O-D003-2026Q2-C0303,D003-C0303,2026-04-01,2026Q2,false,45297.85,桂中,erp:order:O-D003-2026Q2-C0303
tenant-demo,D003,经销商03,O-D003-2026Q1-C0304,D003-C0304,2026-01-28,2026Q1,false,27512.16,桂中,erp:order:O-D003-2026Q1-C0304
tenant-demo,D003,经销商03,O-D003-2026Q2-C0304,D003-C0304,2026-06-06,2026Q2,false,13912.19,桂中,erp:order:O-D003-2026Q2-C0304
tenant-demo,D003,经销商03,O-D003-2026Q1-C0305,D003-C0305,2026-03-24,2026Q1,false,35018.49,桂中,erp:order:O-D003-2026Q1-C0305
tenant-demo,D003,经销商03,O-D003-2026Q2-C0305,D003-C0305,2026-06-20,2026Q2,false,38584.77,桂中,erp:order:O-D003-2026Q2-C0305
tenant-demo,D003,经销商03,O-D003-2026Q1-C0306,D003-C0306,2026-01-15,2026Q1,true,6183.56,桂中,erp:order:O-D003-2026Q1-C0306
tenant-demo,D003,经销商03,O-D003-2026Q2-C0306,D003-C0306,2026-04-26,2026Q2,false,43418.8,桂中,erp:order:O-D003-2026Q2-C0306
tenant-demo,D003,经销商03,O-D003-2026Q1-C0307,D003-C0307,2026-02-27,2026Q1,false,22932.53,桂中,erp:order:O-D003-2026Q1-C0307
tenant-demo,D003,经销商03,O-D003-2026Q2-C0307,D003-C0307,2026-06-08,2026Q2,false,23976.94,桂中,erp:order:O-D003-2026Q2-C0307
tenant-demo,D003,经销商03,O-D003-2026Q1-C0308,D003-C0308,2026-01-07,2026Q1,true,25336.65,桂中,erp:order:O-D003-2026Q1-C0308
tenant-demo,D003,经销商03,O-D003-2026Q2-C0308,D003-C0308,2026-04-06,2026Q2,false,14354.68,桂中,erp:order:O-D003-2026Q2-C0308
tenant-demo,D003,经销商03,O-D003-2026Q1-C0309,D003-C0309,2026-02-15,2026Q1,false,23533.76,桂中,erp:order:O-D003-2026Q1-C0309
tenant-demo,D003,经销商03,O-D003-2026Q2-C0309,D003-C0309,2026-06-07,2026Q2,false,19903.65,桂中,erp:order:O-D003-2026Q2-C0309
tenant-demo,D003,经销商03,O-D003-2026Q1-C0310,D003-C0310,2026-02-23,2026Q1,true,23920.37,桂中,erp:order:O-D003-2026Q1-C0310
tenant-demo,D003,经销商03,O-D003-2026Q2-C0310,D003-C0310,2026-04-17,2026Q2,false,21374.2,桂中,erp:order:O-D003-2026Q2-C0310
tenant-demo,D003,经销商03,O-D003-2026Q1-C0311,D003-C0311,2026-03-22,2026Q1,true,35615.23,桂中,erp:order:O-D003-2026Q1-C0311
tenant-demo,D003,经销商03,O-D003-2026Q2-C0311,D003-C0311,2026-04-07,2026Q2,true,30093.85,桂中,erp:order:O-D003-2026Q2-C0311
tenant-demo,D003,经销商03,O-D003-2026Q1-C0312,D003-C0312,2026-02-01,2026Q1,true,17557.19,桂中,erp:order:O-D003-2026Q1-C0312
tenant-demo,D003,经销商03,O-D003-2026Q2-C0312,D003-C0312,2026-04-14,2026Q2,true,13442.78,桂中,erp:order:O-D003-2026Q2-C0312
tenant-demo,D003,经销商03,O-D003-2026Q1-C0313,D003-C0313,2026-03-20,2026Q1,true,19607.37,桂中,erp:order:O-D003-2026Q1-C0313
tenant-demo,D003,经销商03,O-D003-2026Q2-C0313,D003-C0313,2026-05-23,2026Q2,true,41908.98,桂中,erp:order:O-D003-2026Q2-C0313
tenant-demo,D003,经销商03,O-D003-2026Q1-C0314,D003-C0314,2026-03-04,2026Q1,false,47371.6,桂中,erp:order:O-D003-2026Q1-C0314
tenant-demo,D003,经销商03,O-D003-2026Q2-C0314,D003-C0314,2026-06-25,2026Q2,true,44085.77,桂中,erp:order:O-D003-2026Q2-C0314
tenant-demo,D003,经销商03,O-D003-2026Q1-C0315,D003-C0315,2026-03-07,2026Q1,false,6601.87,桂中,erp:order:O-D003-2026Q1-C0315
tenant-demo,D003,经销商03,O-D003-2026Q2-C0315,D003-C0315,2026-04-14,2026Q2,false,39821.19,桂中,erp:order:O-D003-2026Q2-C0315
tenant-demo,D003,经销商03,O-D003-2026Q1-C0316,D003-C0316,2026-03-25,2026Q1,false,16369.86,桂中,erp:order:O-D003-2026Q1-C0316
tenant-demo,D003,经销商03,O-D003-2026Q2-C0316,D003-C0316,2026-05-04,2026Q2,false,15959.04,桂中,erp:order:O-D003-2026Q2-C0316
tenant-demo,D003,经销商03,O-D003-2026Q1-C0317,D003-C0317,2026-03-05,2026Q1,true,43393.28,桂中,erp:order:O-D003-2026Q1-C0317
tenant-demo,D003,经销商03,O-D003-2026Q2-C0317,D003-C0317,2026-05-17,2026Q2,false,41300.44,桂中,erp:order:O-D003-2026Q2-C0317
tenant-demo,D003,经销商03,O-D003-2026Q1-C0318,D003-C0318,2026-02-03,2026Q1,false,8741.43,桂中,erp:order:O-D003-2026Q1-C0318
tenant-demo,D003,经销商03,O-D003-2026Q2-C0318,D003-C0318,2026-04-08,2026Q2,false,24909.77,桂中,erp:order:O-D003-2026Q2-C0318
tenant-demo,D003,经销商03,O-D003-2026Q1-C0319,D003-C0319,2026-03-01,2026Q1,false,30753.78,桂中,erp:order:O-D003-2026Q1-C0319
tenant-demo,D003,经销商03,O-D003-2026Q2-C0319,D003-C0319,2026-04-11,2026Q2,false,13934.1,桂中,erp:order:O-D003-2026Q2-C0319
tenant-demo,D003,经销商03,O-D003-2026Q1-C0320,D003-C0320,2026-01-19,2026Q1,false,49302.47,桂中,erp:order:O-D003-2026Q1-C0320
tenant-demo,D003,经销商03,O-D003-2026Q2-C0320,D003-C0320,2026-06-26,2026Q2,false,22538.16,桂中,erp:order:O-D003-2026Q2-C0320
tenant-demo,D003,经销商03,O-D003-2026Q1-C0321,D003-C0321,2026-02-22,2026Q1,true,34517.94,桂中,erp:order:O-D003-2026Q1-C0321
tenant-demo,D003,经销商03,O-D003-2026Q2-C0321,D003-C0321,2026-05-15,2026Q2,false,30639.52,桂中,erp:order:O-D003-2026Q2-C0321
tenant-demo,D003,经销商03,O-D003-2026Q1-C0322,D003-C0322,2026-02-27,2026Q1,true,17678.06,桂中,erp:order:O-D003-2026Q1-C0322
tenant-demo,D003,经销商03,O-D003-2026Q2-C0322,D003-C0322,2026-06-21,2026Q2,true,13568.03,桂中,erp:order:O-D003-2026Q2-C0322
tenant-demo,D003,经销商03,O-D003-2026Q1-C0323,D003-C0323,2026-01-24,2026Q1,true,18412.75,桂中,erp:order:O-D003-2026Q1-C0323
tenant-demo,D003,经销商03,O-D003-2026Q2-C0323,D003-C0323,2026-05-13,2026Q2,false,26931.54,桂中,erp:order:O-D003-2026Q2-C0323
tenant-demo,D003,经销商03,O-D003-2026Q1-C0324,D003-C0324,2026-01-22,2026Q1,true,37339.76,桂中,erp:order:O-D003-2026Q1-C0324
tenant-demo,D003,经销商03,O-D003-2026Q2-C0324,D003-C0324,2026-05-22,2026Q2,false,6486.32,桂中,erp:order:O-D003-2026Q2-C0324
tenant-demo,D003,经销商03,O-D003-2026Q1-C0325,D003-C0325,2026-01-19,2026Q1,true,7695.08,桂中,erp:order:O-D003-2026Q1-C0325
tenant-demo,D003,经销商03,O-D003-2026Q2-C0325,D003-C0325,2026-04-06,2026Q2,false,38172.04,桂中,erp:order:O-D003-2026Q2-C0325
tenant-demo,D003,经销商03,O-D003-2026Q1-C0326,D003-C0326,2026-03-13,2026Q1,false,28100.41,桂中,erp:order:O-D003-2026Q1-C0326
tenant-demo,D003,经销商03,O-D003-2026Q2-C0326,D003-C0326,2026-06-13,2026Q2,false,30158.58,桂中,erp:order:O-D003-2026Q2-C0326
tenant-demo,D003,经销商03,O-D003-2026Q1-C0327,D003-C0327,2026-03-19,2026Q1,false,39532.14,桂中,erp:order:O-D003-2026Q1-C0327
tenant-demo,D003,经销商03,O-D003-2026Q2-C0327,D003-C0327,2026-05-19,2026Q2,false,23640.79,桂中,erp:order:O-D003-2026Q2-C0327
tenant-demo,D003,经销商03,O-D003-2026Q1-C0328,D003-C0328,2026-01-25,2026Q1,false,46973.04,桂中,erp:order:O-D003-2026Q1-C0328
tenant-demo,D003,经销商03,O-D003-2026Q2-C0328,D003-C0328,2026-05-28,2026Q2,false,38335.52,桂中,erp:order:O-D003-2026Q2-C0328
tenant-demo,D003,经销商03,O-D003-2026Q1-C0329,D003-C0329,2026-01-26,2026Q1,false,32524.63,桂中,erp:order:O-D003-2026Q1-C0329
tenant-demo,D003,经销商03,O-D003-2026Q2-C0329,D003-C0329,2026-06-10,2026Q2,false,40957.66,桂中,erp:order:O-D003-2026Q2-C0329
tenant-demo,D003,经销商03,O-D003-2026Q1-C0330,D003-C0330,2026-02-27,2026Q1,true,17944.77,桂中,erp:order:O-D003-2026Q1-C0330
tenant-demo,D003,经销商03,O-D003-2026Q2-C0330,D003-C0330,2026-04-25,2026Q2,false,46429.6,桂中,erp:order:O-D003-2026Q2-C0330
tenant-demo,D003,经销商03,O-D003-2026Q1-C0331,D003-C0331,2026-02-04,2026Q1,false,25952.65,桂中,erp:order:O-D003-2026Q1-C0331
tenant-demo,D003,经销商03,O-D003-2026Q2-C0331,D003-C0331,2026-04-02,2026Q2,true,37509.19,桂中,erp:order:O-D003-2026Q2-C0331
tenant-demo,D003,经销商03,O-D003-2026Q1-C0332,D003-C0332,2026-01-16,2026Q1,true,33672.77,桂中,erp:order:O-D003-2026Q1-C0332
tenant-demo,D003,经销商03,O-D003-2026Q2-C0332,D003-C0332,2026-05-20,2026Q2,false,11086.64,桂中,erp:order:O-D003-2026Q2-C0332
tenant-demo,D003,经销商03,O-D003-2026Q1-C0333,D003-C0333,2026-03-02,2026Q1,false,22524.52,桂中,erp:order:O-D003-2026Q1-C0333
tenant-demo,D003,经销商03,O-D003-2026Q2-C0333,D003-C0333,2026-04-10,2026Q2,false,23680.1,桂中,erp:order:O-D003-2026Q2-C0333
tenant-demo,D003,经销商03,O-D003-2026Q1-C0334,D003-C0334,2026-01-05,2026Q1,false,47374.3,桂中,erp:order:O-D003-2026Q1-C0334
tenant-demo,D003,经销商03,O-D003-2026Q2-C0334,D003-C0334,2026-06-21,2026Q2,false,27643.73,桂中,erp:order:O-D003-2026Q2-C0334
tenant-demo,D003,经销商03,O-D003-2026Q1-C0335,D003-C0335,2026-03-23,2026Q1,false,13588.37,桂中,erp:order:O-D003-2026Q1-C0335
tenant-demo,D003,经销商03,O-D003-2026Q2-C0335,D003-C0335,2026-04-05,2026Q2,false,12258.2,桂中,erp:order:O-D003-2026Q2-C0335
tenant-demo,D003,经销商03,O-D003-2026Q1-C0336,D003-C0336,2026-03-01,2026Q1,true,5850.56,桂中,erp:order:O-D003-2026Q1-C0336
tenant-demo,D003,经销商03,O-D003-2026Q2-C0336,D003-C0336,2026-05-20,2026Q2,false,49276.31,桂中,erp:order:O-D003-2026Q2-C0336
tenant-demo,D003,经销商03,O-D003-2026Q1-C0337,D003-C0337,2026-02-28,2026Q1,true,21554.57,桂中,erp:order:O-D003-2026Q1-C0337
tenant-demo,D003,经销商03,O-D003-2026Q2-C0337,D003-C0337,2026-05-18,2026Q2,true,11807.81,桂中,erp:order:O-D003-2026Q2-C0337
tenant-demo,D003,经销商03,O-D003-2026Q1-C0338,D003-C0338,2026-03-02,2026Q1,true,35998.16,桂中,erp:order:O-D003-2026Q1-C0338
tenant-demo,D003,经销商03,O-D003-2026Q2-C0338,D003-C0338,2026-05-25,2026Q2,true,19570.38,桂中,erp:order:O-D003-2026Q2-C0338
tenant-demo,D003,经销商03,O-D003-2026Q1-C0339,D003-C0339,2026-01-03,2026Q1,false,43980.63,桂中,erp:order:O-D003-2026Q1-C0339
tenant-demo,D003,经销商03,O-D003-2026Q2-C0339,D003-C0339,2026-06-01,2026Q2,true,46321.02,桂中,erp:order:O-D003-2026Q2-C0339
tenant-demo,D003,经销商03,O-D003-2026Q1-C0340,D003-C0340,2026-01-07,2026Q1,false,26934.44,桂中,erp:order:O-D003-2026Q1-C0340
tenant-demo,D003,经销商03,O-D003-2026Q2-C0340,D003-C0340,2026-06-14,2026Q2,true,22544.59,桂中,erp:order:O-D003-2026Q2-C0340
tenant-demo,D003,经销商03,O-D003-2026Q1-C0341,D003-C0341,2026-03-04,2026Q1,false,42071.55,桂中,erp:order:O-D003-2026Q1-C0341
tenant-demo,D003,经销商03,O-D003-2026Q2-C0341,D003-C0341,2026-05-02,2026Q2,true,16805.52,桂中,erp:order:O-D003-2026Q2-C0341
tenant-demo,D003,经销商03,O-D003-2026Q1-C0342,D003-C0342,2026-02-07,2026Q1,false,40519.06,桂中,erp:order:O-D003-2026Q1-C0342
tenant-demo,D003,经销商03,O-D003-2026Q2-C0342,D003-C0342,2026-04-23,2026Q2,false,6966.48,桂中,erp:order:O-D003-2026Q2-C0342
tenant-demo,D003,经销商03,O-D003-2026Q1-C0343,D003-C0343,2026-02-14,2026Q1,true,37797.17,桂中,erp:order:O-D003-2026Q1-C0343
tenant-demo,D003,经销商03,O-D003-2026Q2-C0343,D003-C0343,2026-05-19,2026Q2,false,7858.04,桂中,erp:order:O-D003-2026Q2-C0343
tenant-demo,D003,经销商03,O-D003-2026Q1-C0344,D003-C0344,2026-03-22,2026Q1,false,23069.72,桂中,erp:order:O-D003-2026Q1-C0344
tenant-demo,D003,经销商03,O-D003-2026Q2-C0344,D003-C0344,2026-04-01,2026Q2,true,17113.91,桂中,erp:order:O-D003-2026Q2-C0344
tenant-demo,D003,经销商03,O-D003-2026Q1-C0345,D003-C0345,2026-01-20,2026Q1,true,12224.67,桂中,erp:order:O-D003-2026Q1-C0345
tenant-demo,D003,经销商03,O-D003-2026Q2-C0345,D003-C0345,2026-05-23,2026Q2,true,30507.42,桂中,erp:order:O-D003-2026Q2-C0345
tenant-demo,D003,经销商03,O-D003-2026Q1-C0346,D003-C0346,2026-01-17,2026Q1,false,9912.2,桂中,erp:order:O-D003-2026Q1-C0346
tenant-demo,D003,经销商03,O-D003-2026Q2-C0346,D003-C0346,2026-06-22,2026Q2,true,12577.02,桂中,erp:order:O-D003-2026Q2-C0346
tenant-demo,D003,经销商03,O-D003-2026Q1-C0347,D003-C0347,2026-01-01,2026Q1,true,34037.71,桂中,erp:order:O-D003-2026Q1-C0347
tenant-demo,D003,经销商03,O-D003-2026Q2-C0347,D003-C0347,2026-04-27,2026Q2,false,43347.46,桂中,erp:order:O-D003-2026Q2-C0347
tenant-demo,D003,经销商03,O-D003-2026Q1-C0348,D003-C0348,2026-01-18,2026Q1,true,11340.04,桂中,erp:order:O-D003-2026Q1-C0348
tenant-demo,D003,经销商03,O-D003-2026Q2-C0348,D003-C0348,2026-06-19,2026Q2,true,6411.54,桂中,erp:order:O-D003-2026Q2-C0348
tenant-demo,D003,经销商03,O-D003-2026Q1-C0349,D003-C0349,2026-01-20,2026Q1,true,35782.76,桂中,erp:order:O-D003-2026Q1-C0349
tenant-demo,D003,经销商03,O-D003-2026Q2-C0349,D003-C0349,2026-06-04,2026Q2,false,36666.29,桂中,erp:order:O-D003-2026Q2-C0349
tenant-demo,D003,经销商03,O-D003-2026Q1-C0350,D003-C0350,2026-02-06,2026Q1,true,26922.17,桂中,erp:order:O-D003-2026Q1-C0350
tenant-demo,D003,经销商03,O-D003-2026Q2-C0350,D003-C0350,2026-04-28,2026Q2,false,37481.0,桂中,erp:order:O-D003-2026Q2-C0350
tenant-demo,D003,经销商03,O-D003-2026Q1-C0351,D003-C0351,2026-03-07,2026Q1,true,15990.37,桂中,erp:order:O-D003-2026Q1-C0351
tenant-demo,D003,经销商03,O-D003-2026Q2-C0351,D003-C0351,2026-05-03,2026Q2,false,12434.67,桂中,erp:order:O-D003-2026Q2-C0351
tenant-demo,D003,经销商03,O-D003-2026Q1-C0352,D003-C0352,2026-01-05,2026Q1,true,8542.65,桂中,erp:order:O-D003-2026Q1-C0352
tenant-demo,D003,经销商03,O-D003-2026Q2-C0352,D003-C0352,2026-04-15,2026Q2,true,47075.86,桂中,erp:order:O-D003-2026Q2-C0352
tenant-demo,D003,经销商03,O-D003-2026Q1-C0353,D003-C0353,2026-02-12,2026Q1,true,38880.23,桂中,erp:order:O-D003-2026Q1-C0353
tenant-demo,D003,经销商03,O-D003-2026Q2-C0353,D003-C0353,2026-04-19,2026Q2,false,16121.51,桂中,erp:order:O-D003-2026Q2-C0353
tenant-demo,D003,经销商03,O-D003-2026Q1-C0354,D003-C0354,2026-02-03,2026Q1,true,39528.32,桂中,erp:order:O-D003-2026Q1-C0354
tenant-demo,D003,经销商03,O-D003-2026Q2-C0354,D003-C0354,2026-06-06,2026Q2,false,21732.83,桂中,erp:order:O-D003-2026Q2-C0354
tenant-demo,D003,经销商03,O-D003-2026Q1-C0355,D003-C0355,2026-03-22,2026Q1,false,39647.33,桂中,erp:order:O-D003-2026Q1-C0355
tenant-demo,D003,经销商03,O-D003-2026Q2-C0355,D003-C0355,2026-04-18,2026Q2,true,6951.25,桂中,erp:order:O-D003-2026Q2-C0355
tenant-demo,D003,经销商03,O-D003-2026Q1-C0356,D003-C0356,2026-02-14,2026Q1,false,38567.2,桂中,erp:order:O-D003-2026Q1-C0356
tenant-demo,D003,经销商03,O-D003-2026Q2-C0356,D003-C0356,2026-04-12,2026Q2,false,13640.65,桂中,erp:order:O-D003-2026Q2-C0356
tenant-demo,D003,经销商03,O-D003-2026Q1-C0357,D003-C0357,2026-03-17,2026Q1,false,36989.88,桂中,erp:order:O-D003-2026Q1-C0357
tenant-demo,D003,经销商03,O-D003-2026Q2-C0357,D003-C0357,2026-06-25,2026Q2,true,31603.92,桂中,erp:order:O-D003-2026Q2-C0357
tenant-demo,D003,经销商03,O-D003-2026Q1-C0358,D003-C0358,2026-02-06,2026Q1,false,49954.17,桂中,erp:order:O-D003-2026Q1-C0358
tenant-demo,D003,经销商03,O-D003-2026Q2-C0358,D003-C0358,2026-05-28,2026Q2,false,38320.36,桂中,erp:order:O-D003-2026Q2-C0358
tenant-demo,D003,经销商03,O-D003-2026Q1-C0359,D003-C0359,2026-02-16,2026Q1,true,41157.13,桂中,erp:order:O-D003-2026Q1-C0359
tenant-demo,D003,经销商03,O-D003-2026Q2-C0359,D003-C0359,2026-06-21,2026Q2,false,27928.29,桂中,erp:order:O-D003-2026Q2-C0359
tenant-demo,D003,经销商03,O-D003-2026Q1-C0360,D003-C0360,2026-01-02,2026Q1,false,32579.38,桂中,erp:order:O-D003-2026Q1-C0360
tenant-demo,D003,经销商03,O-D003-2026Q2-C0360,D003-C0360,2026-04-10,2026Q2,false,7926.86,桂中,erp:order:O-D003-2026Q2-C0360
tenant-demo,D003,经销商03,O-D003-2026Q1-C0361,D003-C0361,2026-02-21,2026Q1,false,32667.5,桂中,erp:order:O-D003-2026Q1-C0361
tenant-demo,D003,经销商03,O-D003-2026Q2-C0361,D003-C0361,2026-05-19,2026Q2,true,22388.73,桂中,erp:order:O-D003-2026Q2-C0361
tenant-demo,D003,经销商03,O-D003-2026Q1-C0362,D003-C0362,2026-01-27,2026Q1,false,9035.04,桂中,erp:order:O-D003-2026Q1-C0362
tenant-demo,D003,经销商03,O-D003-2026Q2-C0362,D003-C0362,2026-06-19,2026Q2,false,44094.02,桂中,erp:order:O-D003-2026Q2-C0362
tenant-demo,D003,经销商03,O-D003-2026Q1-C0363,D003-C0363,2026-03-14,2026Q1,false,38515.83,桂中,erp:order:O-D003-2026Q1-C0363
tenant-demo,D003,经销商03,O-D003-2026Q2-C0363,D003-C0363,2026-05-24,2026Q2,false,15121.08,桂中,erp:order:O-D003-2026Q2-C0363
tenant-demo,D003,经销商03,O-D003-2026Q1-C0364,D003-C0364,2026-03-10,2026Q1,false,23652.77,桂中,erp:order:O-D003-2026Q1-C0364
tenant-demo,D003,经销商03,O-D003-2026Q2-C0364,D003-C0364,2026-04-24,2026Q2,false,12781.6,桂中,erp:order:O-D003-2026Q2-C0364
tenant-demo,D003,经销商03,O-D003-2026Q1-C0365,D003-C0365,2026-01-24,2026Q1,true,9523.33,桂中,erp:order:O-D003-2026Q1-C0365
tenant-demo,D003,经销商03,O-D003-2026Q2-C0365,D003-C0365,2026-06-28,2026Q2,true,26393.46,桂中,erp:order:O-D003-2026Q2-C0365
tenant-demo,D003,经销商03,O-D003-2026Q1-C0366,D003-C0366,2026-01-11,2026Q1,false,20701.49,桂中,erp:order:O-D003-2026Q1-C0366
tenant-demo,D003,经销商03,O-D003-2026Q2-C0366,D003-C0366,2026-04-06,2026Q2,false,22187.1,桂中,erp:order:O-D003-2026Q2-C0366
tenant-demo,D003,经销商03,O-D003-2026Q1-C0367,D003-C0367,2026-03-15,2026Q1,false,28382.52,桂中,erp:order:O-D003-2026Q1-C0367
tenant-demo,D003,经销商03,O-D003-2026Q2-C0367,D003-C0367,2026-06-28,2026Q2,true,37878.03,桂中,erp:order:O-D003-2026Q2-C0367
tenant-demo,D003,经销商03,O-D003-2026Q1-C0368,D003-C0368,2026-02-19,2026Q1,false,8989.51,桂中,erp:order:O-D003-2026Q1-C0368
tenant-demo,D003,经销商03,O-D003-2026Q2-C0368,D003-C0368,2026-04-25,2026Q2,false,10587.8,桂中,erp:order:O-D003-2026Q2-C0368
tenant-demo,D003,经销商03,O-D003-2026Q1-C0369,D003-C0369,2026-01-16,2026Q1,false,9442.95,桂中,erp:order:O-D003-2026Q1-C0369
tenant-demo,D003,经销商03,O-D003-2026Q2-C0369,D003-C0369,2026-05-02,2026Q2,true,15913.58,桂中,erp:order:O-D003-2026Q2-C0369
tenant-demo,D003,经销商03,O-D003-2026Q1-C0370,D003-C0370,2026-01-01,2026Q1,false,12492.91,桂中,erp:order:O-D003-2026Q1-C0370
tenant-demo,D003,经销商03,O-D003-2026Q2-C0370,D003-C0370,2026-06-11,2026Q2,false,49362.21,桂中,erp:order:O-D003-2026Q2-C0370
tenant-demo,D003,经销商03,O-D003-2026Q1-C0371,D003-C0371,2026-03-24,2026Q1,true,18714.21,桂中,erp:order:O-D003-2026Q1-C0371
tenant-demo,D003,经销商03,O-D003-2026Q2-C0371,D003-C0371,2026-05-05,2026Q2,false,16064.08,桂中,erp:order:O-D003-2026Q2-C0371
tenant-demo,D003,经销商03,O-D003-2026Q1-C0372,D003-C0372,2026-03-28,2026Q1,false,35855.82,桂中,erp:order:O-D003-2026Q1-C0372
tenant-demo,D003,经销商03,O-D003-2026Q2-C0372,D003-C0372,2026-04-21,2026Q2,false,46422.5,桂中,erp:order:O-D003-2026Q2-C0372
tenant-demo,D003,经销商03,O-D003-2026Q1-C0373,D003-C0373,2026-01-06,2026Q1,true,47127.02,桂中,erp:order:O-D003-2026Q1-C0373
tenant-demo,D003,经销商03,O-D003-2026Q2-C0373,D003-C0373,2026-06-12,2026Q2,true,42252.45,桂中,erp:order:O-D003-2026Q2-C0373
tenant-demo,D003,经销商03,O-D003-2026Q1-C0374,D003-C0374,2026-03-09,2026Q1,true,24615.38,桂中,erp:order:O-D003-2026Q1-C0374
tenant-demo,D003,经销商03,O-D003-2026Q2-C0374,D003-C0374,2026-04-13,2026Q2,false,14452.58,桂中,erp:order:O-D003-2026Q2-C0374
tenant-demo,D003,经销商03,O-D003-2026Q1-C0375,D003-C0375,2026-03-06,2026Q1,true,39018.78,桂中,erp:order:O-D003-2026Q1-C0375
tenant-demo,D003,经销商03,O-D003-2026Q2-C0375,D003-C0375,2026-05-05,2026Q2,true,12869.29,桂中,erp:order:O-D003-2026Q2-C0375
tenant-demo,D003,经销商03,O-D003-2026Q1-C0376,D003-C0376,2026-03-25,2026Q1,true,32671.56,桂中,erp:order:O-D003-2026Q1-C0376
tenant-demo,D003,经销商03,O-D003-2026Q2-C0376,D003-C0376,2026-05-06,2026Q2,false,17679.22,桂中,erp:order:O-D003-2026Q2-C0376
tenant-demo,D003,经销商03,O-D003-2026Q1-C0377,D003-C0377,2026-02-18,2026Q1,true,35459.83,桂中,erp:order:O-D003-2026Q1-C0377
tenant-demo,D003,经销商03,O-D003-2026Q2-C0377,D003-C0377,2026-05-08,2026Q2,false,30819.34,桂中,erp:order:O-D003-2026Q2-C0377
tenant-demo,D003,经销商03,O-D003-2026Q1-C0378,D003-C0378,2026-01-06,2026Q1,false,43091.75,桂中,erp:order:O-D003-2026Q1-C0378
tenant-demo,D003,经销商03,O-D003-2026Q2-C0378,D003-C0378,2026-05-02,2026Q2,true,45359.55,桂中,erp:order:O-D003-2026Q2-C0378
tenant-demo,D003,经销商03,O-D003-2026Q1-C0379,D003-C0379,2026-01-14,2026Q1,true,11400.04,桂中,erp:order:O-D003-2026Q1-C0379
tenant-demo,D003,经销商03,O-D003-2026Q2-C0379,D003-C0379,2026-06-15,2026Q2,true,7344.92,桂中,erp:order:O-D003-2026Q2-C0379
tenant-demo,D003,经销商03,O-D003-2026Q1-C0380,D003-C0380,2026-02-07,2026Q1,true,43769.08,桂中,erp:order:O-D003-2026Q1-C0380
tenant-demo,D003,经销商03,O-D003-2026Q2-C0380,D003-C0380,2026-06-12,2026Q2,true,47125.84,桂中,erp:order:O-D003-2026Q2-C0380
tenant-demo,D004,经销商04,O-D004-2026Q1-C0001,D004-C0001,2026-01-28,2026Q1,true,19769.17,桂中,erp:order:O-D004-2026Q1-C0001
tenant-demo,D004,经销商04,O-D004-2026Q2-C0001,D004-C0001,2026-06-06,2026Q2,true,19434.99,桂中,erp:order:O-D004-2026Q2-C0001
tenant-demo,D004,经销商04,O-D004-2026Q1-C0002,D004-C0002,2026-01-28,2026Q1,true,11645.55,桂中,erp:order:O-D004-2026Q1-C0002
tenant-demo,D004,经销商04,O-D004-2026Q2-C0002,D004-C0002,2026-06-02,2026Q2,false,44065.34,桂中,erp:order:O-D004-2026Q2-C0002
tenant-demo,D004,经销商04,O-D004-2026Q1-C0003,D004-C0003,2026-03-27,2026Q1,false,45499.17,桂中,erp:order:O-D004-2026Q1-C0003
tenant-demo,D004,经销商04,O-D004-2026Q2-C0003,D004-C0003,2026-06-06,2026Q2,false,23843.88,桂中,erp:order:O-D004-2026Q2-C0003
tenant-demo,D004,经销商04,O-D004-2026Q1-C0004,D004-C0004,2026-01-21,2026Q1,true,19689.04,桂中,erp:order:O-D004-2026Q1-C0004
tenant-demo,D004,经销商04,O-D004-2026Q2-C0004,D004-C0004,2026-05-09,2026Q2,false,15963.77,桂中,erp:order:O-D004-2026Q2-C0004
tenant-demo,D004,经销商04,O-D004-2026Q1-C0005,D004-C0005,2026-03-17,2026Q1,true,31366.34,桂中,erp:order:O-D004-2026Q1-C0005
tenant-demo,D004,经销商04,O-D004-2026Q2-C0005,D004-C0005,2026-06-16,2026Q2,false,37204.0,桂中,erp:order:O-D004-2026Q2-C0005
tenant-demo,D004,经销商04,O-D004-2026Q1-C0006,D004-C0006,2026-01-23,2026Q1,false,15070.92,桂中,erp:order:O-D004-2026Q1-C0006
tenant-demo,D004,经销商04,O-D004-2026Q2-C0006,D004-C0006,2026-06-08,2026Q2,true,7960.18,桂中,erp:order:O-D004-2026Q2-C0006
tenant-demo,D004,经销商04,O-D004-2026Q1-C0007,D004-C0007,2026-02-06,2026Q1,true,25466.7,桂中,erp:order:O-D004-2026Q1-C0007
tenant-demo,D004,经销商04,O-D004-2026Q2-C0007,D004-C0007,2026-04-24,2026Q2,false,5924.87,桂中,erp:order:O-D004-2026Q2-C0007
tenant-demo,D004,经销商04,O-D004-2026Q1-C0008,D004-C0008,2026-03-27,2026Q1,false,7565.53,桂中,erp:order:O-D004-2026Q1-C0008
tenant-demo,D004,经销商04,O-D004-2026Q2-C0008,D004-C0008,2026-05-25,2026Q2,false,7481.51,桂中,erp:order:O-D004-2026Q2-C0008
tenant-demo,D004,经销商04,O-D004-2026Q1-C0009,D004-C0009,2026-01-16,2026Q1,true,25892.17,桂中,erp:order:O-D004-2026Q1-C0009
tenant-demo,D004,经销商04,O-D004-2026Q2-C0009,D004-C0009,2026-05-24,2026Q2,false,16808.27,桂中,erp:order:O-D004-2026Q2-C0009
tenant-demo,D004,经销商04,O-D004-2026Q1-C0010,D004-C0010,2026-01-27,2026Q1,true,22154.87,桂中,erp:order:O-D004-2026Q1-C0010
tenant-demo,D004,经销商04,O-D004-2026Q2-C0010,D004-C0010,2026-06-13,2026Q2,true,8950.17,桂中,erp:order:O-D004-2026Q2-C0010
tenant-demo,D004,经销商04,O-D004-2026Q1-C0011,D004-C0011,2026-01-08,2026Q1,true,43385.09,桂中,erp:order:O-D004-2026Q1-C0011
tenant-demo,D004,经销商04,O-D004-2026Q2-C0011,D004-C0011,2026-04-03,2026Q2,true,28723.04,桂中,erp:order:O-D004-2026Q2-C0011
tenant-demo,D004,经销商04,O-D004-2026Q1-C0012,D004-C0012,2026-03-24,2026Q1,true,36181.7,桂中,erp:order:O-D004-2026Q1-C0012
tenant-demo,D004,经销商04,O-D004-2026Q2-C0012,D004-C0012,2026-04-12,2026Q2,true,18013.56,桂中,erp:order:O-D004-2026Q2-C0012
tenant-demo,D004,经销商04,O-D004-2026Q1-C0013,D004-C0013,2026-01-08,2026Q1,true,39398.84,桂中,erp:order:O-D004-2026Q1-C0013
tenant-demo,D004,经销商04,O-D004-2026Q2-C0013,D004-C0013,2026-04-24,2026Q2,false,21107.39,桂中,erp:order:O-D004-2026Q2-C0013
tenant-demo,D004,经销商04,O-D004-2026Q1-C0014,D004-C0014,2026-01-04,2026Q1,false,39422.84,桂中,erp:order:O-D004-2026Q1-C0014
tenant-demo,D004,经销商04,O-D004-2026Q2-C0014,D004-C0014,2026-04-10,2026Q2,true,37920.41,桂中,erp:order:O-D004-2026Q2-C0014
tenant-demo,D004,经销商04,O-D004-2026Q1-C0015,D004-C0015,2026-03-03,2026Q1,true,15595.4,桂中,erp:order:O-D004-2026Q1-C0015
tenant-demo,D004,经销商04,O-D004-2026Q2-C0015,D004-C0015,2026-05-20,2026Q2,true,6855.9,桂中,erp:order:O-D004-2026Q2-C0015
tenant-demo,D004,经销商04,O-D004-2026Q1-C0016,D004-C0016,2026-02-07,2026Q1,true,44427.52,桂中,erp:order:O-D004-2026Q1-C0016
tenant-demo,D004,经销商04,O-D004-2026Q2-C0016,D004-C0016,2026-06-22,2026Q2,true,21425.38,桂中,erp:order:O-D004-2026Q2-C0016
tenant-demo,D004,经销商04,O-D004-2026Q1-C0017,D004-C0017,2026-02-15,2026Q1,false,36793.25,桂中,erp:order:O-D004-2026Q1-C0017
tenant-demo,D004,经销商04,O-D004-2026Q2-C0017,D004-C0017,2026-05-11,2026Q2,false,19940.3,桂中,erp:order:O-D004-2026Q2-C0017
tenant-demo,D004,经销商04,O-D004-2026Q1-C0018,D004-C0018,2026-03-01,2026Q1,false,35614.56,桂中,erp:order:O-D004-2026Q1-C0018
tenant-demo,D004,经销商04,O-D004-2026Q2-C0018,D004-C0018,2026-04-05,2026Q2,false,44808.11,桂中,erp:order:O-D004-2026Q2-C0018
tenant-demo,D004,经销商04,O-D004-2026Q1-C0019,D004-C0019,2026-01-08,2026Q1,true,12446.83,桂中,erp:order:O-D004-2026Q1-C0019
tenant-demo,D004,经销商04,O-D004-2026Q2-C0019,D004-C0019,2026-06-22,2026Q2,false,14193.87,桂中,erp:order:O-D004-2026Q2-C0019
tenant-demo,D004,经销商04,O-D004-2026Q1-C0020,D004-C0020,2026-02-10,2026Q1,false,37805.18,桂中,erp:order:O-D004-2026Q1-C0020
tenant-demo,D004,经销商04,O-D004-2026Q2-C0020,D004-C0020,2026-04-13,2026Q2,true,33779.54,桂中,erp:order:O-D004-2026Q2-C0020
tenant-demo,D004,经销商04,O-D004-2026Q1-C0021,D004-C0021,2026-03-17,2026Q1,false,48091.79,桂中,erp:order:O-D004-2026Q1-C0021
tenant-demo,D004,经销商04,O-D004-2026Q2-C0021,D004-C0021,2026-06-07,2026Q2,true,5402.23,桂中,erp:order:O-D004-2026Q2-C0021
tenant-demo,D004,经销商04,O-D004-2026Q1-C0022,D004-C0022,2026-01-11,2026Q1,false,8007.15,桂中,erp:order:O-D004-2026Q1-C0022
tenant-demo,D004,经销商04,O-D004-2026Q2-C0022,D004-C0022,2026-06-11,2026Q2,false,14171.93,桂中,erp:order:O-D004-2026Q2-C0022
tenant-demo,D004,经销商04,O-D004-2026Q1-C0023,D004-C0023,2026-02-12,2026Q1,true,41160.98,桂中,erp:order:O-D004-2026Q1-C0023
tenant-demo,D004,经销商04,O-D004-2026Q2-C0023,D004-C0023,2026-05-02,2026Q2,false,22643.44,桂中,erp:order:O-D004-2026Q2-C0023
tenant-demo,D004,经销商04,O-D004-2026Q1-C0024,D004-C0024,2026-01-25,2026Q1,false,42249.49,桂中,erp:order:O-D004-2026Q1-C0024
tenant-demo,D004,经销商04,O-D004-2026Q2-C0024,D004-C0024,2026-05-05,2026Q2,false,35672.52,桂中,erp:order:O-D004-2026Q2-C0024
tenant-demo,D004,经销商04,O-D004-2026Q1-C0025,D004-C0025,2026-01-11,2026Q1,true,22534.54,桂中,erp:order:O-D004-2026Q1-C0025
tenant-demo,D004,经销商04,O-D004-2026Q2-C0025,D004-C0025,2026-05-15,2026Q2,false,20266.87,桂中,erp:order:O-D004-2026Q2-C0025
tenant-demo,D004,经销商04,O-D004-2026Q1-C0026,D004-C0026,2026-01-15,2026Q1,true,22951.53,桂中,erp:order:O-D004-2026Q1-C0026
tenant-demo,D004,经销商04,O-D004-2026Q2-C0026,D004-C0026,2026-06-16,2026Q2,false,20829.53,桂中,erp:order:O-D004-2026Q2-C0026
tenant-demo,D004,经销商04,O-D004-2026Q1-C0027,D004-C0027,2026-02-13,2026Q1,true,20177.79,桂中,erp:order:O-D004-2026Q1-C0027
tenant-demo,D004,经销商04,O-D004-2026Q2-C0027,D004-C0027,2026-06-19,2026Q2,false,35433.44,桂中,erp:order:O-D004-2026Q2-C0027
tenant-demo,D004,经销商04,O-D004-2026Q1-C0028,D004-C0028,2026-02-23,2026Q1,true,35271.6,桂中,erp:order:O-D004-2026Q1-C0028
tenant-demo,D004,经销商04,O-D004-2026Q2-C0028,D004-C0028,2026-04-17,2026Q2,true,35932.74,桂中,erp:order:O-D004-2026Q2-C0028
tenant-demo,D004,经销商04,O-D004-2026Q1-C0029,D004-C0029,2026-01-21,2026Q1,true,25818.2,桂中,erp:order:O-D004-2026Q1-C0029
tenant-demo,D004,经销商04,O-D004-2026Q2-C0029,D004-C0029,2026-06-06,2026Q2,false,46663.79,桂中,erp:order:O-D004-2026Q2-C0029
tenant-demo,D004,经销商04,O-D004-2026Q1-C0030,D004-C0030,2026-02-06,2026Q1,false,25293.18,桂中,erp:order:O-D004-2026Q1-C0030
tenant-demo,D004,经销商04,O-D004-2026Q2-C0030,D004-C0030,2026-06-13,2026Q2,true,29372.98,桂中,erp:order:O-D004-2026Q2-C0030
tenant-demo,D004,经销商04,O-D004-2026Q1-C0031,D004-C0031,2026-01-07,2026Q1,true,43068.72,桂中,erp:order:O-D004-2026Q1-C0031
tenant-demo,D004,经销商04,O-D004-2026Q2-C0031,D004-C0031,2026-05-01,2026Q2,true,30419.51,桂中,erp:order:O-D004-2026Q2-C0031
tenant-demo,D004,经销商04,O-D004-2026Q1-C0032,D004-C0032,2026-03-25,2026Q1,true,18181.13,桂中,erp:order:O-D004-2026Q1-C0032
tenant-demo,D004,经销商04,O-D004-2026Q2-C0032,D004-C0032,2026-06-09,2026Q2,false,16947.17,桂中,erp:order:O-D004-2026Q2-C0032
tenant-demo,D004,经销商04,O-D004-2026Q1-C0033,D004-C0033,2026-02-02,2026Q1,false,8469.84,桂中,erp:order:O-D004-2026Q1-C0033
tenant-demo,D004,经销商04,O-D004-2026Q2-C0033,D004-C0033,2026-06-02,2026Q2,false,30638.77,桂中,erp:order:O-D004-2026Q2-C0033
tenant-demo,D004,经销商04,O-D004-2026Q1-C0034,D004-C0034,2026-03-16,2026Q1,true,48165.93,桂中,erp:order:O-D004-2026Q1-C0034
tenant-demo,D004,经销商04,O-D004-2026Q2-C0034,D004-C0034,2026-04-13,2026Q2,true,46363.2,桂中,erp:order:O-D004-2026Q2-C0034
tenant-demo,D004,经销商04,O-D004-2026Q1-C0035,D004-C0035,2026-02-20,2026Q1,true,19562.33,桂中,erp:order:O-D004-2026Q1-C0035
tenant-demo,D004,经销商04,O-D004-2026Q2-C0035,D004-C0035,2026-06-26,2026Q2,false,28039.64,桂中,erp:order:O-D004-2026Q2-C0035
tenant-demo,D004,经销商04,O-D004-2026Q1-C0036,D004-C0036,2026-01-13,2026Q1,true,16862.56,桂中,erp:order:O-D004-2026Q1-C0036
tenant-demo,D004,经销商04,O-D004-2026Q2-C0036,D004-C0036,2026-06-08,2026Q2,true,23186.38,桂中,erp:order:O-D004-2026Q2-C0036
tenant-demo,D004,经销商04,O-D004-2026Q1-C0037,D004-C0037,2026-03-15,2026Q1,false,15592.21,桂中,erp:order:O-D004-2026Q1-C0037
tenant-demo,D004,经销商04,O-D004-2026Q2-C0037,D004-C0037,2026-05-02,2026Q2,false,8375.76,桂中,erp:order:O-D004-2026Q2-C0037
tenant-demo,D004,经销商04,O-D004-2026Q1-C0038,D004-C0038,2026-01-28,2026Q1,false,5062.03,桂中,erp:order:O-D004-2026Q1-C0038
tenant-demo,D004,经销商04,O-D004-2026Q2-C0038,D004-C0038,2026-04-23,2026Q2,false,20842.92,桂中,erp:order:O-D004-2026Q2-C0038
tenant-demo,D004,经销商04,O-D004-2026Q1-C0039,D004-C0039,2026-02-27,2026Q1,true,6693.4,桂中,erp:order:O-D004-2026Q1-C0039
tenant-demo,D004,经销商04,O-D004-2026Q2-C0039,D004-C0039,2026-06-06,2026Q2,false,13595.0,桂中,erp:order:O-D004-2026Q2-C0039
tenant-demo,D004,经销商04,O-D004-2026Q1-C0040,D004-C0040,2026-03-27,2026Q1,false,19208.03,桂中,erp:order:O-D004-2026Q1-C0040
tenant-demo,D004,经销商04,O-D004-2026Q2-C0040,D004-C0040,2026-04-07,2026Q2,true,27742.39,桂中,erp:order:O-D004-2026Q2-C0040
tenant-demo,D004,经销商04,O-D004-2026Q1-C0041,D004-C0041,2026-03-03,2026Q1,true,41127.63,桂中,erp:order:O-D004-2026Q1-C0041
tenant-demo,D004,经销商04,O-D004-2026Q2-C0041,D004-C0041,2026-05-02,2026Q2,true,30820.67,桂中,erp:order:O-D004-2026Q2-C0041
tenant-demo,D004,经销商04,O-D004-2026Q1-C0042,D004-C0042,2026-01-28,2026Q1,false,47880.07,桂中,erp:order:O-D004-2026Q1-C0042
tenant-demo,D004,经销商04,O-D004-2026Q2-C0042,D004-C0042,2026-04-19,2026Q2,false,5620.47,桂中,erp:order:O-D004-2026Q2-C0042
tenant-demo,D004,经销商04,O-D004-2026Q1-C0043,D004-C0043,2026-03-06,2026Q1,false,29940.97,桂中,erp:order:O-D004-2026Q1-C0043
tenant-demo,D004,经销商04,O-D004-2026Q2-C0043,D004-C0043,2026-04-23,2026Q2,true,19747.44,桂中,erp:order:O-D004-2026Q2-C0043
tenant-demo,D004,经销商04,O-D004-2026Q1-C0044,D004-C0044,2026-03-25,2026Q1,false,23181.64,桂中,erp:order:O-D004-2026Q1-C0044
tenant-demo,D004,经销商04,O-D004-2026Q2-C0044,D004-C0044,2026-06-27,2026Q2,true,5052.4,桂中,erp:order:O-D004-2026Q2-C0044
tenant-demo,D004,经销商04,O-D004-2026Q1-C0045,D004-C0045,2026-03-21,2026Q1,true,19986.86,桂中,erp:order:O-D004-2026Q1-C0045
tenant-demo,D004,经销商04,O-D004-2026Q2-C0045,D004-C0045,2026-04-27,2026Q2,true,39263.46,桂中,erp:order:O-D004-2026Q2-C0045
tenant-demo,D004,经销商04,O-D004-2026Q1-C0046,D004-C0046,2026-03-16,2026Q1,false,8588.45,桂中,erp:order:O-D004-2026Q1-C0046
tenant-demo,D004,经销商04,O-D004-2026Q2-C0046,D004-C0046,2026-04-09,2026Q2,true,25878.9,桂中,erp:order:O-D004-2026Q2-C0046
tenant-demo,D004,经销商04,O-D004-2026Q1-C0047,D004-C0047,2026-01-26,2026Q1,true,46975.77,桂中,erp:order:O-D004-2026Q1-C0047
tenant-demo,D004,经销商04,O-D004-2026Q2-C0047,D004-C0047,2026-05-19,2026Q2,false,23630.44,桂中,erp:order:O-D004-2026Q2-C0047
tenant-demo,D004,经销商04,O-D004-2026Q1-C0048,D004-C0048,2026-01-06,2026Q1,false,30213.73,桂中,erp:order:O-D004-2026Q1-C0048
tenant-demo,D004,经销商04,O-D004-2026Q2-C0048,D004-C0048,2026-06-19,2026Q2,true,19385.67,桂中,erp:order:O-D004-2026Q2-C0048
tenant-demo,D004,经销商04,O-D004-2026Q1-C0049,D004-C0049,2026-03-10,2026Q1,false,18099.86,桂中,erp:order:O-D004-2026Q1-C0049
tenant-demo,D004,经销商04,O-D004-2026Q2-C0049,D004-C0049,2026-06-04,2026Q2,false,14019.64,桂中,erp:order:O-D004-2026Q2-C0049
tenant-demo,D004,经销商04,O-D004-2026Q1-C0050,D004-C0050,2026-01-07,2026Q1,false,5553.54,桂中,erp:order:O-D004-2026Q1-C0050
tenant-demo,D004,经销商04,O-D004-2026Q2-C0050,D004-C0050,2026-06-07,2026Q2,true,39151.25,桂中,erp:order:O-D004-2026Q2-C0050
tenant-demo,D004,经销商04,O-D004-2026Q1-C0051,D004-C0051,2026-02-13,2026Q1,false,43975.22,桂中,erp:order:O-D004-2026Q1-C0051
tenant-demo,D004,经销商04,O-D004-2026Q2-C0051,D004-C0051,2026-05-24,2026Q2,true,40470.02,桂中,erp:order:O-D004-2026Q2-C0051
tenant-demo,D004,经销商04,O-D004-2026Q1-C0052,D004-C0052,2026-01-12,2026Q1,true,49675.15,桂中,erp:order:O-D004-2026Q1-C0052
tenant-demo,D004,经销商04,O-D004-2026Q2-C0052,D004-C0052,2026-05-16,2026Q2,true,8375.61,桂中,erp:order:O-D004-2026Q2-C0052
tenant-demo,D004,经销商04,O-D004-2026Q1-C0053,D004-C0053,2026-01-11,2026Q1,false,37978.76,桂中,erp:order:O-D004-2026Q1-C0053
tenant-demo,D004,经销商04,O-D004-2026Q2-C0053,D004-C0053,2026-04-08,2026Q2,true,26531.86,桂中,erp:order:O-D004-2026Q2-C0053
tenant-demo,D004,经销商04,O-D004-2026Q1-C0054,D004-C0054,2026-01-13,2026Q1,false,29749.59,桂中,erp:order:O-D004-2026Q1-C0054
tenant-demo,D004,经销商04,O-D004-2026Q2-C0054,D004-C0054,2026-04-10,2026Q2,true,9326.55,桂中,erp:order:O-D004-2026Q2-C0054
tenant-demo,D004,经销商04,O-D004-2026Q1-C0055,D004-C0055,2026-01-04,2026Q1,true,32726.44,桂中,erp:order:O-D004-2026Q1-C0055
tenant-demo,D004,经销商04,O-D004-2026Q2-C0055,D004-C0055,2026-06-05,2026Q2,true,17403.81,桂中,erp:order:O-D004-2026Q2-C0055
tenant-demo,D004,经销商04,O-D004-2026Q1-C0056,D004-C0056,2026-03-20,2026Q1,true,15591.74,桂中,erp:order:O-D004-2026Q1-C0056
tenant-demo,D004,经销商04,O-D004-2026Q2-C0056,D004-C0056,2026-04-14,2026Q2,false,12021.6,桂中,erp:order:O-D004-2026Q2-C0056
tenant-demo,D004,经销商04,O-D004-2026Q1-C0057,D004-C0057,2026-01-01,2026Q1,false,24806.95,桂中,erp:order:O-D004-2026Q1-C0057
tenant-demo,D004,经销商04,O-D004-2026Q2-C0057,D004-C0057,2026-05-10,2026Q2,false,19897.67,桂中,erp:order:O-D004-2026Q2-C0057
tenant-demo,D004,经销商04,O-D004-2026Q1-C0058,D004-C0058,2026-03-15,2026Q1,false,26961.29,桂中,erp:order:O-D004-2026Q1-C0058
tenant-demo,D004,经销商04,O-D004-2026Q2-C0058,D004-C0058,2026-06-01,2026Q2,true,19324.35,桂中,erp:order:O-D004-2026Q2-C0058
tenant-demo,D004,经销商04,O-D004-2026Q1-C0059,D004-C0059,2026-02-08,2026Q1,false,12585.14,桂中,erp:order:O-D004-2026Q1-C0059
tenant-demo,D004,经销商04,O-D004-2026Q2-C0059,D004-C0059,2026-06-23,2026Q2,false,8052.13,桂中,erp:order:O-D004-2026Q2-C0059
tenant-demo,D004,经销商04,O-D004-2026Q1-C0060,D004-C0060,2026-03-18,2026Q1,true,19374.07,桂中,erp:order:O-D004-2026Q1-C0060
tenant-demo,D004,经销商04,O-D004-2026Q2-C0060,D004-C0060,2026-05-25,2026Q2,false,31315.01,桂中,erp:order:O-D004-2026Q2-C0060
tenant-demo,D004,经销商04,O-D004-2026Q1-C0061,D004-C0061,2026-02-12,2026Q1,false,28880.0,桂中,erp:order:O-D004-2026Q1-C0061
tenant-demo,D004,经销商04,O-D004-2026Q2-C0061,D004-C0061,2026-04-20,2026Q2,false,41079.75,桂中,erp:order:O-D004-2026Q2-C0061
tenant-demo,D004,经销商04,O-D004-2026Q1-C0062,D004-C0062,2026-01-04,2026Q1,false,14428.38,桂中,erp:order:O-D004-2026Q1-C0062
tenant-demo,D004,经销商04,O-D004-2026Q2-C0062,D004-C0062,2026-04-01,2026Q2,false,38859.44,桂中,erp:order:O-D004-2026Q2-C0062
tenant-demo,D004,经销商04,O-D004-2026Q1-C0063,D004-C0063,2026-01-03,2026Q1,false,33575.82,桂中,erp:order:O-D004-2026Q1-C0063
tenant-demo,D004,经销商04,O-D004-2026Q2-C0063,D004-C0063,2026-06-03,2026Q2,true,25438.64,桂中,erp:order:O-D004-2026Q2-C0063
tenant-demo,D004,经销商04,O-D004-2026Q1-C0064,D004-C0064,2026-03-26,2026Q1,true,13355.03,桂中,erp:order:O-D004-2026Q1-C0064
tenant-demo,D004,经销商04,O-D004-2026Q2-C0064,D004-C0064,2026-04-06,2026Q2,true,30026.63,桂中,erp:order:O-D004-2026Q2-C0064
tenant-demo,D004,经销商04,O-D004-2026Q1-C0065,D004-C0065,2026-02-03,2026Q1,true,38137.15,桂中,erp:order:O-D004-2026Q1-C0065
tenant-demo,D004,经销商04,O-D004-2026Q2-C0065,D004-C0065,2026-04-16,2026Q2,true,25794.77,桂中,erp:order:O-D004-2026Q2-C0065
tenant-demo,D004,经销商04,O-D004-2026Q1-C0066,D004-C0066,2026-02-13,2026Q1,true,39704.95,桂中,erp:order:O-D004-2026Q1-C0066
tenant-demo,D004,经销商04,O-D004-2026Q2-C0066,D004-C0066,2026-06-12,2026Q2,false,37960.66,桂中,erp:order:O-D004-2026Q2-C0066
tenant-demo,D004,经销商04,O-D004-2026Q1-C0067,D004-C0067,2026-01-13,2026Q1,false,11260.47,桂中,erp:order:O-D004-2026Q1-C0067
tenant-demo,D004,经销商04,O-D004-2026Q2-C0067,D004-C0067,2026-06-25,2026Q2,false,19689.1,桂中,erp:order:O-D004-2026Q2-C0067
tenant-demo,D004,经销商04,O-D004-2026Q1-C0068,D004-C0068,2026-03-04,2026Q1,false,33562.71,桂中,erp:order:O-D004-2026Q1-C0068
tenant-demo,D004,经销商04,O-D004-2026Q2-C0068,D004-C0068,2026-05-07,2026Q2,false,47369.72,桂中,erp:order:O-D004-2026Q2-C0068
tenant-demo,D004,经销商04,O-D004-2026Q1-C0069,D004-C0069,2026-02-05,2026Q1,false,31093.61,桂中,erp:order:O-D004-2026Q1-C0069
tenant-demo,D004,经销商04,O-D004-2026Q2-C0069,D004-C0069,2026-04-07,2026Q2,false,16528.47,桂中,erp:order:O-D004-2026Q2-C0069
tenant-demo,D004,经销商04,O-D004-2026Q1-C0070,D004-C0070,2026-03-07,2026Q1,true,36328.4,桂中,erp:order:O-D004-2026Q1-C0070
tenant-demo,D004,经销商04,O-D004-2026Q2-C0070,D004-C0070,2026-06-12,2026Q2,false,6912.53,桂中,erp:order:O-D004-2026Q2-C0070
tenant-demo,D004,经销商04,O-D004-2026Q1-C0071,D004-C0071,2026-02-08,2026Q1,false,26499.18,桂中,erp:order:O-D004-2026Q1-C0071
tenant-demo,D004,经销商04,O-D004-2026Q2-C0071,D004-C0071,2026-06-03,2026Q2,true,43811.12,桂中,erp:order:O-D004-2026Q2-C0071
tenant-demo,D004,经销商04,O-D004-2026Q1-C0072,D004-C0072,2026-01-26,2026Q1,false,5703.08,桂中,erp:order:O-D004-2026Q1-C0072
tenant-demo,D004,经销商04,O-D004-2026Q2-C0072,D004-C0072,2026-06-07,2026Q2,false,27274.49,桂中,erp:order:O-D004-2026Q2-C0072
tenant-demo,D004,经销商04,O-D004-2026Q1-C0073,D004-C0073,2026-02-13,2026Q1,false,27359.54,桂中,erp:order:O-D004-2026Q1-C0073
tenant-demo,D004,经销商04,O-D004-2026Q2-C0073,D004-C0073,2026-04-04,2026Q2,false,10559.41,桂中,erp:order:O-D004-2026Q2-C0073
tenant-demo,D004,经销商04,O-D004-2026Q1-C0074,D004-C0074,2026-01-22,2026Q1,true,20610.48,桂中,erp:order:O-D004-2026Q1-C0074
tenant-demo,D004,经销商04,O-D004-2026Q2-C0074,D004-C0074,2026-05-09,2026Q2,false,24237.68,桂中,erp:order:O-D004-2026Q2-C0074
tenant-demo,D004,经销商04,O-D004-2026Q1-C0075,D004-C0075,2026-03-08,2026Q1,false,39733.84,桂中,erp:order:O-D004-2026Q1-C0075
tenant-demo,D004,经销商04,O-D004-2026Q2-C0075,D004-C0075,2026-04-02,2026Q2,false,21969.55,桂中,erp:order:O-D004-2026Q2-C0075
tenant-demo,D004,经销商04,O-D004-2026Q1-C0076,D004-C0076,2026-01-12,2026Q1,false,38732.81,桂中,erp:order:O-D004-2026Q1-C0076
tenant-demo,D004,经销商04,O-D004-2026Q2-C0076,D004-C0076,2026-05-09,2026Q2,true,23251.53,桂中,erp:order:O-D004-2026Q2-C0076
tenant-demo,D004,经销商04,O-D004-2026Q1-C0077,D004-C0077,2026-02-06,2026Q1,true,25343.15,桂中,erp:order:O-D004-2026Q1-C0077
tenant-demo,D004,经销商04,O-D004-2026Q2-C0077,D004-C0077,2026-05-12,2026Q2,false,10792.43,桂中,erp:order:O-D004-2026Q2-C0077
tenant-demo,D004,经销商04,O-D004-2026Q1-C0078,D004-C0078,2026-02-28,2026Q1,false,36681.48,桂中,erp:order:O-D004-2026Q1-C0078
tenant-demo,D004,经销商04,O-D004-2026Q2-C0078,D004-C0078,2026-05-17,2026Q2,false,31035.76,桂中,erp:order:O-D004-2026Q2-C0078
tenant-demo,D004,经销商04,O-D004-2026Q1-C0079,D004-C0079,2026-02-25,2026Q1,false,24567.59,桂中,erp:order:O-D004-2026Q1-C0079
tenant-demo,D004,经销商04,O-D004-2026Q2-C0079,D004-C0079,2026-04-07,2026Q2,false,10561.01,桂中,erp:order:O-D004-2026Q2-C0079
tenant-demo,D004,经销商04,O-D004-2026Q1-C0080,D004-C0080,2026-02-06,2026Q1,true,38494.31,桂中,erp:order:O-D004-2026Q1-C0080
tenant-demo,D004,经销商04,O-D004-2026Q2-C0080,D004-C0080,2026-06-24,2026Q2,true,30042.36,桂中,erp:order:O-D004-2026Q2-C0080
tenant-demo,D004,经销商04,O-D004-2026Q1-C0081,D004-C0081,2026-02-16,2026Q1,false,47051.25,桂中,erp:order:O-D004-2026Q1-C0081
tenant-demo,D004,经销商04,O-D004-2026Q2-C0081,D004-C0081,2026-05-12,2026Q2,true,30185.13,桂中,erp:order:O-D004-2026Q2-C0081
tenant-demo,D004,经销商04,O-D004-2026Q1-C0082,D004-C0082,2026-02-01,2026Q1,false,44316.08,桂中,erp:order:O-D004-2026Q1-C0082
tenant-demo,D004,经销商04,O-D004-2026Q2-C0082,D004-C0082,2026-04-20,2026Q2,false,12503.05,桂中,erp:order:O-D004-2026Q2-C0082
tenant-demo,D004,经销商04,O-D004-2026Q1-C0083,D004-C0083,2026-03-23,2026Q1,true,21155.78,桂中,erp:order:O-D004-2026Q1-C0083
tenant-demo,D004,经销商04,O-D004-2026Q2-C0083,D004-C0083,2026-06-15,2026Q2,true,26152.09,桂中,erp:order:O-D004-2026Q2-C0083
tenant-demo,D004,经销商04,O-D004-2026Q1-C0084,D004-C0084,2026-01-04,2026Q1,false,35779.81,桂中,erp:order:O-D004-2026Q1-C0084
tenant-demo,D004,经销商04,O-D004-2026Q2-C0084,D004-C0084,2026-06-01,2026Q2,false,19442.04,桂中,erp:order:O-D004-2026Q2-C0084
tenant-demo,D004,经销商04,O-D004-2026Q1-C0085,D004-C0085,2026-02-10,2026Q1,false,24282.2,桂中,erp:order:O-D004-2026Q1-C0085
tenant-demo,D004,经销商04,O-D004-2026Q2-C0085,D004-C0085,2026-04-18,2026Q2,false,23907.73,桂中,erp:order:O-D004-2026Q2-C0085
tenant-demo,D004,经销商04,O-D004-2026Q1-C0086,D004-C0086,2026-01-21,2026Q1,true,13933.8,桂中,erp:order:O-D004-2026Q1-C0086
tenant-demo,D004,经销商04,O-D004-2026Q2-C0086,D004-C0086,2026-06-01,2026Q2,false,6722.56,桂中,erp:order:O-D004-2026Q2-C0086
tenant-demo,D004,经销商04,O-D004-2026Q1-C0087,D004-C0087,2026-03-08,2026Q1,true,28970.12,桂中,erp:order:O-D004-2026Q1-C0087
tenant-demo,D004,经销商04,O-D004-2026Q2-C0087,D004-C0087,2026-06-16,2026Q2,false,15780.4,桂中,erp:order:O-D004-2026Q2-C0087
tenant-demo,D004,经销商04,O-D004-2026Q1-C0088,D004-C0088,2026-01-07,2026Q1,false,35145.95,桂中,erp:order:O-D004-2026Q1-C0088
tenant-demo,D004,经销商04,O-D004-2026Q2-C0088,D004-C0088,2026-04-23,2026Q2,true,42422.27,桂中,erp:order:O-D004-2026Q2-C0088
tenant-demo,D004,经销商04,O-D004-2026Q1-C0089,D004-C0089,2026-03-09,2026Q1,false,39298.88,桂中,erp:order:O-D004-2026Q1-C0089
tenant-demo,D004,经销商04,O-D004-2026Q2-C0089,D004-C0089,2026-04-12,2026Q2,true,36570.63,桂中,erp:order:O-D004-2026Q2-C0089
tenant-demo,D004,经销商04,O-D004-2026Q1-C0090,D004-C0090,2026-02-27,2026Q1,true,25247.8,桂中,erp:order:O-D004-2026Q1-C0090
tenant-demo,D004,经销商04,O-D004-2026Q2-C0090,D004-C0090,2026-06-02,2026Q2,true,41019.46,桂中,erp:order:O-D004-2026Q2-C0090
tenant-demo,D004,经销商04,O-D004-2026Q1-C0091,D004-C0091,2026-01-15,2026Q1,false,27862.5,桂中,erp:order:O-D004-2026Q1-C0091
tenant-demo,D004,经销商04,O-D004-2026Q2-C0091,D004-C0091,2026-06-19,2026Q2,true,15017.97,桂中,erp:order:O-D004-2026Q2-C0091
tenant-demo,D004,经销商04,O-D004-2026Q1-C0092,D004-C0092,2026-03-10,2026Q1,true,31368.2,桂中,erp:order:O-D004-2026Q1-C0092
tenant-demo,D004,经销商04,O-D004-2026Q2-C0092,D004-C0092,2026-06-19,2026Q2,false,38955.13,桂中,erp:order:O-D004-2026Q2-C0092
tenant-demo,D004,经销商04,O-D004-2026Q1-C0093,D004-C0093,2026-03-09,2026Q1,false,26141.06,桂中,erp:order:O-D004-2026Q1-C0093
tenant-demo,D004,经销商04,O-D004-2026Q2-C0093,D004-C0093,2026-06-09,2026Q2,false,9451.33,桂中,erp:order:O-D004-2026Q2-C0093
tenant-demo,D004,经销商04,O-D004-2026Q1-C0094,D004-C0094,2026-01-06,2026Q1,false,45073.34,桂中,erp:order:O-D004-2026Q1-C0094
tenant-demo,D004,经销商04,O-D004-2026Q2-C0094,D004-C0094,2026-06-06,2026Q2,false,28684.92,桂中,erp:order:O-D004-2026Q2-C0094
tenant-demo,D004,经销商04,O-D004-2026Q1-C0095,D004-C0095,2026-03-10,2026Q1,false,47982.44,桂中,erp:order:O-D004-2026Q1-C0095
tenant-demo,D004,经销商04,O-D004-2026Q2-C0095,D004-C0095,2026-05-08,2026Q2,false,47002.32,桂中,erp:order:O-D004-2026Q2-C0095
tenant-demo,D004,经销商04,O-D004-2026Q1-C0096,D004-C0096,2026-02-06,2026Q1,true,45920.08,桂中,erp:order:O-D004-2026Q1-C0096
tenant-demo,D004,经销商04,O-D004-2026Q2-C0096,D004-C0096,2026-06-11,2026Q2,false,30293.86,桂中,erp:order:O-D004-2026Q2-C0096
tenant-demo,D004,经销商04,O-D004-2026Q1-C0097,D004-C0097,2026-01-25,2026Q1,false,15981.81,桂中,erp:order:O-D004-2026Q1-C0097
tenant-demo,D004,经销商04,O-D004-2026Q2-C0097,D004-C0097,2026-06-22,2026Q2,false,11699.56,桂中,erp:order:O-D004-2026Q2-C0097
tenant-demo,D004,经销商04,O-D004-2026Q1-C0098,D004-C0098,2026-01-23,2026Q1,false,8368.42,桂中,erp:order:O-D004-2026Q1-C0098
tenant-demo,D004,经销商04,O-D004-2026Q2-C0098,D004-C0098,2026-06-10,2026Q2,false,15769.49,桂中,erp:order:O-D004-2026Q2-C0098
tenant-demo,D004,经销商04,O-D004-2026Q1-C0099,D004-C0099,2026-01-13,2026Q1,true,38827.72,桂中,erp:order:O-D004-2026Q1-C0099
tenant-demo,D004,经销商04,O-D004-2026Q2-C0099,D004-C0099,2026-06-02,2026Q2,false,22802.3,桂中,erp:order:O-D004-2026Q2-C0099
tenant-demo,D004,经销商04,O-D004-2026Q1-C0100,D004-C0100,2026-01-05,2026Q1,false,10613.7,桂中,erp:order:O-D004-2026Q1-C0100
tenant-demo,D004,经销商04,O-D004-2026Q2-C0100,D004-C0100,2026-05-08,2026Q2,false,25941.84,桂中,erp:order:O-D004-2026Q2-C0100
tenant-demo,D004,经销商04,O-D004-2026Q1-C0101,D004-C0101,2026-01-21,2026Q1,false,12156.66,桂中,erp:order:O-D004-2026Q1-C0101
tenant-demo,D004,经销商04,O-D004-2026Q2-C0101,D004-C0101,2026-06-09,2026Q2,false,31294.36,桂中,erp:order:O-D004-2026Q2-C0101
tenant-demo,D004,经销商04,O-D004-2026Q1-C0102,D004-C0102,2026-02-26,2026Q1,true,28564.5,桂中,erp:order:O-D004-2026Q1-C0102
tenant-demo,D004,经销商04,O-D004-2026Q2-C0102,D004-C0102,2026-06-23,2026Q2,false,25723.27,桂中,erp:order:O-D004-2026Q2-C0102
tenant-demo,D004,经销商04,O-D004-2026Q1-C0103,D004-C0103,2026-03-22,2026Q1,true,17664.25,桂中,erp:order:O-D004-2026Q1-C0103
tenant-demo,D004,经销商04,O-D004-2026Q2-C0103,D004-C0103,2026-04-02,2026Q2,false,28084.52,桂中,erp:order:O-D004-2026Q2-C0103
tenant-demo,D004,经销商04,O-D004-2026Q1-C0104,D004-C0104,2026-03-05,2026Q1,false,10882.62,桂中,erp:order:O-D004-2026Q1-C0104
tenant-demo,D004,经销商04,O-D004-2026Q2-C0104,D004-C0104,2026-06-09,2026Q2,false,31284.93,桂中,erp:order:O-D004-2026Q2-C0104
tenant-demo,D004,经销商04,O-D004-2026Q1-C0105,D004-C0105,2026-01-23,2026Q1,true,29566.5,桂中,erp:order:O-D004-2026Q1-C0105
tenant-demo,D004,经销商04,O-D004-2026Q2-C0105,D004-C0105,2026-05-18,2026Q2,true,6543.91,桂中,erp:order:O-D004-2026Q2-C0105
tenant-demo,D004,经销商04,O-D004-2026Q1-C0106,D004-C0106,2026-01-08,2026Q1,false,41392.49,桂中,erp:order:O-D004-2026Q1-C0106
tenant-demo,D004,经销商04,O-D004-2026Q2-C0106,D004-C0106,2026-06-06,2026Q2,false,19643.58,桂中,erp:order:O-D004-2026Q2-C0106
tenant-demo,D004,经销商04,O-D004-2026Q1-C0107,D004-C0107,2026-03-06,2026Q1,false,36804.5,桂中,erp:order:O-D004-2026Q1-C0107
tenant-demo,D004,经销商04,O-D004-2026Q2-C0107,D004-C0107,2026-06-16,2026Q2,true,44314.38,桂中,erp:order:O-D004-2026Q2-C0107
tenant-demo,D004,经销商04,O-D004-2026Q1-C0108,D004-C0108,2026-03-08,2026Q1,false,34846.66,桂中,erp:order:O-D004-2026Q1-C0108
tenant-demo,D004,经销商04,O-D004-2026Q2-C0108,D004-C0108,2026-04-17,2026Q2,true,10641.72,桂中,erp:order:O-D004-2026Q2-C0108
tenant-demo,D004,经销商04,O-D004-2026Q1-C0109,D004-C0109,2026-01-13,2026Q1,false,20058.03,桂中,erp:order:O-D004-2026Q1-C0109
tenant-demo,D004,经销商04,O-D004-2026Q2-C0109,D004-C0109,2026-05-28,2026Q2,false,25573.28,桂中,erp:order:O-D004-2026Q2-C0109
tenant-demo,D004,经销商04,O-D004-2026Q1-C0110,D004-C0110,2026-01-02,2026Q1,true,37066.1,桂中,erp:order:O-D004-2026Q1-C0110
tenant-demo,D004,经销商04,O-D004-2026Q2-C0110,D004-C0110,2026-05-16,2026Q2,false,8912.98,桂中,erp:order:O-D004-2026Q2-C0110
tenant-demo,D004,经销商04,O-D004-2026Q1-C0111,D004-C0111,2026-03-10,2026Q1,true,7265.16,桂中,erp:order:O-D004-2026Q1-C0111
tenant-demo,D004,经销商04,O-D004-2026Q2-C0111,D004-C0111,2026-06-12,2026Q2,true,41473.63,桂中,erp:order:O-D004-2026Q2-C0111
tenant-demo,D004,经销商04,O-D004-2026Q1-C0112,D004-C0112,2026-02-08,2026Q1,false,40930.75,桂中,erp:order:O-D004-2026Q1-C0112
tenant-demo,D004,经销商04,O-D004-2026Q2-C0112,D004-C0112,2026-04-06,2026Q2,false,14530.74,桂中,erp:order:O-D004-2026Q2-C0112
tenant-demo,D004,经销商04,O-D004-2026Q1-C0113,D004-C0113,2026-03-24,2026Q1,false,20286.12,桂中,erp:order:O-D004-2026Q1-C0113
tenant-demo,D004,经销商04,O-D004-2026Q2-C0113,D004-C0113,2026-04-03,2026Q2,false,19545.24,桂中,erp:order:O-D004-2026Q2-C0113
tenant-demo,D004,经销商04,O-D004-2026Q1-C0114,D004-C0114,2026-01-13,2026Q1,true,14592.64,桂中,erp:order:O-D004-2026Q1-C0114
tenant-demo,D004,经销商04,O-D004-2026Q2-C0114,D004-C0114,2026-04-20,2026Q2,true,34055.18,桂中,erp:order:O-D004-2026Q2-C0114
tenant-demo,D004,经销商04,O-D004-2026Q1-C0115,D004-C0115,2026-02-13,2026Q1,false,5556.64,桂中,erp:order:O-D004-2026Q1-C0115
tenant-demo,D004,经销商04,O-D004-2026Q2-C0115,D004-C0115,2026-06-12,2026Q2,false,47953.79,桂中,erp:order:O-D004-2026Q2-C0115
tenant-demo,D004,经销商04,O-D004-2026Q1-C0116,D004-C0116,2026-03-20,2026Q1,true,44905.76,桂中,erp:order:O-D004-2026Q1-C0116
tenant-demo,D004,经销商04,O-D004-2026Q2-C0116,D004-C0116,2026-05-24,2026Q2,false,5374.18,桂中,erp:order:O-D004-2026Q2-C0116
tenant-demo,D004,经销商04,O-D004-2026Q1-C0117,D004-C0117,2026-03-28,2026Q1,false,8478.82,桂中,erp:order:O-D004-2026Q1-C0117
tenant-demo,D004,经销商04,O-D004-2026Q2-C0117,D004-C0117,2026-05-14,2026Q2,true,49994.36,桂中,erp:order:O-D004-2026Q2-C0117
tenant-demo,D004,经销商04,O-D004-2026Q1-C0118,D004-C0118,2026-03-13,2026Q1,false,47450.17,桂中,erp:order:O-D004-2026Q1-C0118
tenant-demo,D004,经销商04,O-D004-2026Q2-C0118,D004-C0118,2026-06-07,2026Q2,false,13318.37,桂中,erp:order:O-D004-2026Q2-C0118
tenant-demo,D004,经销商04,O-D004-2026Q1-C0119,D004-C0119,2026-01-28,2026Q1,true,39583.6,桂中,erp:order:O-D004-2026Q1-C0119
tenant-demo,D004,经销商04,O-D004-2026Q2-C0119,D004-C0119,2026-05-02,2026Q2,false,18676.51,桂中,erp:order:O-D004-2026Q2-C0119
tenant-demo,D004,经销商04,O-D004-2026Q1-C0120,D004-C0120,2026-01-13,2026Q1,true,42006.44,桂中,erp:order:O-D004-2026Q1-C0120
tenant-demo,D004,经销商04,O-D004-2026Q2-C0120,D004-C0120,2026-06-27,2026Q2,false,14131.65,桂中,erp:order:O-D004-2026Q2-C0120
tenant-demo,D004,经销商04,O-D004-2026Q1-C0121,D004-C0121,2026-02-27,2026Q1,false,26423.08,桂中,erp:order:O-D004-2026Q1-C0121
tenant-demo,D004,经销商04,O-D004-2026Q2-C0121,D004-C0121,2026-06-24,2026Q2,false,6065.97,桂中,erp:order:O-D004-2026Q2-C0121
tenant-demo,D004,经销商04,O-D004-2026Q1-C0122,D004-C0122,2026-01-22,2026Q1,false,14424.22,桂中,erp:order:O-D004-2026Q1-C0122
tenant-demo,D004,经销商04,O-D004-2026Q2-C0122,D004-C0122,2026-06-23,2026Q2,false,34391.35,桂中,erp:order:O-D004-2026Q2-C0122
tenant-demo,D004,经销商04,O-D004-2026Q1-C0123,D004-C0123,2026-01-21,2026Q1,false,19908.6,桂中,erp:order:O-D004-2026Q1-C0123
tenant-demo,D004,经销商04,O-D004-2026Q2-C0123,D004-C0123,2026-04-13,2026Q2,false,16844.79,桂中,erp:order:O-D004-2026Q2-C0123
tenant-demo,D004,经销商04,O-D004-2026Q1-C0124,D004-C0124,2026-03-15,2026Q1,true,18047.76,桂中,erp:order:O-D004-2026Q1-C0124
tenant-demo,D004,经销商04,O-D004-2026Q2-C0124,D004-C0124,2026-05-01,2026Q2,false,6161.52,桂中,erp:order:O-D004-2026Q2-C0124
tenant-demo,D004,经销商04,O-D004-2026Q1-C0125,D004-C0125,2026-01-22,2026Q1,true,9921.46,桂中,erp:order:O-D004-2026Q1-C0125
tenant-demo,D004,经销商04,O-D004-2026Q2-C0125,D004-C0125,2026-05-27,2026Q2,true,16172.78,桂中,erp:order:O-D004-2026Q2-C0125
tenant-demo,D004,经销商04,O-D004-2026Q1-C0126,D004-C0126,2026-02-05,2026Q1,true,49885.88,桂中,erp:order:O-D004-2026Q1-C0126
tenant-demo,D004,经销商04,O-D004-2026Q2-C0126,D004-C0126,2026-04-07,2026Q2,false,39991.76,桂中,erp:order:O-D004-2026Q2-C0126
tenant-demo,D004,经销商04,O-D004-2026Q1-C0127,D004-C0127,2026-02-19,2026Q1,true,39190.13,桂中,erp:order:O-D004-2026Q1-C0127
tenant-demo,D004,经销商04,O-D004-2026Q2-C0127,D004-C0127,2026-06-23,2026Q2,false,46820.28,桂中,erp:order:O-D004-2026Q2-C0127
tenant-demo,D004,经销商04,O-D004-2026Q1-C0128,D004-C0128,2026-02-03,2026Q1,false,21108.13,桂中,erp:order:O-D004-2026Q1-C0128
tenant-demo,D004,经销商04,O-D004-2026Q2-C0128,D004-C0128,2026-04-07,2026Q2,false,37464.28,桂中,erp:order:O-D004-2026Q2-C0128
tenant-demo,D004,经销商04,O-D004-2026Q1-C0129,D004-C0129,2026-03-28,2026Q1,true,9232.0,桂中,erp:order:O-D004-2026Q1-C0129
tenant-demo,D004,经销商04,O-D004-2026Q2-C0129,D004-C0129,2026-05-23,2026Q2,false,17456.98,桂中,erp:order:O-D004-2026Q2-C0129
tenant-demo,D004,经销商04,O-D004-2026Q1-C0130,D004-C0130,2026-02-14,2026Q1,false,46619.04,桂中,erp:order:O-D004-2026Q1-C0130
tenant-demo,D004,经销商04,O-D004-2026Q2-C0130,D004-C0130,2026-05-22,2026Q2,true,16868.13,桂中,erp:order:O-D004-2026Q2-C0130
tenant-demo,D004,经销商04,O-D004-2026Q1-C0131,D004-C0131,2026-02-26,2026Q1,false,15256.18,桂中,erp:order:O-D004-2026Q1-C0131
tenant-demo,D004,经销商04,O-D004-2026Q2-C0131,D004-C0131,2026-05-21,2026Q2,true,14853.46,桂中,erp:order:O-D004-2026Q2-C0131
tenant-demo,D004,经销商04,O-D004-2026Q1-C0132,D004-C0132,2026-03-20,2026Q1,false,5462.46,桂中,erp:order:O-D004-2026Q1-C0132
tenant-demo,D004,经销商04,O-D004-2026Q2-C0132,D004-C0132,2026-04-12,2026Q2,true,43741.39,桂中,erp:order:O-D004-2026Q2-C0132
tenant-demo,D004,经销商04,O-D004-2026Q1-C0133,D004-C0133,2026-02-12,2026Q1,false,30833.13,桂中,erp:order:O-D004-2026Q1-C0133
tenant-demo,D004,经销商04,O-D004-2026Q2-C0133,D004-C0133,2026-06-12,2026Q2,false,36545.14,桂中,erp:order:O-D004-2026Q2-C0133
tenant-demo,D004,经销商04,O-D004-2026Q1-C0134,D004-C0134,2026-03-18,2026Q1,false,19523.53,桂中,erp:order:O-D004-2026Q1-C0134
tenant-demo,D004,经销商04,O-D004-2026Q2-C0134,D004-C0134,2026-05-03,2026Q2,true,46208.17,桂中,erp:order:O-D004-2026Q2-C0134
tenant-demo,D004,经销商04,O-D004-2026Q1-C0135,D004-C0135,2026-03-15,2026Q1,true,21965.51,桂中,erp:order:O-D004-2026Q1-C0135
tenant-demo,D004,经销商04,O-D004-2026Q2-C0135,D004-C0135,2026-04-07,2026Q2,true,37748.06,桂中,erp:order:O-D004-2026Q2-C0135
tenant-demo,D004,经销商04,O-D004-2026Q1-C0136,D004-C0136,2026-02-01,2026Q1,false,19647.16,桂中,erp:order:O-D004-2026Q1-C0136
tenant-demo,D004,经销商04,O-D004-2026Q2-C0136,D004-C0136,2026-05-05,2026Q2,false,42269.45,桂中,erp:order:O-D004-2026Q2-C0136
tenant-demo,D004,经销商04,O-D004-2026Q1-C0137,D004-C0137,2026-01-10,2026Q1,true,27982.25,桂中,erp:order:O-D004-2026Q1-C0137
tenant-demo,D004,经销商04,O-D004-2026Q2-C0137,D004-C0137,2026-04-11,2026Q2,false,29927.87,桂中,erp:order:O-D004-2026Q2-C0137
tenant-demo,D004,经销商04,O-D004-2026Q1-C0138,D004-C0138,2026-02-16,2026Q1,false,19495.45,桂中,erp:order:O-D004-2026Q1-C0138
tenant-demo,D004,经销商04,O-D004-2026Q2-C0138,D004-C0138,2026-06-19,2026Q2,true,45897.4,桂中,erp:order:O-D004-2026Q2-C0138
tenant-demo,D004,经销商04,O-D004-2026Q1-C0139,D004-C0139,2026-02-08,2026Q1,true,11572.14,桂中,erp:order:O-D004-2026Q1-C0139
tenant-demo,D004,经销商04,O-D004-2026Q2-C0139,D004-C0139,2026-06-19,2026Q2,true,16090.69,桂中,erp:order:O-D004-2026Q2-C0139
tenant-demo,D004,经销商04,O-D004-2026Q1-C0140,D004-C0140,2026-03-18,2026Q1,false,21584.37,桂中,erp:order:O-D004-2026Q1-C0140
tenant-demo,D004,经销商04,O-D004-2026Q2-C0140,D004-C0140,2026-05-15,2026Q2,false,38659.55,桂中,erp:order:O-D004-2026Q2-C0140
tenant-demo,D004,经销商04,O-D004-2026Q1-C0141,D004-C0141,2026-03-12,2026Q1,false,27753.15,桂中,erp:order:O-D004-2026Q1-C0141
tenant-demo,D004,经销商04,O-D004-2026Q2-C0141,D004-C0141,2026-04-05,2026Q2,false,34034.31,桂中,erp:order:O-D004-2026Q2-C0141
tenant-demo,D004,经销商04,O-D004-2026Q1-C0142,D004-C0142,2026-01-02,2026Q1,false,26425.48,桂中,erp:order:O-D004-2026Q1-C0142
tenant-demo,D004,经销商04,O-D004-2026Q2-C0142,D004-C0142,2026-06-23,2026Q2,false,49885.42,桂中,erp:order:O-D004-2026Q2-C0142
tenant-demo,D004,经销商04,O-D004-2026Q1-C0143,D004-C0143,2026-03-27,2026Q1,true,46653.86,桂中,erp:order:O-D004-2026Q1-C0143
tenant-demo,D004,经销商04,O-D004-2026Q2-C0143,D004-C0143,2026-06-14,2026Q2,true,9842.1,桂中,erp:order:O-D004-2026Q2-C0143
tenant-demo,D004,经销商04,O-D004-2026Q1-C0144,D004-C0144,2026-02-14,2026Q1,true,37358.5,桂中,erp:order:O-D004-2026Q1-C0144
tenant-demo,D004,经销商04,O-D004-2026Q2-C0144,D004-C0144,2026-05-03,2026Q2,true,25276.43,桂中,erp:order:O-D004-2026Q2-C0144
tenant-demo,D004,经销商04,O-D004-2026Q1-C0145,D004-C0145,2026-03-22,2026Q1,false,27464.27,桂中,erp:order:O-D004-2026Q1-C0145
tenant-demo,D004,经销商04,O-D004-2026Q2-C0145,D004-C0145,2026-04-04,2026Q2,false,47190.14,桂中,erp:order:O-D004-2026Q2-C0145
tenant-demo,D004,经销商04,O-D004-2026Q1-C0146,D004-C0146,2026-02-08,2026Q1,false,37921.23,桂中,erp:order:O-D004-2026Q1-C0146
tenant-demo,D004,经销商04,O-D004-2026Q2-C0146,D004-C0146,2026-06-19,2026Q2,false,13094.63,桂中,erp:order:O-D004-2026Q2-C0146
tenant-demo,D004,经销商04,O-D004-2026Q1-C0147,D004-C0147,2026-03-12,2026Q1,false,20995.15,桂中,erp:order:O-D004-2026Q1-C0147
tenant-demo,D004,经销商04,O-D004-2026Q2-C0147,D004-C0147,2026-06-06,2026Q2,false,11355.11,桂中,erp:order:O-D004-2026Q2-C0147
tenant-demo,D004,经销商04,O-D004-2026Q1-C0148,D004-C0148,2026-01-09,2026Q1,false,47433.8,桂中,erp:order:O-D004-2026Q1-C0148
tenant-demo,D004,经销商04,O-D004-2026Q2-C0148,D004-C0148,2026-06-26,2026Q2,false,29764.54,桂中,erp:order:O-D004-2026Q2-C0148
tenant-demo,D004,经销商04,O-D004-2026Q1-C0149,D004-C0149,2026-01-26,2026Q1,false,43861.58,桂中,erp:order:O-D004-2026Q1-C0149
tenant-demo,D004,经销商04,O-D004-2026Q2-C0149,D004-C0149,2026-04-19,2026Q2,false,48946.95,桂中,erp:order:O-D004-2026Q2-C0149
tenant-demo,D004,经销商04,O-D004-2026Q1-C0150,D004-C0150,2026-01-11,2026Q1,false,24665.04,桂中,erp:order:O-D004-2026Q1-C0150
tenant-demo,D004,经销商04,O-D004-2026Q2-C0150,D004-C0150,2026-04-14,2026Q2,true,14903.15,桂中,erp:order:O-D004-2026Q2-C0150
tenant-demo,D004,经销商04,O-D004-2026Q1-C0151,D004-C0151,2026-02-06,2026Q1,false,49554.94,桂中,erp:order:O-D004-2026Q1-C0151
tenant-demo,D004,经销商04,O-D004-2026Q2-C0151,D004-C0151,2026-05-08,2026Q2,false,41460.83,桂中,erp:order:O-D004-2026Q2-C0151
tenant-demo,D004,经销商04,O-D004-2026Q1-C0152,D004-C0152,2026-03-27,2026Q1,true,48644.4,桂中,erp:order:O-D004-2026Q1-C0152
tenant-demo,D004,经销商04,O-D004-2026Q2-C0152,D004-C0152,2026-04-26,2026Q2,true,31627.23,桂中,erp:order:O-D004-2026Q2-C0152
tenant-demo,D004,经销商04,O-D004-2026Q1-C0153,D004-C0153,2026-02-25,2026Q1,true,17746.66,桂中,erp:order:O-D004-2026Q1-C0153
tenant-demo,D004,经销商04,O-D004-2026Q2-C0153,D004-C0153,2026-04-22,2026Q2,true,37482.47,桂中,erp:order:O-D004-2026Q2-C0153
tenant-demo,D004,经销商04,O-D004-2026Q1-C0154,D004-C0154,2026-02-18,2026Q1,true,6267.96,桂中,erp:order:O-D004-2026Q1-C0154
tenant-demo,D004,经销商04,O-D004-2026Q2-C0154,D004-C0154,2026-04-24,2026Q2,true,18732.97,桂中,erp:order:O-D004-2026Q2-C0154
tenant-demo,D004,经销商04,O-D004-2026Q1-C0155,D004-C0155,2026-01-15,2026Q1,false,45356.94,桂中,erp:order:O-D004-2026Q1-C0155
tenant-demo,D004,经销商04,O-D004-2026Q2-C0155,D004-C0155,2026-06-01,2026Q2,true,37759.62,桂中,erp:order:O-D004-2026Q2-C0155
tenant-demo,D004,经销商04,O-D004-2026Q1-C0156,D004-C0156,2026-01-27,2026Q1,true,23693.28,桂中,erp:order:O-D004-2026Q1-C0156
tenant-demo,D004,经销商04,O-D004-2026Q2-C0156,D004-C0156,2026-05-15,2026Q2,false,20293.34,桂中,erp:order:O-D004-2026Q2-C0156
tenant-demo,D004,经销商04,O-D004-2026Q1-C0157,D004-C0157,2026-01-14,2026Q1,true,30174.91,桂中,erp:order:O-D004-2026Q1-C0157
tenant-demo,D004,经销商04,O-D004-2026Q2-C0157,D004-C0157,2026-06-27,2026Q2,false,17428.73,桂中,erp:order:O-D004-2026Q2-C0157
tenant-demo,D004,经销商04,O-D004-2026Q1-C0158,D004-C0158,2026-02-22,2026Q1,true,8921.19,桂中,erp:order:O-D004-2026Q1-C0158
tenant-demo,D004,经销商04,O-D004-2026Q2-C0158,D004-C0158,2026-04-04,2026Q2,false,46155.51,桂中,erp:order:O-D004-2026Q2-C0158
tenant-demo,D004,经销商04,O-D004-2026Q1-C0159,D004-C0159,2026-02-12,2026Q1,false,21412.88,桂中,erp:order:O-D004-2026Q1-C0159
tenant-demo,D004,经销商04,O-D004-2026Q2-C0159,D004-C0159,2026-05-07,2026Q2,true,22830.43,桂中,erp:order:O-D004-2026Q2-C0159
tenant-demo,D004,经销商04,O-D004-2026Q1-C0160,D004-C0160,2026-01-26,2026Q1,true,33955.25,桂中,erp:order:O-D004-2026Q1-C0160
tenant-demo,D004,经销商04,O-D004-2026Q2-C0160,D004-C0160,2026-06-27,2026Q2,true,14316.33,桂中,erp:order:O-D004-2026Q2-C0160
tenant-demo,D004,经销商04,O-D004-2026Q1-C0161,D004-C0161,2026-03-28,2026Q1,true,5624.34,桂中,erp:order:O-D004-2026Q1-C0161
tenant-demo,D004,经销商04,O-D004-2026Q2-C0161,D004-C0161,2026-05-11,2026Q2,false,46146.21,桂中,erp:order:O-D004-2026Q2-C0161
tenant-demo,D004,经销商04,O-D004-2026Q1-C0162,D004-C0162,2026-02-03,2026Q1,false,16330.71,桂中,erp:order:O-D004-2026Q1-C0162
tenant-demo,D004,经销商04,O-D004-2026Q2-C0162,D004-C0162,2026-06-20,2026Q2,true,42002.31,桂中,erp:order:O-D004-2026Q2-C0162
tenant-demo,D004,经销商04,O-D004-2026Q1-C0163,D004-C0163,2026-01-26,2026Q1,false,39525.68,桂中,erp:order:O-D004-2026Q1-C0163
tenant-demo,D004,经销商04,O-D004-2026Q2-C0163,D004-C0163,2026-06-08,2026Q2,true,34686.07,桂中,erp:order:O-D004-2026Q2-C0163
tenant-demo,D004,经销商04,O-D004-2026Q1-C0164,D004-C0164,2026-02-17,2026Q1,true,9308.16,桂中,erp:order:O-D004-2026Q1-C0164
tenant-demo,D004,经销商04,O-D004-2026Q2-C0164,D004-C0164,2026-06-18,2026Q2,false,23736.11,桂中,erp:order:O-D004-2026Q2-C0164
tenant-demo,D004,经销商04,O-D004-2026Q1-C0165,D004-C0165,2026-03-15,2026Q1,true,21049.82,桂中,erp:order:O-D004-2026Q1-C0165
tenant-demo,D004,经销商04,O-D004-2026Q2-C0165,D004-C0165,2026-06-11,2026Q2,true,27746.61,桂中,erp:order:O-D004-2026Q2-C0165
tenant-demo,D004,经销商04,O-D004-2026Q1-C0166,D004-C0166,2026-03-11,2026Q1,false,14337.05,桂中,erp:order:O-D004-2026Q1-C0166
tenant-demo,D004,经销商04,O-D004-2026Q2-C0166,D004-C0166,2026-06-05,2026Q2,true,10774.98,桂中,erp:order:O-D004-2026Q2-C0166
tenant-demo,D004,经销商04,O-D004-2026Q1-C0167,D004-C0167,2026-03-27,2026Q1,true,22785.81,桂中,erp:order:O-D004-2026Q1-C0167
tenant-demo,D004,经销商04,O-D004-2026Q2-C0167,D004-C0167,2026-05-02,2026Q2,false,41988.04,桂中,erp:order:O-D004-2026Q2-C0167
tenant-demo,D004,经销商04,O-D004-2026Q1-C0168,D004-C0168,2026-01-14,2026Q1,false,6318.83,桂中,erp:order:O-D004-2026Q1-C0168
tenant-demo,D004,经销商04,O-D004-2026Q2-C0168,D004-C0168,2026-05-28,2026Q2,false,47642.71,桂中,erp:order:O-D004-2026Q2-C0168
tenant-demo,D004,经销商04,O-D004-2026Q1-C0169,D004-C0169,2026-02-19,2026Q1,false,6918.93,桂中,erp:order:O-D004-2026Q1-C0169
tenant-demo,D004,经销商04,O-D004-2026Q2-C0169,D004-C0169,2026-05-21,2026Q2,false,37620.38,桂中,erp:order:O-D004-2026Q2-C0169
tenant-demo,D004,经销商04,O-D004-2026Q1-C0170,D004-C0170,2026-03-13,2026Q1,false,27688.1,桂中,erp:order:O-D004-2026Q1-C0170
tenant-demo,D004,经销商04,O-D004-2026Q2-C0170,D004-C0170,2026-05-09,2026Q2,true,23186.38,桂中,erp:order:O-D004-2026Q2-C0170
tenant-demo,D004,经销商04,O-D004-2026Q1-C0171,D004-C0171,2026-01-26,2026Q1,false,26914.15,桂中,erp:order:O-D004-2026Q1-C0171
tenant-demo,D004,经销商04,O-D004-2026Q2-C0171,D004-C0171,2026-04-21,2026Q2,true,11731.87,桂中,erp:order:O-D004-2026Q2-C0171
tenant-demo,D004,经销商04,O-D004-2026Q1-C0172,D004-C0172,2026-01-21,2026Q1,true,21196.99,桂中,erp:order:O-D004-2026Q1-C0172
tenant-demo,D004,经销商04,O-D004-2026Q2-C0172,D004-C0172,2026-04-05,2026Q2,false,22257.15,桂中,erp:order:O-D004-2026Q2-C0172
tenant-demo,D004,经销商04,O-D004-2026Q1-C0173,D004-C0173,2026-01-28,2026Q1,false,24282.51,桂中,erp:order:O-D004-2026Q1-C0173
tenant-demo,D004,经销商04,O-D004-2026Q2-C0173,D004-C0173,2026-04-08,2026Q2,false,17751.83,桂中,erp:order:O-D004-2026Q2-C0173
tenant-demo,D004,经销商04,O-D004-2026Q1-C0174,D004-C0174,2026-02-10,2026Q1,false,14573.38,桂中,erp:order:O-D004-2026Q1-C0174
tenant-demo,D004,经销商04,O-D004-2026Q2-C0174,D004-C0174,2026-05-25,2026Q2,true,26170.94,桂中,erp:order:O-D004-2026Q2-C0174
tenant-demo,D004,经销商04,O-D004-2026Q1-C0175,D004-C0175,2026-02-01,2026Q1,false,31739.86,桂中,erp:order:O-D004-2026Q1-C0175
tenant-demo,D004,经销商04,O-D004-2026Q2-C0175,D004-C0175,2026-05-17,2026Q2,true,25985.93,桂中,erp:order:O-D004-2026Q2-C0175
tenant-demo,D004,经销商04,O-D004-2026Q1-C0176,D004-C0176,2026-03-07,2026Q1,false,24170.67,桂中,erp:order:O-D004-2026Q1-C0176
tenant-demo,D004,经销商04,O-D004-2026Q2-C0176,D004-C0176,2026-06-14,2026Q2,true,31819.62,桂中,erp:order:O-D004-2026Q2-C0176
tenant-demo,D004,经销商04,O-D004-2026Q1-C0177,D004-C0177,2026-01-22,2026Q1,true,12653.21,桂中,erp:order:O-D004-2026Q1-C0177
tenant-demo,D004,经销商04,O-D004-2026Q2-C0177,D004-C0177,2026-05-18,2026Q2,false,30486.01,桂中,erp:order:O-D004-2026Q2-C0177
tenant-demo,D004,经销商04,O-D004-2026Q1-C0178,D004-C0178,2026-03-01,2026Q1,true,20928.56,桂中,erp:order:O-D004-2026Q1-C0178
tenant-demo,D004,经销商04,O-D004-2026Q2-C0178,D004-C0178,2026-06-04,2026Q2,false,44679.11,桂中,erp:order:O-D004-2026Q2-C0178
tenant-demo,D004,经销商04,O-D004-2026Q1-C0179,D004-C0179,2026-01-21,2026Q1,false,21811.54,桂中,erp:order:O-D004-2026Q1-C0179
tenant-demo,D004,经销商04,O-D004-2026Q2-C0179,D004-C0179,2026-04-11,2026Q2,false,36838.07,桂中,erp:order:O-D004-2026Q2-C0179
tenant-demo,D004,经销商04,O-D004-2026Q1-C0180,D004-C0180,2026-01-17,2026Q1,true,33270.56,桂中,erp:order:O-D004-2026Q1-C0180
tenant-demo,D004,经销商04,O-D004-2026Q2-C0180,D004-C0180,2026-04-23,2026Q2,false,46539.52,桂中,erp:order:O-D004-2026Q2-C0180
tenant-demo,D004,经销商04,O-D004-2026Q1-C0181,D004-C0181,2026-01-08,2026Q1,false,9078.78,桂中,erp:order:O-D004-2026Q1-C0181
tenant-demo,D004,经销商04,O-D004-2026Q2-C0181,D004-C0181,2026-05-08,2026Q2,false,20818.78,桂中,erp:order:O-D004-2026Q2-C0181
tenant-demo,D004,经销商04,O-D004-2026Q1-C0182,D004-C0182,2026-03-02,2026Q1,true,27929.11,桂中,erp:order:O-D004-2026Q1-C0182
tenant-demo,D004,经销商04,O-D004-2026Q2-C0182,D004-C0182,2026-06-09,2026Q2,false,5648.98,桂中,erp:order:O-D004-2026Q2-C0182
tenant-demo,D004,经销商04,O-D004-2026Q1-C0183,D004-C0183,2026-02-22,2026Q1,false,27431.18,桂中,erp:order:O-D004-2026Q1-C0183
tenant-demo,D004,经销商04,O-D004-2026Q2-C0183,D004-C0183,2026-04-27,2026Q2,false,23538.43,桂中,erp:order:O-D004-2026Q2-C0183
tenant-demo,D004,经销商04,O-D004-2026Q1-C0184,D004-C0184,2026-02-16,2026Q1,true,7777.24,桂中,erp:order:O-D004-2026Q1-C0184
tenant-demo,D004,经销商04,O-D004-2026Q2-C0184,D004-C0184,2026-06-09,2026Q2,false,21531.8,桂中,erp:order:O-D004-2026Q2-C0184
tenant-demo,D004,经销商04,O-D004-2026Q1-C0185,D004-C0185,2026-03-13,2026Q1,true,14025.77,桂中,erp:order:O-D004-2026Q1-C0185
tenant-demo,D004,经销商04,O-D004-2026Q2-C0185,D004-C0185,2026-06-25,2026Q2,true,12644.76,桂中,erp:order:O-D004-2026Q2-C0185
tenant-demo,D004,经销商04,O-D004-2026Q1-C0186,D004-C0186,2026-02-03,2026Q1,true,49582.87,桂中,erp:order:O-D004-2026Q1-C0186
tenant-demo,D004,经销商04,O-D004-2026Q2-C0186,D004-C0186,2026-05-10,2026Q2,true,30302.83,桂中,erp:order:O-D004-2026Q2-C0186
tenant-demo,D004,经销商04,O-D004-2026Q1-C0187,D004-C0187,2026-03-12,2026Q1,true,26139.13,桂中,erp:order:O-D004-2026Q1-C0187
tenant-demo,D004,经销商04,O-D004-2026Q2-C0187,D004-C0187,2026-05-27,2026Q2,false,14091.79,桂中,erp:order:O-D004-2026Q2-C0187
tenant-demo,D004,经销商04,O-D004-2026Q1-C0188,D004-C0188,2026-02-06,2026Q1,false,39763.06,桂中,erp:order:O-D004-2026Q1-C0188
tenant-demo,D004,经销商04,O-D004-2026Q2-C0188,D004-C0188,2026-05-09,2026Q2,false,44783.47,桂中,erp:order:O-D004-2026Q2-C0188
tenant-demo,D004,经销商04,O-D004-2026Q1-C0189,D004-C0189,2026-01-08,2026Q1,true,29556.93,桂中,erp:order:O-D004-2026Q1-C0189
tenant-demo,D004,经销商04,O-D004-2026Q2-C0189,D004-C0189,2026-04-11,2026Q2,true,38481.41,桂中,erp:order:O-D004-2026Q2-C0189
tenant-demo,D004,经销商04,O-D004-2026Q1-C0190,D004-C0190,2026-01-04,2026Q1,true,34923.33,桂中,erp:order:O-D004-2026Q1-C0190
tenant-demo,D004,经销商04,O-D004-2026Q2-C0190,D004-C0190,2026-04-05,2026Q2,false,11247.53,桂中,erp:order:O-D004-2026Q2-C0190
tenant-demo,D004,经销商04,O-D004-2026Q1-C0191,D004-C0191,2026-01-13,2026Q1,true,30177.96,桂中,erp:order:O-D004-2026Q1-C0191
tenant-demo,D004,经销商04,O-D004-2026Q2-C0191,D004-C0191,2026-04-11,2026Q2,false,39092.1,桂中,erp:order:O-D004-2026Q2-C0191
tenant-demo,D004,经销商04,O-D004-2026Q1-C0192,D004-C0192,2026-01-01,2026Q1,false,26259.03,桂中,erp:order:O-D004-2026Q1-C0192
tenant-demo,D004,经销商04,O-D004-2026Q2-C0192,D004-C0192,2026-05-03,2026Q2,false,22500.37,桂中,erp:order:O-D004-2026Q2-C0192
tenant-demo,D004,经销商04,O-D004-2026Q1-C0193,D004-C0193,2026-03-05,2026Q1,true,38606.24,桂中,erp:order:O-D004-2026Q1-C0193
tenant-demo,D004,经销商04,O-D004-2026Q2-C0193,D004-C0193,2026-05-10,2026Q2,true,8839.61,桂中,erp:order:O-D004-2026Q2-C0193
tenant-demo,D004,经销商04,O-D004-2026Q1-C0194,D004-C0194,2026-03-24,2026Q1,false,11803.38,桂中,erp:order:O-D004-2026Q1-C0194
tenant-demo,D004,经销商04,O-D004-2026Q2-C0194,D004-C0194,2026-06-23,2026Q2,false,20021.14,桂中,erp:order:O-D004-2026Q2-C0194
tenant-demo,D004,经销商04,O-D004-2026Q1-C0195,D004-C0195,2026-02-03,2026Q1,false,9525.15,桂中,erp:order:O-D004-2026Q1-C0195
tenant-demo,D004,经销商04,O-D004-2026Q2-C0195,D004-C0195,2026-06-01,2026Q2,true,27910.53,桂中,erp:order:O-D004-2026Q2-C0195
tenant-demo,D004,经销商04,O-D004-2026Q1-C0196,D004-C0196,2026-01-17,2026Q1,false,46083.13,桂中,erp:order:O-D004-2026Q1-C0196
tenant-demo,D004,经销商04,O-D004-2026Q2-C0196,D004-C0196,2026-06-15,2026Q2,true,39721.15,桂中,erp:order:O-D004-2026Q2-C0196
tenant-demo,D004,经销商04,O-D004-2026Q1-C0197,D004-C0197,2026-01-01,2026Q1,true,10151.57,桂中,erp:order:O-D004-2026Q1-C0197
tenant-demo,D004,经销商04,O-D004-2026Q2-C0197,D004-C0197,2026-04-26,2026Q2,true,31384.23,桂中,erp:order:O-D004-2026Q2-C0197
tenant-demo,D004,经销商04,O-D004-2026Q1-C0198,D004-C0198,2026-03-27,2026Q1,true,35786.06,桂中,erp:order:O-D004-2026Q1-C0198
tenant-demo,D004,经销商04,O-D004-2026Q2-C0198,D004-C0198,2026-05-21,2026Q2,false,43807.67,桂中,erp:order:O-D004-2026Q2-C0198
tenant-demo,D004,经销商04,O-D004-2026Q1-C0199,D004-C0199,2026-02-21,2026Q1,true,35538.13,桂中,erp:order:O-D004-2026Q1-C0199
tenant-demo,D004,经销商04,O-D004-2026Q2-C0199,D004-C0199,2026-06-20,2026Q2,true,29782.8,桂中,erp:order:O-D004-2026Q2-C0199
tenant-demo,D004,经销商04,O-D004-2026Q1-C0200,D004-C0200,2026-03-06,2026Q1,false,31854.14,桂中,erp:order:O-D004-2026Q1-C0200
tenant-demo,D004,经销商04,O-D004-2026Q2-C0200,D004-C0200,2026-04-19,2026Q2,true,41878.99,桂中,erp:order:O-D004-2026Q2-C0200
tenant-demo,D004,经销商04,O-D004-2026Q1-C0201,D004-C0201,2026-01-24,2026Q1,false,13505.67,桂中,erp:order:O-D004-2026Q1-C0201
tenant-demo,D004,经销商04,O-D004-2026Q2-C0201,D004-C0201,2026-04-21,2026Q2,true,46334.73,桂中,erp:order:O-D004-2026Q2-C0201
tenant-demo,D004,经销商04,O-D004-2026Q1-C0202,D004-C0202,2026-03-23,2026Q1,false,21173.76,桂中,erp:order:O-D004-2026Q1-C0202
tenant-demo,D004,经销商04,O-D004-2026Q2-C0202,D004-C0202,2026-05-04,2026Q2,false,34723.17,桂中,erp:order:O-D004-2026Q2-C0202
tenant-demo,D004,经销商04,O-D004-2026Q1-C0203,D004-C0203,2026-01-01,2026Q1,false,31858.12,桂中,erp:order:O-D004-2026Q1-C0203
tenant-demo,D004,经销商04,O-D004-2026Q2-C0203,D004-C0203,2026-04-06,2026Q2,false,7271.95,桂中,erp:order:O-D004-2026Q2-C0203
tenant-demo,D004,经销商04,O-D004-2026Q1-C0204,D004-C0204,2026-01-05,2026Q1,false,23980.96,桂中,erp:order:O-D004-2026Q1-C0204
tenant-demo,D004,经销商04,O-D004-2026Q2-C0204,D004-C0204,2026-06-15,2026Q2,false,47190.46,桂中,erp:order:O-D004-2026Q2-C0204
tenant-demo,D004,经销商04,O-D004-2026Q1-C0205,D004-C0205,2026-01-27,2026Q1,false,49909.22,桂中,erp:order:O-D004-2026Q1-C0205
tenant-demo,D004,经销商04,O-D004-2026Q2-C0205,D004-C0205,2026-05-15,2026Q2,false,11638.9,桂中,erp:order:O-D004-2026Q2-C0205
tenant-demo,D004,经销商04,O-D004-2026Q1-C0206,D004-C0206,2026-03-12,2026Q1,false,30267.8,桂中,erp:order:O-D004-2026Q1-C0206
tenant-demo,D004,经销商04,O-D004-2026Q2-C0206,D004-C0206,2026-06-28,2026Q2,false,31431.79,桂中,erp:order:O-D004-2026Q2-C0206
tenant-demo,D004,经销商04,O-D004-2026Q1-C0207,D004-C0207,2026-02-08,2026Q1,false,34881.23,桂中,erp:order:O-D004-2026Q1-C0207
tenant-demo,D004,经销商04,O-D004-2026Q2-C0207,D004-C0207,2026-06-28,2026Q2,false,42351.49,桂中,erp:order:O-D004-2026Q2-C0207
tenant-demo,D004,经销商04,O-D004-2026Q1-C0208,D004-C0208,2026-02-16,2026Q1,true,21794.72,桂中,erp:order:O-D004-2026Q1-C0208
tenant-demo,D004,经销商04,O-D004-2026Q2-C0208,D004-C0208,2026-05-07,2026Q2,true,5295.52,桂中,erp:order:O-D004-2026Q2-C0208
tenant-demo,D004,经销商04,O-D004-2026Q1-C0209,D004-C0209,2026-02-15,2026Q1,false,9503.46,桂中,erp:order:O-D004-2026Q1-C0209
tenant-demo,D004,经销商04,O-D004-2026Q2-C0209,D004-C0209,2026-06-06,2026Q2,true,7025.56,桂中,erp:order:O-D004-2026Q2-C0209
tenant-demo,D004,经销商04,O-D004-2026Q1-C0210,D004-C0210,2026-03-08,2026Q1,false,16758.86,桂中,erp:order:O-D004-2026Q1-C0210
tenant-demo,D004,经销商04,O-D004-2026Q2-C0210,D004-C0210,2026-05-05,2026Q2,false,25153.81,桂中,erp:order:O-D004-2026Q2-C0210
tenant-demo,D004,经销商04,O-D004-2026Q1-C0211,D004-C0211,2026-01-19,2026Q1,true,39965.27,桂中,erp:order:O-D004-2026Q1-C0211
tenant-demo,D004,经销商04,O-D004-2026Q2-C0211,D004-C0211,2026-06-19,2026Q2,true,41460.83,桂中,erp:order:O-D004-2026Q2-C0211
tenant-demo,D004,经销商04,O-D004-2026Q1-C0212,D004-C0212,2026-02-24,2026Q1,false,41855.21,桂中,erp:order:O-D004-2026Q1-C0212
tenant-demo,D004,经销商04,O-D004-2026Q2-C0212,D004-C0212,2026-06-10,2026Q2,true,35232.03,桂中,erp:order:O-D004-2026Q2-C0212
tenant-demo,D004,经销商04,O-D004-2026Q1-C0213,D004-C0213,2026-02-17,2026Q1,false,29844.72,桂中,erp:order:O-D004-2026Q1-C0213
tenant-demo,D004,经销商04,O-D004-2026Q2-C0213,D004-C0213,2026-05-08,2026Q2,false,27542.46,桂中,erp:order:O-D004-2026Q2-C0213
tenant-demo,D004,经销商04,O-D004-2026Q1-C0214,D004-C0214,2026-01-11,2026Q1,true,28493.42,桂中,erp:order:O-D004-2026Q1-C0214
tenant-demo,D004,经销商04,O-D004-2026Q2-C0214,D004-C0214,2026-05-19,2026Q2,false,43493.53,桂中,erp:order:O-D004-2026Q2-C0214
tenant-demo,D004,经销商04,O-D004-2026Q1-C0215,D004-C0215,2026-02-09,2026Q1,true,19347.96,桂中,erp:order:O-D004-2026Q1-C0215
tenant-demo,D004,经销商04,O-D004-2026Q2-C0215,D004-C0215,2026-06-03,2026Q2,false,15936.35,桂中,erp:order:O-D004-2026Q2-C0215
tenant-demo,D004,经销商04,O-D004-2026Q1-C0216,D004-C0216,2026-01-27,2026Q1,false,34492.49,桂中,erp:order:O-D004-2026Q1-C0216
tenant-demo,D004,经销商04,O-D004-2026Q2-C0216,D004-C0216,2026-05-18,2026Q2,false,48598.01,桂中,erp:order:O-D004-2026Q2-C0216
tenant-demo,D004,经销商04,O-D004-2026Q1-C0217,D004-C0217,2026-01-18,2026Q1,false,35214.07,桂中,erp:order:O-D004-2026Q1-C0217
tenant-demo,D004,经销商04,O-D004-2026Q2-C0217,D004-C0217,2026-04-15,2026Q2,false,44350.23,桂中,erp:order:O-D004-2026Q2-C0217
tenant-demo,D004,经销商04,O-D004-2026Q1-C0218,D004-C0218,2026-02-11,2026Q1,true,26459.46,桂中,erp:order:O-D004-2026Q1-C0218
tenant-demo,D004,经销商04,O-D004-2026Q2-C0218,D004-C0218,2026-06-17,2026Q2,false,8368.94,桂中,erp:order:O-D004-2026Q2-C0218
tenant-demo,D004,经销商04,O-D004-2026Q1-C0219,D004-C0219,2026-03-23,2026Q1,true,14726.97,桂中,erp:order:O-D004-2026Q1-C0219
tenant-demo,D004,经销商04,O-D004-2026Q2-C0219,D004-C0219,2026-05-11,2026Q2,true,46220.56,桂中,erp:order:O-D004-2026Q2-C0219
tenant-demo,D004,经销商04,O-D004-2026Q1-C0220,D004-C0220,2026-03-18,2026Q1,false,29315.34,桂中,erp:order:O-D004-2026Q1-C0220
tenant-demo,D004,经销商04,O-D004-2026Q2-C0220,D004-C0220,2026-04-21,2026Q2,true,12719.66,桂中,erp:order:O-D004-2026Q2-C0220
tenant-demo,D004,经销商04,O-D004-2026Q1-C0221,D004-C0221,2026-01-19,2026Q1,false,44474.76,桂中,erp:order:O-D004-2026Q1-C0221
tenant-demo,D004,经销商04,O-D004-2026Q2-C0221,D004-C0221,2026-06-02,2026Q2,true,14205.41,桂中,erp:order:O-D004-2026Q2-C0221
tenant-demo,D004,经销商04,O-D004-2026Q1-C0222,D004-C0222,2026-02-07,2026Q1,true,30550.71,桂中,erp:order:O-D004-2026Q1-C0222
tenant-demo,D004,经销商04,O-D004-2026Q2-C0222,D004-C0222,2026-05-11,2026Q2,false,48673.13,桂中,erp:order:O-D004-2026Q2-C0222
tenant-demo,D004,经销商04,O-D004-2026Q1-C0223,D004-C0223,2026-01-11,2026Q1,false,35589.38,桂中,erp:order:O-D004-2026Q1-C0223
tenant-demo,D004,经销商04,O-D004-2026Q2-C0223,D004-C0223,2026-04-08,2026Q2,true,41875.32,桂中,erp:order:O-D004-2026Q2-C0223
tenant-demo,D004,经销商04,O-D004-2026Q1-C0224,D004-C0224,2026-03-16,2026Q1,true,45280.21,桂中,erp:order:O-D004-2026Q1-C0224
tenant-demo,D004,经销商04,O-D004-2026Q2-C0224,D004-C0224,2026-04-04,2026Q2,false,12792.66,桂中,erp:order:O-D004-2026Q2-C0224
tenant-demo,D004,经销商04,O-D004-2026Q1-C0225,D004-C0225,2026-01-01,2026Q1,false,42063.19,桂中,erp:order:O-D004-2026Q1-C0225
tenant-demo,D004,经销商04,O-D004-2026Q2-C0225,D004-C0225,2026-04-03,2026Q2,false,32864.72,桂中,erp:order:O-D004-2026Q2-C0225
tenant-demo,D004,经销商04,O-D004-2026Q1-C0226,D004-C0226,2026-01-23,2026Q1,true,29555.22,桂中,erp:order:O-D004-2026Q1-C0226
tenant-demo,D004,经销商04,O-D004-2026Q2-C0226,D004-C0226,2026-05-26,2026Q2,false,5580.18,桂中,erp:order:O-D004-2026Q2-C0226
tenant-demo,D004,经销商04,O-D004-2026Q1-C0227,D004-C0227,2026-02-07,2026Q1,false,41595.66,桂中,erp:order:O-D004-2026Q1-C0227
tenant-demo,D004,经销商04,O-D004-2026Q2-C0227,D004-C0227,2026-06-15,2026Q2,false,20537.51,桂中,erp:order:O-D004-2026Q2-C0227
tenant-demo,D004,经销商04,O-D004-2026Q1-C0228,D004-C0228,2026-02-26,2026Q1,true,45574.89,桂中,erp:order:O-D004-2026Q1-C0228
tenant-demo,D004,经销商04,O-D004-2026Q2-C0228,D004-C0228,2026-05-15,2026Q2,true,25862.85,桂中,erp:order:O-D004-2026Q2-C0228
tenant-demo,D004,经销商04,O-D004-2026Q1-C0229,D004-C0229,2026-03-09,2026Q1,false,33422.53,桂中,erp:order:O-D004-2026Q1-C0229
tenant-demo,D004,经销商04,O-D004-2026Q2-C0229,D004-C0229,2026-05-03,2026Q2,true,9600.74,桂中,erp:order:O-D004-2026Q2-C0229
tenant-demo,D004,经销商04,O-D004-2026Q1-C0230,D004-C0230,2026-03-13,2026Q1,true,25545.83,桂中,erp:order:O-D004-2026Q1-C0230
tenant-demo,D004,经销商04,O-D004-2026Q2-C0230,D004-C0230,2026-05-03,2026Q2,false,17616.91,桂中,erp:order:O-D004-2026Q2-C0230
tenant-demo,D004,经销商04,O-D004-2026Q1-C0231,D004-C0231,2026-02-21,2026Q1,true,18604.38,桂中,erp:order:O-D004-2026Q1-C0231
tenant-demo,D004,经销商04,O-D004-2026Q2-C0231,D004-C0231,2026-04-06,2026Q2,true,35088.93,桂中,erp:order:O-D004-2026Q2-C0231
tenant-demo,D004,经销商04,O-D004-2026Q1-C0232,D004-C0232,2026-02-28,2026Q1,true,13427.35,桂中,erp:order:O-D004-2026Q1-C0232
tenant-demo,D004,经销商04,O-D004-2026Q2-C0232,D004-C0232,2026-04-13,2026Q2,true,10618.29,桂中,erp:order:O-D004-2026Q2-C0232
tenant-demo,D004,经销商04,O-D004-2026Q1-C0233,D004-C0233,2026-02-12,2026Q1,true,12687.22,桂中,erp:order:O-D004-2026Q1-C0233
tenant-demo,D004,经销商04,O-D004-2026Q2-C0233,D004-C0233,2026-04-13,2026Q2,true,32916.31,桂中,erp:order:O-D004-2026Q2-C0233
tenant-demo,D004,经销商04,O-D004-2026Q1-C0234,D004-C0234,2026-03-13,2026Q1,false,45902.35,桂中,erp:order:O-D004-2026Q1-C0234
tenant-demo,D004,经销商04,O-D004-2026Q2-C0234,D004-C0234,2026-04-04,2026Q2,false,21309.99,桂中,erp:order:O-D004-2026Q2-C0234
tenant-demo,D004,经销商04,O-D004-2026Q1-C0235,D004-C0235,2026-02-03,2026Q1,false,14568.22,桂中,erp:order:O-D004-2026Q1-C0235
tenant-demo,D004,经销商04,O-D004-2026Q2-C0235,D004-C0235,2026-05-12,2026Q2,false,6308.7,桂中,erp:order:O-D004-2026Q2-C0235
tenant-demo,D004,经销商04,O-D004-2026Q1-C0236,D004-C0236,2026-01-20,2026Q1,false,22385.3,桂中,erp:order:O-D004-2026Q1-C0236
tenant-demo,D004,经销商04,O-D004-2026Q2-C0236,D004-C0236,2026-04-07,2026Q2,false,38771.2,桂中,erp:order:O-D004-2026Q2-C0236
tenant-demo,D004,经销商04,O-D004-2026Q1-C0237,D004-C0237,2026-01-17,2026Q1,true,25954.85,桂中,erp:order:O-D004-2026Q1-C0237
tenant-demo,D004,经销商04,O-D004-2026Q2-C0237,D004-C0237,2026-05-16,2026Q2,false,13152.21,桂中,erp:order:O-D004-2026Q2-C0237
tenant-demo,D004,经销商04,O-D004-2026Q1-C0238,D004-C0238,2026-01-01,2026Q1,true,15114.97,桂中,erp:order:O-D004-2026Q1-C0238
tenant-demo,D004,经销商04,O-D004-2026Q2-C0238,D004-C0238,2026-04-02,2026Q2,false,10571.3,桂中,erp:order:O-D004-2026Q2-C0238
tenant-demo,D004,经销商04,O-D004-2026Q1-C0239,D004-C0239,2026-02-11,2026Q1,true,15524.91,桂中,erp:order:O-D004-2026Q1-C0239
tenant-demo,D004,经销商04,O-D004-2026Q2-C0239,D004-C0239,2026-04-14,2026Q2,true,47695.32,桂中,erp:order:O-D004-2026Q2-C0239
tenant-demo,D004,经销商04,O-D004-2026Q1-C0240,D004-C0240,2026-03-02,2026Q1,false,26266.37,桂中,erp:order:O-D004-2026Q1-C0240
tenant-demo,D004,经销商04,O-D004-2026Q2-C0240,D004-C0240,2026-05-23,2026Q2,true,17268.42,桂中,erp:order:O-D004-2026Q2-C0240
tenant-demo,D004,经销商04,O-D004-2026Q1-C0241,D004-C0241,2026-02-16,2026Q1,false,14443.75,桂中,erp:order:O-D004-2026Q1-C0241
tenant-demo,D004,经销商04,O-D004-2026Q2-C0241,D004-C0241,2026-05-24,2026Q2,true,49582.82,桂中,erp:order:O-D004-2026Q2-C0241
tenant-demo,D004,经销商04,O-D004-2026Q1-C0242,D004-C0242,2026-01-12,2026Q1,true,18081.16,桂中,erp:order:O-D004-2026Q1-C0242
tenant-demo,D004,经销商04,O-D004-2026Q2-C0242,D004-C0242,2026-04-25,2026Q2,true,43777.28,桂中,erp:order:O-D004-2026Q2-C0242
tenant-demo,D004,经销商04,O-D004-2026Q1-C0243,D004-C0243,2026-01-08,2026Q1,false,49328.05,桂中,erp:order:O-D004-2026Q1-C0243
tenant-demo,D004,经销商04,O-D004-2026Q2-C0243,D004-C0243,2026-06-22,2026Q2,true,49488.3,桂中,erp:order:O-D004-2026Q2-C0243
tenant-demo,D004,经销商04,O-D004-2026Q1-C0244,D004-C0244,2026-01-27,2026Q1,true,29591.48,桂中,erp:order:O-D004-2026Q1-C0244
tenant-demo,D004,经销商04,O-D004-2026Q2-C0244,D004-C0244,2026-06-03,2026Q2,false,26812.33,桂中,erp:order:O-D004-2026Q2-C0244
tenant-demo,D004,经销商04,O-D004-2026Q1-C0245,D004-C0245,2026-01-19,2026Q1,true,13623.62,桂中,erp:order:O-D004-2026Q1-C0245
tenant-demo,D004,经销商04,O-D004-2026Q2-C0245,D004-C0245,2026-04-17,2026Q2,true,5245.92,桂中,erp:order:O-D004-2026Q2-C0245
tenant-demo,D004,经销商04,O-D004-2026Q1-C0246,D004-C0246,2026-01-24,2026Q1,true,45381.74,桂中,erp:order:O-D004-2026Q1-C0246
tenant-demo,D004,经销商04,O-D004-2026Q2-C0246,D004-C0246,2026-04-27,2026Q2,false,7298.3,桂中,erp:order:O-D004-2026Q2-C0246
tenant-demo,D004,经销商04,O-D004-2026Q1-C0247,D004-C0247,2026-01-28,2026Q1,true,15087.86,桂中,erp:order:O-D004-2026Q1-C0247
tenant-demo,D004,经销商04,O-D004-2026Q2-C0247,D004-C0247,2026-06-21,2026Q2,false,34617.65,桂中,erp:order:O-D004-2026Q2-C0247
tenant-demo,D004,经销商04,O-D004-2026Q1-C0248,D004-C0248,2026-01-23,2026Q1,false,45854.98,桂中,erp:order:O-D004-2026Q1-C0248
tenant-demo,D004,经销商04,O-D004-2026Q2-C0248,D004-C0248,2026-05-17,2026Q2,true,38393.23,桂中,erp:order:O-D004-2026Q2-C0248
tenant-demo,D004,经销商04,O-D004-2026Q1-C0249,D004-C0249,2026-02-08,2026Q1,true,32719.4,桂中,erp:order:O-D004-2026Q1-C0249
tenant-demo,D004,经销商04,O-D004-2026Q2-C0249,D004-C0249,2026-06-05,2026Q2,false,42913.76,桂中,erp:order:O-D004-2026Q2-C0249
tenant-demo,D004,经销商04,O-D004-2026Q1-C0250,D004-C0250,2026-03-22,2026Q1,false,22037.8,桂中,erp:order:O-D004-2026Q1-C0250
tenant-demo,D004,经销商04,O-D004-2026Q2-C0250,D004-C0250,2026-04-22,2026Q2,true,37401.53,桂中,erp:order:O-D004-2026Q2-C0250
tenant-demo,D004,经销商04,O-D004-2026Q1-C0251,D004-C0251,2026-02-17,2026Q1,false,12898.27,桂中,erp:order:O-D004-2026Q1-C0251
tenant-demo,D004,经销商04,O-D004-2026Q2-C0251,D004-C0251,2026-06-04,2026Q2,false,11997.38,桂中,erp:order:O-D004-2026Q2-C0251
tenant-demo,D004,经销商04,O-D004-2026Q1-C0252,D004-C0252,2026-01-18,2026Q1,true,30600.14,桂中,erp:order:O-D004-2026Q1-C0252
tenant-demo,D004,经销商04,O-D004-2026Q2-C0252,D004-C0252,2026-04-16,2026Q2,true,13665.59,桂中,erp:order:O-D004-2026Q2-C0252
tenant-demo,D004,经销商04,O-D004-2026Q1-C0253,D004-C0253,2026-01-11,2026Q1,false,15403.64,桂中,erp:order:O-D004-2026Q1-C0253
tenant-demo,D004,经销商04,O-D004-2026Q2-C0253,D004-C0253,2026-05-05,2026Q2,true,45391.79,桂中,erp:order:O-D004-2026Q2-C0253
tenant-demo,D004,经销商04,O-D004-2026Q1-C0254,D004-C0254,2026-03-28,2026Q1,false,25070.38,桂中,erp:order:O-D004-2026Q1-C0254
tenant-demo,D004,经销商04,O-D004-2026Q2-C0254,D004-C0254,2026-06-13,2026Q2,true,43084.02,桂中,erp:order:O-D004-2026Q2-C0254
tenant-demo,D004,经销商04,O-D004-2026Q1-C0255,D004-C0255,2026-01-26,2026Q1,true,42588.85,桂中,erp:order:O-D004-2026Q1-C0255
tenant-demo,D004,经销商04,O-D004-2026Q2-C0255,D004-C0255,2026-04-06,2026Q2,false,49695.4,桂中,erp:order:O-D004-2026Q2-C0255
tenant-demo,D004,经销商04,O-D004-2026Q1-C0256,D004-C0256,2026-03-19,2026Q1,true,44666.25,桂中,erp:order:O-D004-2026Q1-C0256
tenant-demo,D004,经销商04,O-D004-2026Q2-C0256,D004-C0256,2026-06-13,2026Q2,false,16171.44,桂中,erp:order:O-D004-2026Q2-C0256
tenant-demo,D004,经销商04,O-D004-2026Q1-C0257,D004-C0257,2026-01-16,2026Q1,false,17549.38,桂中,erp:order:O-D004-2026Q1-C0257
tenant-demo,D004,经销商04,O-D004-2026Q2-C0257,D004-C0257,2026-06-03,2026Q2,false,25044.38,桂中,erp:order:O-D004-2026Q2-C0257
tenant-demo,D004,经销商04,O-D004-2026Q1-C0258,D004-C0258,2026-02-05,2026Q1,false,39903.76,桂中,erp:order:O-D004-2026Q1-C0258
tenant-demo,D004,经销商04,O-D004-2026Q2-C0258,D004-C0258,2026-04-28,2026Q2,false,43930.01,桂中,erp:order:O-D004-2026Q2-C0258
tenant-demo,D004,经销商04,O-D004-2026Q1-C0259,D004-C0259,2026-01-09,2026Q1,true,32914.92,桂中,erp:order:O-D004-2026Q1-C0259
tenant-demo,D004,经销商04,O-D004-2026Q2-C0259,D004-C0259,2026-04-05,2026Q2,true,38673.81,桂中,erp:order:O-D004-2026Q2-C0259
tenant-demo,D004,经销商04,O-D004-2026Q1-C0260,D004-C0260,2026-01-22,2026Q1,false,37286.19,桂中,erp:order:O-D004-2026Q1-C0260
tenant-demo,D004,经销商04,O-D004-2026Q2-C0260,D004-C0260,2026-05-21,2026Q2,true,26239.23,桂中,erp:order:O-D004-2026Q2-C0260
tenant-demo,D004,经销商04,O-D004-2026Q1-C0261,D004-C0261,2026-03-07,2026Q1,false,12180.83,桂中,erp:order:O-D004-2026Q1-C0261
tenant-demo,D004,经销商04,O-D004-2026Q2-C0261,D004-C0261,2026-05-20,2026Q2,false,17429.21,桂中,erp:order:O-D004-2026Q2-C0261
tenant-demo,D004,经销商04,O-D004-2026Q1-C0262,D004-C0262,2026-02-25,2026Q1,true,49559.43,桂中,erp:order:O-D004-2026Q1-C0262
tenant-demo,D004,经销商04,O-D004-2026Q2-C0262,D004-C0262,2026-06-24,2026Q2,true,8249.44,桂中,erp:order:O-D004-2026Q2-C0262
tenant-demo,D004,经销商04,O-D004-2026Q1-C0263,D004-C0263,2026-01-10,2026Q1,false,24518.18,桂中,erp:order:O-D004-2026Q1-C0263
tenant-demo,D004,经销商04,O-D004-2026Q2-C0263,D004-C0263,2026-04-16,2026Q2,false,10359.05,桂中,erp:order:O-D004-2026Q2-C0263
tenant-demo,D004,经销商04,O-D004-2026Q1-C0264,D004-C0264,2026-03-08,2026Q1,false,10571.89,桂中,erp:order:O-D004-2026Q1-C0264
tenant-demo,D004,经销商04,O-D004-2026Q2-C0264,D004-C0264,2026-06-28,2026Q2,true,34594.9,桂中,erp:order:O-D004-2026Q2-C0264
tenant-demo,D004,经销商04,O-D004-2026Q1-C0265,D004-C0265,2026-01-21,2026Q1,false,12389.65,桂中,erp:order:O-D004-2026Q1-C0265
tenant-demo,D004,经销商04,O-D004-2026Q2-C0265,D004-C0265,2026-06-02,2026Q2,true,22324.95,桂中,erp:order:O-D004-2026Q2-C0265
tenant-demo,D004,经销商04,O-D004-2026Q1-C0266,D004-C0266,2026-03-05,2026Q1,true,12138.62,桂中,erp:order:O-D004-2026Q1-C0266
tenant-demo,D004,经销商04,O-D004-2026Q2-C0266,D004-C0266,2026-05-16,2026Q2,false,49321.7,桂中,erp:order:O-D004-2026Q2-C0266
tenant-demo,D004,经销商04,O-D004-2026Q1-C0267,D004-C0267,2026-03-13,2026Q1,true,32214.03,桂中,erp:order:O-D004-2026Q1-C0267
tenant-demo,D004,经销商04,O-D004-2026Q2-C0267,D004-C0267,2026-05-24,2026Q2,true,11118.68,桂中,erp:order:O-D004-2026Q2-C0267
tenant-demo,D004,经销商04,O-D004-2026Q1-C0268,D004-C0268,2026-01-09,2026Q1,false,25119.47,桂中,erp:order:O-D004-2026Q1-C0268
tenant-demo,D004,经销商04,O-D004-2026Q2-C0268,D004-C0268,2026-04-15,2026Q2,true,32237.55,桂中,erp:order:O-D004-2026Q2-C0268
tenant-demo,D004,经销商04,O-D004-2026Q1-C0269,D004-C0269,2026-02-07,2026Q1,false,47085.22,桂中,erp:order:O-D004-2026Q1-C0269
tenant-demo,D004,经销商04,O-D004-2026Q2-C0269,D004-C0269,2026-06-03,2026Q2,true,48824.07,桂中,erp:order:O-D004-2026Q2-C0269
tenant-demo,D004,经销商04,O-D004-2026Q1-C0270,D004-C0270,2026-02-06,2026Q1,false,13653.27,桂中,erp:order:O-D004-2026Q1-C0270
tenant-demo,D004,经销商04,O-D004-2026Q2-C0270,D004-C0270,2026-04-02,2026Q2,true,24723.39,桂中,erp:order:O-D004-2026Q2-C0270
tenant-demo,D004,经销商04,O-D004-2026Q1-C0271,D004-C0271,2026-01-27,2026Q1,false,34765.82,桂中,erp:order:O-D004-2026Q1-C0271
tenant-demo,D004,经销商04,O-D004-2026Q2-C0271,D004-C0271,2026-04-20,2026Q2,true,11423.17,桂中,erp:order:O-D004-2026Q2-C0271
tenant-demo,D004,经销商04,O-D004-2026Q1-C0272,D004-C0272,2026-01-11,2026Q1,false,22589.37,桂中,erp:order:O-D004-2026Q1-C0272
tenant-demo,D004,经销商04,O-D004-2026Q2-C0272,D004-C0272,2026-06-27,2026Q2,true,24636.41,桂中,erp:order:O-D004-2026Q2-C0272
tenant-demo,D004,经销商04,O-D004-2026Q1-C0273,D004-C0273,2026-03-13,2026Q1,true,40309.93,桂中,erp:order:O-D004-2026Q1-C0273
tenant-demo,D004,经销商04,O-D004-2026Q2-C0273,D004-C0273,2026-04-14,2026Q2,false,17784.26,桂中,erp:order:O-D004-2026Q2-C0273
tenant-demo,D004,经销商04,O-D004-2026Q1-C0274,D004-C0274,2026-02-09,2026Q1,true,6964.57,桂中,erp:order:O-D004-2026Q1-C0274
tenant-demo,D004,经销商04,O-D004-2026Q2-C0274,D004-C0274,2026-05-03,2026Q2,false,21991.65,桂中,erp:order:O-D004-2026Q2-C0274
tenant-demo,D004,经销商04,O-D004-2026Q1-C0275,D004-C0275,2026-03-05,2026Q1,false,19622.63,桂中,erp:order:O-D004-2026Q1-C0275
tenant-demo,D004,经销商04,O-D004-2026Q2-C0275,D004-C0275,2026-04-06,2026Q2,true,7378.88,桂中,erp:order:O-D004-2026Q2-C0275
tenant-demo,D004,经销商04,O-D004-2026Q1-C0276,D004-C0276,2026-02-14,2026Q1,false,41935.33,桂中,erp:order:O-D004-2026Q1-C0276
tenant-demo,D004,经销商04,O-D004-2026Q2-C0276,D004-C0276,2026-05-04,2026Q2,false,38115.66,桂中,erp:order:O-D004-2026Q2-C0276
tenant-demo,D004,经销商04,O-D004-2026Q1-C0277,D004-C0277,2026-02-09,2026Q1,false,45449.96,桂中,erp:order:O-D004-2026Q1-C0277
tenant-demo,D004,经销商04,O-D004-2026Q2-C0277,D004-C0277,2026-04-14,2026Q2,false,14110.51,桂中,erp:order:O-D004-2026Q2-C0277
tenant-demo,D004,经销商04,O-D004-2026Q1-C0278,D004-C0278,2026-02-13,2026Q1,true,15039.44,桂中,erp:order:O-D004-2026Q1-C0278
tenant-demo,D004,经销商04,O-D004-2026Q2-C0278,D004-C0278,2026-04-23,2026Q2,false,39133.11,桂中,erp:order:O-D004-2026Q2-C0278
tenant-demo,D004,经销商04,O-D004-2026Q1-C0279,D004-C0279,2026-02-11,2026Q1,true,26152.16,桂中,erp:order:O-D004-2026Q1-C0279
tenant-demo,D004,经销商04,O-D004-2026Q2-C0279,D004-C0279,2026-06-28,2026Q2,true,40578.86,桂中,erp:order:O-D004-2026Q2-C0279
tenant-demo,D004,经销商04,O-D004-2026Q1-C0280,D004-C0280,2026-03-22,2026Q1,true,38745.16,桂中,erp:order:O-D004-2026Q1-C0280
tenant-demo,D004,经销商04,O-D004-2026Q2-C0280,D004-C0280,2026-04-09,2026Q2,true,15326.51,桂中,erp:order:O-D004-2026Q2-C0280
tenant-demo,D004,经销商04,O-D004-2026Q1-C0281,D004-C0281,2026-03-07,2026Q1,false,38220.34,桂中,erp:order:O-D004-2026Q1-C0281
tenant-demo,D004,经销商04,O-D004-2026Q2-C0281,D004-C0281,2026-06-20,2026Q2,false,24478.95,桂中,erp:order:O-D004-2026Q2-C0281
tenant-demo,D004,经销商04,O-D004-2026Q1-C0282,D004-C0282,2026-01-03,2026Q1,false,37887.87,桂中,erp:order:O-D004-2026Q1-C0282
tenant-demo,D004,经销商04,O-D004-2026Q2-C0282,D004-C0282,2026-04-20,2026Q2,false,18848.14,桂中,erp:order:O-D004-2026Q2-C0282
tenant-demo,D004,经销商04,O-D004-2026Q1-C0283,D004-C0283,2026-03-26,2026Q1,false,5138.18,桂中,erp:order:O-D004-2026Q1-C0283
tenant-demo,D004,经销商04,O-D004-2026Q2-C0283,D004-C0283,2026-06-26,2026Q2,false,6162.66,桂中,erp:order:O-D004-2026Q2-C0283
tenant-demo,D004,经销商04,O-D004-2026Q1-C0284,D004-C0284,2026-01-02,2026Q1,true,11534.67,桂中,erp:order:O-D004-2026Q1-C0284
tenant-demo,D004,经销商04,O-D004-2026Q2-C0284,D004-C0284,2026-04-21,2026Q2,false,33766.75,桂中,erp:order:O-D004-2026Q2-C0284
tenant-demo,D004,经销商04,O-D004-2026Q1-C0285,D004-C0285,2026-01-08,2026Q1,false,43670.77,桂中,erp:order:O-D004-2026Q1-C0285
tenant-demo,D004,经销商04,O-D004-2026Q2-C0285,D004-C0285,2026-04-15,2026Q2,false,13867.71,桂中,erp:order:O-D004-2026Q2-C0285
tenant-demo,D004,经销商04,O-D004-2026Q1-C0286,D004-C0286,2026-01-21,2026Q1,false,15962.06,桂中,erp:order:O-D004-2026Q1-C0286
tenant-demo,D004,经销商04,O-D004-2026Q2-C0286,D004-C0286,2026-04-17,2026Q2,false,11537.83,桂中,erp:order:O-D004-2026Q2-C0286
tenant-demo,D004,经销商04,O-D004-2026Q1-C0287,D004-C0287,2026-02-02,2026Q1,true,29725.48,桂中,erp:order:O-D004-2026Q1-C0287
tenant-demo,D004,经销商04,O-D004-2026Q2-C0287,D004-C0287,2026-05-24,2026Q2,true,41469.33,桂中,erp:order:O-D004-2026Q2-C0287
tenant-demo,D004,经销商04,O-D004-2026Q1-C0288,D004-C0288,2026-02-19,2026Q1,false,5373.9,桂中,erp:order:O-D004-2026Q1-C0288
tenant-demo,D004,经销商04,O-D004-2026Q2-C0288,D004-C0288,2026-04-23,2026Q2,false,23110.77,桂中,erp:order:O-D004-2026Q2-C0288
tenant-demo,D004,经销商04,O-D004-2026Q1-C0289,D004-C0289,2026-01-28,2026Q1,false,26171.36,桂中,erp:order:O-D004-2026Q1-C0289
tenant-demo,D004,经销商04,O-D004-2026Q2-C0289,D004-C0289,2026-05-04,2026Q2,false,21597.88,桂中,erp:order:O-D004-2026Q2-C0289
tenant-demo,D004,经销商04,O-D004-2026Q1-C0290,D004-C0290,2026-03-17,2026Q1,false,5303.55,桂中,erp:order:O-D004-2026Q1-C0290
tenant-demo,D004,经销商04,O-D004-2026Q2-C0290,D004-C0290,2026-06-13,2026Q2,false,29463.99,桂中,erp:order:O-D004-2026Q2-C0290
tenant-demo,D004,经销商04,O-D004-2026Q1-C0291,D004-C0291,2026-03-21,2026Q1,true,31753.57,桂中,erp:order:O-D004-2026Q1-C0291
tenant-demo,D004,经销商04,O-D004-2026Q2-C0291,D004-C0291,2026-04-24,2026Q2,false,44178.52,桂中,erp:order:O-D004-2026Q2-C0291
tenant-demo,D004,经销商04,O-D004-2026Q1-C0292,D004-C0292,2026-03-12,2026Q1,true,12346.24,桂中,erp:order:O-D004-2026Q1-C0292
tenant-demo,D004,经销商04,O-D004-2026Q2-C0292,D004-C0292,2026-05-07,2026Q2,false,7032.58,桂中,erp:order:O-D004-2026Q2-C0292
tenant-demo,D004,经销商04,O-D004-2026Q1-C0293,D004-C0293,2026-03-27,2026Q1,false,22295.2,桂中,erp:order:O-D004-2026Q1-C0293
tenant-demo,D004,经销商04,O-D004-2026Q2-C0293,D004-C0293,2026-05-28,2026Q2,false,8351.44,桂中,erp:order:O-D004-2026Q2-C0293
tenant-demo,D004,经销商04,O-D004-2026Q1-C0294,D004-C0294,2026-01-22,2026Q1,true,47976.73,桂中,erp:order:O-D004-2026Q1-C0294
tenant-demo,D004,经销商04,O-D004-2026Q2-C0294,D004-C0294,2026-04-05,2026Q2,false,7275.51,桂中,erp:order:O-D004-2026Q2-C0294
tenant-demo,D004,经销商04,O-D004-2026Q1-C0295,D004-C0295,2026-01-28,2026Q1,false,25403.56,桂中,erp:order:O-D004-2026Q1-C0295
tenant-demo,D004,经销商04,O-D004-2026Q2-C0295,D004-C0295,2026-04-19,2026Q2,false,11722.44,桂中,erp:order:O-D004-2026Q2-C0295
tenant-demo,D004,经销商04,O-D004-2026Q1-C0296,D004-C0296,2026-03-08,2026Q1,false,11308.66,桂中,erp:order:O-D004-2026Q1-C0296
tenant-demo,D004,经销商04,O-D004-2026Q2-C0296,D004-C0296,2026-05-09,2026Q2,false,32384.79,桂中,erp:order:O-D004-2026Q2-C0296
tenant-demo,D004,经销商04,O-D004-2026Q1-C0297,D004-C0297,2026-01-06,2026Q1,false,9983.53,桂中,erp:order:O-D004-2026Q1-C0297
tenant-demo,D004,经销商04,O-D004-2026Q2-C0297,D004-C0297,2026-06-25,2026Q2,true,10385.76,桂中,erp:order:O-D004-2026Q2-C0297
tenant-demo,D004,经销商04,O-D004-2026Q1-C0298,D004-C0298,2026-01-10,2026Q1,false,36440.67,桂中,erp:order:O-D004-2026Q1-C0298
tenant-demo,D004,经销商04,O-D004-2026Q2-C0298,D004-C0298,2026-04-23,2026Q2,false,11347.66,桂中,erp:order:O-D004-2026Q2-C0298
tenant-demo,D004,经销商04,O-D004-2026Q1-C0299,D004-C0299,2026-02-02,2026Q1,false,34819.51,桂中,erp:order:O-D004-2026Q1-C0299
tenant-demo,D004,经销商04,O-D004-2026Q2-C0299,D004-C0299,2026-04-06,2026Q2,true,24404.18,桂中,erp:order:O-D004-2026Q2-C0299
tenant-demo,D004,经销商04,O-D004-2026Q1-C0300,D004-C0300,2026-01-11,2026Q1,false,8588.72,桂中,erp:order:O-D004-2026Q1-C0300
tenant-demo,D004,经销商04,O-D004-2026Q2-C0300,D004-C0300,2026-06-15,2026Q2,true,26513.54,桂中,erp:order:O-D004-2026Q2-C0300
tenant-demo,D004,经销商04,O-D004-2026Q1-C0301,D004-C0301,2026-03-16,2026Q1,false,40233.22,桂中,erp:order:O-D004-2026Q1-C0301
tenant-demo,D004,经销商04,O-D004-2026Q2-C0301,D004-C0301,2026-04-17,2026Q2,true,29995.07,桂中,erp:order:O-D004-2026Q2-C0301
tenant-demo,D004,经销商04,O-D004-2026Q1-C0302,D004-C0302,2026-03-26,2026Q1,true,40599.31,桂中,erp:order:O-D004-2026Q1-C0302
tenant-demo,D004,经销商04,O-D004-2026Q2-C0302,D004-C0302,2026-04-10,2026Q2,true,32575.56,桂中,erp:order:O-D004-2026Q2-C0302
tenant-demo,D004,经销商04,O-D004-2026Q1-C0303,D004-C0303,2026-02-16,2026Q1,false,39354.33,桂中,erp:order:O-D004-2026Q1-C0303
tenant-demo,D004,经销商04,O-D004-2026Q2-C0303,D004-C0303,2026-06-23,2026Q2,false,6019.37,桂中,erp:order:O-D004-2026Q2-C0303
tenant-demo,D004,经销商04,O-D004-2026Q1-C0304,D004-C0304,2026-01-24,2026Q1,false,26665.3,桂中,erp:order:O-D004-2026Q1-C0304
tenant-demo,D004,经销商04,O-D004-2026Q2-C0304,D004-C0304,2026-04-06,2026Q2,true,34995.36,桂中,erp:order:O-D004-2026Q2-C0304
tenant-demo,D004,经销商04,O-D004-2026Q1-C0305,D004-C0305,2026-01-11,2026Q1,true,41351.69,桂中,erp:order:O-D004-2026Q1-C0305
tenant-demo,D004,经销商04,O-D004-2026Q2-C0305,D004-C0305,2026-05-23,2026Q2,false,42263.5,桂中,erp:order:O-D004-2026Q2-C0305
tenant-demo,D004,经销商04,O-D004-2026Q1-C0306,D004-C0306,2026-02-24,2026Q1,false,5182.77,桂中,erp:order:O-D004-2026Q1-C0306
tenant-demo,D004,经销商04,O-D004-2026Q2-C0306,D004-C0306,2026-04-17,2026Q2,false,41682.11,桂中,erp:order:O-D004-2026Q2-C0306
tenant-demo,D004,经销商04,O-D004-2026Q1-C0307,D004-C0307,2026-03-08,2026Q1,false,19251.84,桂中,erp:order:O-D004-2026Q1-C0307
tenant-demo,D004,经销商04,O-D004-2026Q2-C0307,D004-C0307,2026-04-07,2026Q2,true,40652.27,桂中,erp:order:O-D004-2026Q2-C0307
tenant-demo,D004,经销商04,O-D004-2026Q1-C0308,D004-C0308,2026-02-07,2026Q1,true,32737.0,桂中,erp:order:O-D004-2026Q1-C0308
tenant-demo,D004,经销商04,O-D004-2026Q2-C0308,D004-C0308,2026-05-06,2026Q2,true,37875.11,桂中,erp:order:O-D004-2026Q2-C0308
tenant-demo,D004,经销商04,O-D004-2026Q1-C0309,D004-C0309,2026-02-23,2026Q1,false,39179.06,桂中,erp:order:O-D004-2026Q1-C0309
tenant-demo,D004,经销商04,O-D004-2026Q2-C0309,D004-C0309,2026-05-12,2026Q2,true,12616.92,桂中,erp:order:O-D004-2026Q2-C0309
tenant-demo,D004,经销商04,O-D004-2026Q1-C0310,D004-C0310,2026-02-07,2026Q1,true,39832.77,桂中,erp:order:O-D004-2026Q1-C0310
tenant-demo,D004,经销商04,O-D004-2026Q2-C0310,D004-C0310,2026-05-04,2026Q2,true,48533.04,桂中,erp:order:O-D004-2026Q2-C0310
tenant-demo,D004,经销商04,O-D004-2026Q1-C0311,D004-C0311,2026-03-23,2026Q1,false,20972.34,桂中,erp:order:O-D004-2026Q1-C0311
tenant-demo,D004,经销商04,O-D004-2026Q2-C0311,D004-C0311,2026-06-05,2026Q2,false,12444.43,桂中,erp:order:O-D004-2026Q2-C0311
tenant-demo,D004,经销商04,O-D004-2026Q1-C0312,D004-C0312,2026-01-17,2026Q1,false,17394.3,桂中,erp:order:O-D004-2026Q1-C0312
tenant-demo,D004,经销商04,O-D004-2026Q2-C0312,D004-C0312,2026-06-08,2026Q2,false,28667.36,桂中,erp:order:O-D004-2026Q2-C0312
tenant-demo,D004,经销商04,O-D004-2026Q1-C0313,D004-C0313,2026-02-07,2026Q1,false,15067.08,桂中,erp:order:O-D004-2026Q1-C0313
tenant-demo,D004,经销商04,O-D004-2026Q2-C0313,D004-C0313,2026-05-22,2026Q2,true,34427.4,桂中,erp:order:O-D004-2026Q2-C0313
tenant-demo,D004,经销商04,O-D004-2026Q1-C0314,D004-C0314,2026-03-16,2026Q1,true,17203.63,桂中,erp:order:O-D004-2026Q1-C0314
tenant-demo,D004,经销商04,O-D004-2026Q2-C0314,D004-C0314,2026-04-12,2026Q2,false,19162.53,桂中,erp:order:O-D004-2026Q2-C0314
tenant-demo,D004,经销商04,O-D004-2026Q1-C0315,D004-C0315,2026-03-01,2026Q1,true,18951.15,桂中,erp:order:O-D004-2026Q1-C0315
tenant-demo,D004,经销商04,O-D004-2026Q2-C0315,D004-C0315,2026-05-25,2026Q2,false,28878.67,桂中,erp:order:O-D004-2026Q2-C0315
tenant-demo,D004,经销商04,O-D004-2026Q1-C0316,D004-C0316,2026-02-23,2026Q1,false,23396.66,桂中,erp:order:O-D004-2026Q1-C0316
tenant-demo,D004,经销商04,O-D004-2026Q2-C0316,D004-C0316,2026-05-05,2026Q2,true,47288.17,桂中,erp:order:O-D004-2026Q2-C0316
tenant-demo,D004,经销商04,O-D004-2026Q1-C0317,D004-C0317,2026-03-19,2026Q1,false,45764.42,桂中,erp:order:O-D004-2026Q1-C0317
tenant-demo,D004,经销商04,O-D004-2026Q2-C0317,D004-C0317,2026-04-19,2026Q2,false,49355.14,桂中,erp:order:O-D004-2026Q2-C0317
tenant-demo,D004,经销商04,O-D004-2026Q1-C0318,D004-C0318,2026-01-25,2026Q1,false,30881.36,桂中,erp:order:O-D004-2026Q1-C0318
tenant-demo,D004,经销商04,O-D004-2026Q2-C0318,D004-C0318,2026-04-08,2026Q2,false,9672.18,桂中,erp:order:O-D004-2026Q2-C0318
tenant-demo,D004,经销商04,O-D004-2026Q1-C0319,D004-C0319,2026-01-08,2026Q1,false,21239.4,桂中,erp:order:O-D004-2026Q1-C0319
tenant-demo,D004,经销商04,O-D004-2026Q2-C0319,D004-C0319,2026-05-14,2026Q2,true,48254.68,桂中,erp:order:O-D004-2026Q2-C0319
tenant-demo,D004,经销商04,O-D004-2026Q1-C0320,D004-C0320,2026-02-15,2026Q1,false,40125.57,桂中,erp:order:O-D004-2026Q1-C0320
tenant-demo,D004,经销商04,O-D004-2026Q2-C0320,D004-C0320,2026-06-26,2026Q2,false,22570.31,桂中,erp:order:O-D004-2026Q2-C0320
tenant-demo,D004,经销商04,O-D004-2026Q1-C0321,D004-C0321,2026-03-18,2026Q1,false,5614.17,桂中,erp:order:O-D004-2026Q1-C0321
tenant-demo,D004,经销商04,O-D004-2026Q2-C0321,D004-C0321,2026-06-23,2026Q2,false,49419.18,桂中,erp:order:O-D004-2026Q2-C0321
tenant-demo,D004,经销商04,O-D004-2026Q1-C0322,D004-C0322,2026-02-23,2026Q1,false,20549.88,桂中,erp:order:O-D004-2026Q1-C0322
tenant-demo,D004,经销商04,O-D004-2026Q2-C0322,D004-C0322,2026-05-03,2026Q2,false,30813.32,桂中,erp:order:O-D004-2026Q2-C0322
tenant-demo,D004,经销商04,O-D004-2026Q1-C0323,D004-C0323,2026-03-04,2026Q1,false,21085.0,桂中,erp:order:O-D004-2026Q1-C0323
tenant-demo,D004,经销商04,O-D004-2026Q2-C0323,D004-C0323,2026-05-04,2026Q2,false,20745.63,桂中,erp:order:O-D004-2026Q2-C0323
tenant-demo,D004,经销商04,O-D004-2026Q1-C0324,D004-C0324,2026-02-26,2026Q1,true,23992.21,桂中,erp:order:O-D004-2026Q1-C0324
tenant-demo,D004,经销商04,O-D004-2026Q2-C0324,D004-C0324,2026-05-15,2026Q2,false,35460.11,桂中,erp:order:O-D004-2026Q2-C0324
tenant-demo,D004,经销商04,O-D004-2026Q1-C0325,D004-C0325,2026-02-20,2026Q1,false,11475.27,桂中,erp:order:O-D004-2026Q1-C0325
tenant-demo,D004,经销商04,O-D004-2026Q2-C0325,D004-C0325,2026-05-05,2026Q2,false,38607.82,桂中,erp:order:O-D004-2026Q2-C0325
tenant-demo,D004,经销商04,O-D004-2026Q1-C0326,D004-C0326,2026-01-06,2026Q1,false,28305.31,桂中,erp:order:O-D004-2026Q1-C0326
tenant-demo,D004,经销商04,O-D004-2026Q2-C0326,D004-C0326,2026-04-21,2026Q2,false,28650.76,桂中,erp:order:O-D004-2026Q2-C0326
tenant-demo,D004,经销商04,O-D004-2026Q1-C0327,D004-C0327,2026-01-01,2026Q1,true,32995.28,桂中,erp:order:O-D004-2026Q1-C0327
tenant-demo,D004,经销商04,O-D004-2026Q2-C0327,D004-C0327,2026-05-16,2026Q2,true,33142.98,桂中,erp:order:O-D004-2026Q2-C0327
tenant-demo,D004,经销商04,O-D004-2026Q1-C0328,D004-C0328,2026-02-06,2026Q1,true,42167.94,桂中,erp:order:O-D004-2026Q1-C0328
tenant-demo,D004,经销商04,O-D004-2026Q2-C0328,D004-C0328,2026-06-08,2026Q2,false,32002.35,桂中,erp:order:O-D004-2026Q2-C0328
tenant-demo,D004,经销商04,O-D004-2026Q1-C0329,D004-C0329,2026-02-27,2026Q1,true,42956.79,桂中,erp:order:O-D004-2026Q1-C0329
tenant-demo,D004,经销商04,O-D004-2026Q2-C0329,D004-C0329,2026-04-02,2026Q2,false,47042.86,桂中,erp:order:O-D004-2026Q2-C0329
tenant-demo,D004,经销商04,O-D004-2026Q1-C0330,D004-C0330,2026-03-24,2026Q1,true,49544.96,桂中,erp:order:O-D004-2026Q1-C0330
tenant-demo,D004,经销商04,O-D004-2026Q2-C0330,D004-C0330,2026-06-11,2026Q2,true,25112.65,桂中,erp:order:O-D004-2026Q2-C0330
tenant-demo,D004,经销商04,O-D004-2026Q1-C0331,D004-C0331,2026-02-04,2026Q1,true,19158.92,桂中,erp:order:O-D004-2026Q1-C0331
tenant-demo,D004,经销商04,O-D004-2026Q2-C0331,D004-C0331,2026-05-21,2026Q2,true,10888.72,桂中,erp:order:O-D004-2026Q2-C0331
tenant-demo,D004,经销商04,O-D004-2026Q1-C0332,D004-C0332,2026-03-03,2026Q1,false,39822.5,桂中,erp:order:O-D004-2026Q1-C0332
tenant-demo,D004,经销商04,O-D004-2026Q2-C0332,D004-C0332,2026-05-16,2026Q2,false,32594.42,桂中,erp:order:O-D004-2026Q2-C0332
tenant-demo,D004,经销商04,O-D004-2026Q1-C0333,D004-C0333,2026-01-19,2026Q1,false,33982.03,桂中,erp:order:O-D004-2026Q1-C0333
tenant-demo,D004,经销商04,O-D004-2026Q2-C0333,D004-C0333,2026-04-10,2026Q2,true,49316.38,桂中,erp:order:O-D004-2026Q2-C0333
tenant-demo,D004,经销商04,O-D004-2026Q1-C0334,D004-C0334,2026-01-18,2026Q1,true,41169.35,桂中,erp:order:O-D004-2026Q1-C0334
tenant-demo,D004,经销商04,O-D004-2026Q2-C0334,D004-C0334,2026-04-05,2026Q2,false,29942.51,桂中,erp:order:O-D004-2026Q2-C0334
tenant-demo,D004,经销商04,O-D004-2026Q1-C0335,D004-C0335,2026-01-24,2026Q1,false,40043.31,桂中,erp:order:O-D004-2026Q1-C0335
tenant-demo,D004,经销商04,O-D004-2026Q2-C0335,D004-C0335,2026-05-25,2026Q2,false,29110.9,桂中,erp:order:O-D004-2026Q2-C0335
tenant-demo,D004,经销商04,O-D004-2026Q1-C0336,D004-C0336,2026-02-04,2026Q1,true,16864.85,桂中,erp:order:O-D004-2026Q1-C0336
tenant-demo,D004,经销商04,O-D004-2026Q2-C0336,D004-C0336,2026-05-24,2026Q2,true,9690.05,桂中,erp:order:O-D004-2026Q2-C0336
tenant-demo,D004,经销商04,O-D004-2026Q1-C0337,D004-C0337,2026-02-13,2026Q1,false,33727.77,桂中,erp:order:O-D004-2026Q1-C0337
tenant-demo,D004,经销商04,O-D004-2026Q2-C0337,D004-C0337,2026-06-28,2026Q2,true,6655.32,桂中,erp:order:O-D004-2026Q2-C0337
tenant-demo,D004,经销商04,O-D004-2026Q1-C0338,D004-C0338,2026-03-11,2026Q1,false,44347.85,桂中,erp:order:O-D004-2026Q1-C0338
tenant-demo,D004,经销商04,O-D004-2026Q2-C0338,D004-C0338,2026-04-07,2026Q2,false,5341.89,桂中,erp:order:O-D004-2026Q2-C0338
tenant-demo,D004,经销商04,O-D004-2026Q1-C0339,D004-C0339,2026-03-10,2026Q1,false,22464.11,桂中,erp:order:O-D004-2026Q1-C0339
tenant-demo,D004,经销商04,O-D004-2026Q2-C0339,D004-C0339,2026-06-12,2026Q2,true,26519.24,桂中,erp:order:O-D004-2026Q2-C0339
tenant-demo,D004,经销商04,O-D004-2026Q1-C0340,D004-C0340,2026-02-14,2026Q1,false,22781.6,桂中,erp:order:O-D004-2026Q1-C0340
tenant-demo,D004,经销商04,O-D004-2026Q2-C0340,D004-C0340,2026-06-10,2026Q2,false,48590.26,桂中,erp:order:O-D004-2026Q2-C0340
tenant-demo,D004,经销商04,O-D004-2026Q1-C0341,D004-C0341,2026-02-03,2026Q1,false,26654.2,桂中,erp:order:O-D004-2026Q1-C0341
tenant-demo,D004,经销商04,O-D004-2026Q2-C0341,D004-C0341,2026-04-04,2026Q2,false,11980.55,桂中,erp:order:O-D004-2026Q2-C0341
tenant-demo,D004,经销商04,O-D004-2026Q1-C0342,D004-C0342,2026-03-24,2026Q1,false,48874.35,桂中,erp:order:O-D004-2026Q1-C0342
tenant-demo,D004,经销商04,O-D004-2026Q2-C0342,D004-C0342,2026-05-25,2026Q2,false,42977.91,桂中,erp:order:O-D004-2026Q2-C0342
tenant-demo,D004,经销商04,O-D004-2026Q1-C0343,D004-C0343,2026-02-25,2026Q1,false,13008.91,桂中,erp:order:O-D004-2026Q1-C0343
tenant-demo,D004,经销商04,O-D004-2026Q2-C0343,D004-C0343,2026-04-28,2026Q2,true,47284.37,桂中,erp:order:O-D004-2026Q2-C0343
tenant-demo,D004,经销商04,O-D004-2026Q1-C0344,D004-C0344,2026-02-17,2026Q1,true,46979.13,桂中,erp:order:O-D004-2026Q1-C0344
tenant-demo,D004,经销商04,O-D004-2026Q2-C0344,D004-C0344,2026-04-26,2026Q2,false,46354.43,桂中,erp:order:O-D004-2026Q2-C0344
tenant-demo,D004,经销商04,O-D004-2026Q1-C0345,D004-C0345,2026-02-19,2026Q1,true,39704.06,桂中,erp:order:O-D004-2026Q1-C0345
tenant-demo,D004,经销商04,O-D004-2026Q2-C0345,D004-C0345,2026-04-27,2026Q2,false,13196.02,桂中,erp:order:O-D004-2026Q2-C0345
tenant-demo,D004,经销商04,O-D004-2026Q1-C0346,D004-C0346,2026-01-28,2026Q1,false,25612.87,桂中,erp:order:O-D004-2026Q1-C0346
tenant-demo,D004,经销商04,O-D004-2026Q2-C0346,D004-C0346,2026-04-05,2026Q2,true,21560.04,桂中,erp:order:O-D004-2026Q2-C0346
tenant-demo,D004,经销商04,O-D004-2026Q1-C0347,D004-C0347,2026-01-16,2026Q1,true,15475.1,桂中,erp:order:O-D004-2026Q1-C0347
tenant-demo,D004,经销商04,O-D004-2026Q2-C0347,D004-C0347,2026-05-07,2026Q2,true,12446.69,桂中,erp:order:O-D004-2026Q2-C0347
tenant-demo,D004,经销商04,O-D004-2026Q1-C0348,D004-C0348,2026-03-19,2026Q1,false,30634.77,桂中,erp:order:O-D004-2026Q1-C0348
tenant-demo,D004,经销商04,O-D004-2026Q2-C0348,D004-C0348,2026-04-10,2026Q2,true,16686.96,桂中,erp:order:O-D004-2026Q2-C0348
tenant-demo,D004,经销商04,O-D004-2026Q1-C0349,D004-C0349,2026-02-15,2026Q1,true,19738.85,桂中,erp:order:O-D004-2026Q1-C0349
tenant-demo,D004,经销商04,O-D004-2026Q2-C0349,D004-C0349,2026-05-15,2026Q2,false,26784.53,桂中,erp:order:O-D004-2026Q2-C0349
tenant-demo,D004,经销商04,O-D004-2026Q1-C0350,D004-C0350,2026-01-12,2026Q1,false,26965.46,桂中,erp:order:O-D004-2026Q1-C0350
tenant-demo,D004,经销商04,O-D004-2026Q2-C0350,D004-C0350,2026-06-27,2026Q2,false,46299.48,桂中,erp:order:O-D004-2026Q2-C0350
tenant-demo,D005,经销商05,O-D005-2026Q1-C0001,D005-C0001,2026-03-09,2026Q1,false,34914.83,桂中,erp:order:O-D005-2026Q1-C0001
tenant-demo,D005,经销商05,O-D005-2026Q2-C0001,D005-C0001,2026-05-23,2026Q2,false,30641.14,桂中,erp:order:O-D005-2026Q2-C0001
tenant-demo,D005,经销商05,O-D005-2026Q1-C0002,D005-C0002,2026-01-18,2026Q1,true,35760.92,桂中,erp:order:O-D005-2026Q1-C0002
tenant-demo,D005,经销商05,O-D005-2026Q2-C0002,D005-C0002,2026-06-13,2026Q2,true,48290.07,桂中,erp:order:O-D005-2026Q2-C0002
tenant-demo,D005,经销商05,O-D005-2026Q1-C0003,D005-C0003,2026-02-08,2026Q1,false,47394.17,桂中,erp:order:O-D005-2026Q1-C0003
tenant-demo,D005,经销商05,O-D005-2026Q2-C0003,D005-C0003,2026-05-28,2026Q2,true,36328.44,桂中,erp:order:O-D005-2026Q2-C0003
tenant-demo,D005,经销商05,O-D005-2026Q1-C0004,D005-C0004,2026-02-26,2026Q1,false,29549.61,桂中,erp:order:O-D005-2026Q1-C0004
tenant-demo,D005,经销商05,O-D005-2026Q2-C0004,D005-C0004,2026-06-07,2026Q2,true,42027.73,桂中,erp:order:O-D005-2026Q2-C0004
tenant-demo,D005,经销商05,O-D005-2026Q1-C0005,D005-C0005,2026-03-06,2026Q1,true,14278.56,桂中,erp:order:O-D005-2026Q1-C0005
tenant-demo,D005,经销商05,O-D005-2026Q2-C0005,D005-C0005,2026-04-08,2026Q2,false,42225.5,桂中,erp:order:O-D005-2026Q2-C0005
tenant-demo,D005,经销商05,O-D005-2026Q1-C0006,D005-C0006,2026-01-28,2026Q1,false,18919.65,桂中,erp:order:O-D005-2026Q1-C0006
tenant-demo,D005,经销商05,O-D005-2026Q2-C0006,D005-C0006,2026-05-08,2026Q2,true,7929.83,桂中,erp:order:O-D005-2026Q2-C0006
tenant-demo,D005,经销商05,O-D005-2026Q1-C0007,D005-C0007,2026-02-07,2026Q1,false,14452.22,桂中,erp:order:O-D005-2026Q1-C0007
tenant-demo,D005,经销商05,O-D005-2026Q2-C0007,D005-C0007,2026-06-05,2026Q2,true,43227.05,桂中,erp:order:O-D005-2026Q2-C0007
tenant-demo,D005,经销商05,O-D005-2026Q1-C0008,D005-C0008,2026-02-03,2026Q1,false,48498.72,桂中,erp:order:O-D005-2026Q1-C0008
tenant-demo,D005,经销商05,O-D005-2026Q2-C0008,D005-C0008,2026-04-07,2026Q2,false,28675.58,桂中,erp:order:O-D005-2026Q2-C0008
tenant-demo,D005,经销商05,O-D005-2026Q1-C0009,D005-C0009,2026-02-05,2026Q1,true,13784.9,桂中,erp:order:O-D005-2026Q1-C0009
tenant-demo,D005,经销商05,O-D005-2026Q2-C0009,D005-C0009,2026-04-02,2026Q2,false,20338.37,桂中,erp:order:O-D005-2026Q2-C0009
tenant-demo,D005,经销商05,O-D005-2026Q1-C0010,D005-C0010,2026-01-17,2026Q1,true,41299.59,桂中,erp:order:O-D005-2026Q1-C0010
tenant-demo,D005,经销商05,O-D005-2026Q2-C0010,D005-C0010,2026-04-07,2026Q2,false,43613.84,桂中,erp:order:O-D005-2026Q2-C0010
tenant-demo,D005,经销商05,O-D005-2026Q1-C0011,D005-C0011,2026-03-25,2026Q1,false,41333.99,桂中,erp:order:O-D005-2026Q1-C0011
tenant-demo,D005,经销商05,O-D005-2026Q2-C0011,D005-C0011,2026-06-26,2026Q2,false,44898.84,桂中,erp:order:O-D005-2026Q2-C0011
tenant-demo,D005,经销商05,O-D005-2026Q1-C0012,D005-C0012,2026-01-19,2026Q1,false,39720.31,桂中,erp:order:O-D005-2026Q1-C0012
tenant-demo,D005,经销商05,O-D005-2026Q2-C0012,D005-C0012,2026-04-07,2026Q2,false,19187.27,桂中,erp:order:O-D005-2026Q2-C0012
tenant-demo,D005,经销商05,O-D005-2026Q1-C0013,D005-C0013,2026-02-03,2026Q1,false,8951.33,桂中,erp:order:O-D005-2026Q1-C0013
tenant-demo,D005,经销商05,O-D005-2026Q2-C0013,D005-C0013,2026-06-23,2026Q2,false,6047.9,桂中,erp:order:O-D005-2026Q2-C0013
tenant-demo,D005,经销商05,O-D005-2026Q1-C0014,D005-C0014,2026-02-16,2026Q1,true,12259.18,桂中,erp:order:O-D005-2026Q1-C0014
tenant-demo,D005,经销商05,O-D005-2026Q2-C0014,D005-C0014,2026-04-15,2026Q2,true,26140.51,桂中,erp:order:O-D005-2026Q2-C0014
tenant-demo,D005,经销商05,O-D005-2026Q1-C0015,D005-C0015,2026-02-12,2026Q1,true,45124.9,桂中,erp:order:O-D005-2026Q1-C0015
tenant-demo,D005,经销商05,O-D005-2026Q2-C0015,D005-C0015,2026-05-03,2026Q2,false,28787.61,桂中,erp:order:O-D005-2026Q2-C0015
tenant-demo,D005,经销商05,O-D005-2026Q1-C0016,D005-C0016,2026-02-25,2026Q1,true,37389.48,桂中,erp:order:O-D005-2026Q1-C0016
tenant-demo,D005,经销商05,O-D005-2026Q2-C0016,D005-C0016,2026-06-14,2026Q2,false,15195.69,桂中,erp:order:O-D005-2026Q2-C0016
tenant-demo,D005,经销商05,O-D005-2026Q1-C0017,D005-C0017,2026-01-07,2026Q1,false,39266.38,桂中,erp:order:O-D005-2026Q1-C0017
tenant-demo,D005,经销商05,O-D005-2026Q2-C0017,D005-C0017,2026-04-09,2026Q2,true,43239.57,桂中,erp:order:O-D005-2026Q2-C0017
tenant-demo,D005,经销商05,O-D005-2026Q1-C0018,D005-C0018,2026-01-01,2026Q1,true,24289.74,桂中,erp:order:O-D005-2026Q1-C0018
tenant-demo,D005,经销商05,O-D005-2026Q2-C0018,D005-C0018,2026-05-04,2026Q2,true,33885.46,桂中,erp:order:O-D005-2026Q2-C0018
tenant-demo,D005,经销商05,O-D005-2026Q1-C0019,D005-C0019,2026-03-08,2026Q1,false,46600.54,桂中,erp:order:O-D005-2026Q1-C0019
tenant-demo,D005,经销商05,O-D005-2026Q2-C0019,D005-C0019,2026-04-04,2026Q2,true,29875.53,桂中,erp:order:O-D005-2026Q2-C0019
tenant-demo,D005,经销商05,O-D005-2026Q1-C0020,D005-C0020,2026-02-27,2026Q1,true,9908.34,桂中,erp:order:O-D005-2026Q1-C0020
tenant-demo,D005,经销商05,O-D005-2026Q2-C0020,D005-C0020,2026-04-28,2026Q2,true,48765.14,桂中,erp:order:O-D005-2026Q2-C0020
tenant-demo,D005,经销商05,O-D005-2026Q1-C0021,D005-C0021,2026-03-02,2026Q1,false,42649.06,桂中,erp:order:O-D005-2026Q1-C0021
tenant-demo,D005,经销商05,O-D005-2026Q2-C0021,D005-C0021,2026-04-11,2026Q2,true,20940.5,桂中,erp:order:O-D005-2026Q2-C0021
tenant-demo,D005,经销商05,O-D005-2026Q1-C0022,D005-C0022,2026-02-01,2026Q1,true,43927.48,桂中,erp:order:O-D005-2026Q1-C0022
tenant-demo,D005,经销商05,O-D005-2026Q2-C0022,D005-C0022,2026-04-23,2026Q2,true,33965.59,桂中,erp:order:O-D005-2026Q2-C0022
tenant-demo,D005,经销商05,O-D005-2026Q1-C0023,D005-C0023,2026-03-21,2026Q1,false,28460.86,桂中,erp:order:O-D005-2026Q1-C0023
tenant-demo,D005,经销商05,O-D005-2026Q2-C0023,D005-C0023,2026-04-13,2026Q2,false,33805.85,桂中,erp:order:O-D005-2026Q2-C0023
tenant-demo,D005,经销商05,O-D005-2026Q1-C0024,D005-C0024,2026-02-21,2026Q1,false,9879.87,桂中,erp:order:O-D005-2026Q1-C0024
tenant-demo,D005,经销商05,O-D005-2026Q2-C0024,D005-C0024,2026-06-26,2026Q2,true,47472.42,桂中,erp:order:O-D005-2026Q2-C0024
tenant-demo,D005,经销商05,O-D005-2026Q1-C0025,D005-C0025,2026-03-26,2026Q1,true,47533.97,桂中,erp:order:O-D005-2026Q1-C0025
tenant-demo,D005,经销商05,O-D005-2026Q2-C0025,D005-C0025,2026-05-28,2026Q2,false,20699.02,桂中,erp:order:O-D005-2026Q2-C0025
tenant-demo,D005,经销商05,O-D005-2026Q1-C0026,D005-C0026,2026-02-13,2026Q1,false,9580.25,桂中,erp:order:O-D005-2026Q1-C0026
tenant-demo,D005,经销商05,O-D005-2026Q2-C0026,D005-C0026,2026-05-15,2026Q2,true,15078.0,桂中,erp:order:O-D005-2026Q2-C0026
tenant-demo,D005,经销商05,O-D005-2026Q1-C0027,D005-C0027,2026-03-24,2026Q1,false,32754.15,桂中,erp:order:O-D005-2026Q1-C0027
tenant-demo,D005,经销商05,O-D005-2026Q2-C0027,D005-C0027,2026-06-13,2026Q2,true,31462.77,桂中,erp:order:O-D005-2026Q2-C0027
tenant-demo,D005,经销商05,O-D005-2026Q1-C0028,D005-C0028,2026-02-14,2026Q1,false,38180.1,桂中,erp:order:O-D005-2026Q1-C0028
tenant-demo,D005,经销商05,O-D005-2026Q2-C0028,D005-C0028,2026-04-04,2026Q2,false,46423.01,桂中,erp:order:O-D005-2026Q2-C0028
tenant-demo,D005,经销商05,O-D005-2026Q1-C0029,D005-C0029,2026-03-02,2026Q1,false,33320.15,桂中,erp:order:O-D005-2026Q1-C0029
tenant-demo,D005,经销商05,O-D005-2026Q2-C0029,D005-C0029,2026-04-16,2026Q2,false,14846.79,桂中,erp:order:O-D005-2026Q2-C0029
tenant-demo,D005,经销商05,O-D005-2026Q1-C0030,D005-C0030,2026-03-08,2026Q1,false,21527.43,桂中,erp:order:O-D005-2026Q1-C0030
tenant-demo,D005,经销商05,O-D005-2026Q2-C0030,D005-C0030,2026-06-16,2026Q2,false,31462.93,桂中,erp:order:O-D005-2026Q2-C0030
tenant-demo,D005,经销商05,O-D005-2026Q1-C0031,D005-C0031,2026-03-23,2026Q1,false,48429.48,桂中,erp:order:O-D005-2026Q1-C0031
tenant-demo,D005,经销商05,O-D005-2026Q2-C0031,D005-C0031,2026-05-26,2026Q2,true,7532.11,桂中,erp:order:O-D005-2026Q2-C0031
tenant-demo,D005,经销商05,O-D005-2026Q1-C0032,D005-C0032,2026-03-24,2026Q1,false,26054.7,桂中,erp:order:O-D005-2026Q1-C0032
tenant-demo,D005,经销商05,O-D005-2026Q2-C0032,D005-C0032,2026-05-23,2026Q2,true,30553.11,桂中,erp:order:O-D005-2026Q2-C0032
tenant-demo,D005,经销商05,O-D005-2026Q1-C0033,D005-C0033,2026-03-16,2026Q1,false,12831.15,桂中,erp:order:O-D005-2026Q1-C0033
tenant-demo,D005,经销商05,O-D005-2026Q2-C0033,D005-C0033,2026-05-11,2026Q2,false,45952.19,桂中,erp:order:O-D005-2026Q2-C0033
tenant-demo,D005,经销商05,O-D005-2026Q1-C0034,D005-C0034,2026-01-25,2026Q1,false,43615.1,桂中,erp:order:O-D005-2026Q1-C0034
tenant-demo,D005,经销商05,O-D005-2026Q2-C0034,D005-C0034,2026-06-06,2026Q2,false,13043.22,桂中,erp:order:O-D005-2026Q2-C0034
tenant-demo,D005,经销商05,O-D005-2026Q1-C0035,D005-C0035,2026-01-23,2026Q1,true,7412.78,桂中,erp:order:O-D005-2026Q1-C0035
tenant-demo,D005,经销商05,O-D005-2026Q2-C0035,D005-C0035,2026-04-22,2026Q2,false,24647.0,桂中,erp:order:O-D005-2026Q2-C0035
tenant-demo,D005,经销商05,O-D005-2026Q1-C0036,D005-C0036,2026-03-26,2026Q1,false,13535.41,桂中,erp:order:O-D005-2026Q1-C0036
tenant-demo,D005,经销商05,O-D005-2026Q2-C0036,D005-C0036,2026-04-13,2026Q2,true,31863.12,桂中,erp:order:O-D005-2026Q2-C0036
tenant-demo,D005,经销商05,O-D005-2026Q1-C0037,D005-C0037,2026-02-15,2026Q1,true,8514.92,桂中,erp:order:O-D005-2026Q1-C0037
tenant-demo,D005,经销商05,O-D005-2026Q2-C0037,D005-C0037,2026-06-14,2026Q2,false,25118.3,桂中,erp:order:O-D005-2026Q2-C0037
tenant-demo,D005,经销商05,O-D005-2026Q1-C0038,D005-C0038,2026-03-15,2026Q1,false,32257.5,桂中,erp:order:O-D005-2026Q1-C0038
tenant-demo,D005,经销商05,O-D005-2026Q2-C0038,D005-C0038,2026-06-18,2026Q2,true,5503.32,桂中,erp:order:O-D005-2026Q2-C0038
tenant-demo,D005,经销商05,O-D005-2026Q1-C0039,D005-C0039,2026-01-26,2026Q1,false,34543.97,桂中,erp:order:O-D005-2026Q1-C0039
tenant-demo,D005,经销商05,O-D005-2026Q2-C0039,D005-C0039,2026-06-02,2026Q2,false,7667.62,桂中,erp:order:O-D005-2026Q2-C0039
tenant-demo,D005,经销商05,O-D005-2026Q1-C0040,D005-C0040,2026-02-14,2026Q1,true,43194.96,桂中,erp:order:O-D005-2026Q1-C0040
tenant-demo,D005,经销商05,O-D005-2026Q2-C0040,D005-C0040,2026-06-20,2026Q2,false,20311.57,桂中,erp:order:O-D005-2026Q2-C0040
tenant-demo,D005,经销商05,O-D005-2026Q1-C0041,D005-C0041,2026-02-22,2026Q1,false,25031.29,桂中,erp:order:O-D005-2026Q1-C0041
tenant-demo,D005,经销商05,O-D005-2026Q2-C0041,D005-C0041,2026-06-16,2026Q2,true,24303.67,桂中,erp:order:O-D005-2026Q2-C0041
tenant-demo,D005,经销商05,O-D005-2026Q1-C0042,D005-C0042,2026-01-19,2026Q1,true,36370.41,桂中,erp:order:O-D005-2026Q1-C0042
tenant-demo,D005,经销商05,O-D005-2026Q2-C0042,D005-C0042,2026-04-11,2026Q2,true,31340.8,桂中,erp:order:O-D005-2026Q2-C0042
tenant-demo,D005,经销商05,O-D005-2026Q1-C0043,D005-C0043,2026-01-13,2026Q1,true,47144.85,桂中,erp:order:O-D005-2026Q1-C0043
tenant-demo,D005,经销商05,O-D005-2026Q2-C0043,D005-C0043,2026-04-08,2026Q2,true,15781.73,桂中,erp:order:O-D005-2026Q2-C0043
tenant-demo,D005,经销商05,O-D005-2026Q1-C0044,D005-C0044,2026-02-22,2026Q1,true,20330.82,桂中,erp:order:O-D005-2026Q1-C0044
tenant-demo,D005,经销商05,O-D005-2026Q2-C0044,D005-C0044,2026-05-15,2026Q2,false,14554.92,桂中,erp:order:O-D005-2026Q2-C0044
tenant-demo,D005,经销商05,O-D005-2026Q1-C0045,D005-C0045,2026-01-17,2026Q1,false,37760.02,桂中,erp:order:O-D005-2026Q1-C0045
tenant-demo,D005,经销商05,O-D005-2026Q2-C0045,D005-C0045,2026-04-09,2026Q2,true,14375.0,桂中,erp:order:O-D005-2026Q2-C0045
tenant-demo,D005,经销商05,O-D005-2026Q1-C0046,D005-C0046,2026-02-21,2026Q1,false,24006.21,桂中,erp:order:O-D005-2026Q1-C0046
tenant-demo,D005,经销商05,O-D005-2026Q2-C0046,D005-C0046,2026-04-05,2026Q2,false,35185.05,桂中,erp:order:O-D005-2026Q2-C0046
tenant-demo,D005,经销商05,O-D005-2026Q1-C0047,D005-C0047,2026-02-08,2026Q1,false,41314.59,桂中,erp:order:O-D005-2026Q1-C0047
tenant-demo,D005,经销商05,O-D005-2026Q2-C0047,D005-C0047,2026-04-04,2026Q2,false,46063.94,桂中,erp:order:O-D005-2026Q2-C0047
tenant-demo,D005,经销商05,O-D005-2026Q1-C0048,D005-C0048,2026-01-25,2026Q1,true,35776.98,桂中,erp:order:O-D005-2026Q1-C0048
tenant-demo,D005,经销商05,O-D005-2026Q2-C0048,D005-C0048,2026-06-11,2026Q2,false,45933.68,桂中,erp:order:O-D005-2026Q2-C0048
tenant-demo,D005,经销商05,O-D005-2026Q1-C0049,D005-C0049,2026-01-20,2026Q1,true,28413.25,桂中,erp:order:O-D005-2026Q1-C0049
tenant-demo,D005,经销商05,O-D005-2026Q2-C0049,D005-C0049,2026-06-15,2026Q2,false,45221.38,桂中,erp:order:O-D005-2026Q2-C0049
tenant-demo,D005,经销商05,O-D005-2026Q1-C0050,D005-C0050,2026-03-09,2026Q1,false,31796.7,桂中,erp:order:O-D005-2026Q1-C0050
tenant-demo,D005,经销商05,O-D005-2026Q2-C0050,D005-C0050,2026-04-28,2026Q2,false,7835.51,桂中,erp:order:O-D005-2026Q2-C0050
tenant-demo,D005,经销商05,O-D005-2026Q1-C0051,D005-C0051,2026-03-14,2026Q1,false,47123.89,桂中,erp:order:O-D005-2026Q1-C0051
tenant-demo,D005,经销商05,O-D005-2026Q2-C0051,D005-C0051,2026-04-27,2026Q2,true,43607.02,桂中,erp:order:O-D005-2026Q2-C0051
tenant-demo,D005,经销商05,O-D005-2026Q1-C0052,D005-C0052,2026-03-10,2026Q1,false,41839.52,桂中,erp:order:O-D005-2026Q1-C0052
tenant-demo,D005,经销商05,O-D005-2026Q2-C0052,D005-C0052,2026-04-08,2026Q2,true,16245.28,桂中,erp:order:O-D005-2026Q2-C0052
tenant-demo,D005,经销商05,O-D005-2026Q1-C0053,D005-C0053,2026-03-16,2026Q1,false,26083.31,桂中,erp:order:O-D005-2026Q1-C0053
tenant-demo,D005,经销商05,O-D005-2026Q2-C0053,D005-C0053,2026-06-27,2026Q2,true,46089.59,桂中,erp:order:O-D005-2026Q2-C0053
tenant-demo,D005,经销商05,O-D005-2026Q1-C0054,D005-C0054,2026-02-13,2026Q1,false,5453.61,桂中,erp:order:O-D005-2026Q1-C0054
tenant-demo,D005,经销商05,O-D005-2026Q2-C0054,D005-C0054,2026-06-08,2026Q2,false,7136.94,桂中,erp:order:O-D005-2026Q2-C0054
tenant-demo,D005,经销商05,O-D005-2026Q1-C0055,D005-C0055,2026-02-01,2026Q1,false,19125.85,桂中,erp:order:O-D005-2026Q1-C0055
tenant-demo,D005,经销商05,O-D005-2026Q2-C0055,D005-C0055,2026-06-03,2026Q2,false,27302.67,桂中,erp:order:O-D005-2026Q2-C0055
tenant-demo,D005,经销商05,O-D005-2026Q1-C0056,D005-C0056,2026-01-28,2026Q1,true,7903.46,桂中,erp:order:O-D005-2026Q1-C0056
tenant-demo,D005,经销商05,O-D005-2026Q2-C0056,D005-C0056,2026-04-12,2026Q2,true,7407.5,桂中,erp:order:O-D005-2026Q2-C0056
tenant-demo,D005,经销商05,O-D005-2026Q1-C0057,D005-C0057,2026-02-08,2026Q1,false,36356.68,桂中,erp:order:O-D005-2026Q1-C0057
tenant-demo,D005,经销商05,O-D005-2026Q2-C0057,D005-C0057,2026-06-24,2026Q2,true,12025.74,桂中,erp:order:O-D005-2026Q2-C0057
tenant-demo,D005,经销商05,O-D005-2026Q1-C0058,D005-C0058,2026-02-16,2026Q1,true,34036.34,桂中,erp:order:O-D005-2026Q1-C0058
tenant-demo,D005,经销商05,O-D005-2026Q2-C0058,D005-C0058,2026-04-16,2026Q2,false,34439.71,桂中,erp:order:O-D005-2026Q2-C0058
tenant-demo,D005,经销商05,O-D005-2026Q1-C0059,D005-C0059,2026-03-27,2026Q1,true,40549.07,桂中,erp:order:O-D005-2026Q1-C0059
tenant-demo,D005,经销商05,O-D005-2026Q2-C0059,D005-C0059,2026-04-09,2026Q2,false,37714.85,桂中,erp:order:O-D005-2026Q2-C0059
tenant-demo,D005,经销商05,O-D005-2026Q1-C0060,D005-C0060,2026-02-18,2026Q1,false,31545.46,桂中,erp:order:O-D005-2026Q1-C0060
tenant-demo,D005,经销商05,O-D005-2026Q2-C0060,D005-C0060,2026-04-07,2026Q2,false,39298.35,桂中,erp:order:O-D005-2026Q2-C0060
tenant-demo,D005,经销商05,O-D005-2026Q1-C0061,D005-C0061,2026-03-03,2026Q1,true,41789.53,桂中,erp:order:O-D005-2026Q1-C0061
tenant-demo,D005,经销商05,O-D005-2026Q2-C0061,D005-C0061,2026-06-16,2026Q2,true,6480.55,桂中,erp:order:O-D005-2026Q2-C0061
tenant-demo,D005,经销商05,O-D005-2026Q1-C0062,D005-C0062,2026-02-21,2026Q1,false,32172.5,桂中,erp:order:O-D005-2026Q1-C0062
tenant-demo,D005,经销商05,O-D005-2026Q2-C0062,D005-C0062,2026-05-12,2026Q2,false,15327.06,桂中,erp:order:O-D005-2026Q2-C0062
tenant-demo,D005,经销商05,O-D005-2026Q1-C0063,D005-C0063,2026-02-08,2026Q1,false,45762.2,桂中,erp:order:O-D005-2026Q1-C0063
tenant-demo,D005,经销商05,O-D005-2026Q2-C0063,D005-C0063,2026-04-21,2026Q2,true,5995.37,桂中,erp:order:O-D005-2026Q2-C0063
tenant-demo,D005,经销商05,O-D005-2026Q1-C0064,D005-C0064,2026-02-06,2026Q1,true,43402.69,桂中,erp:order:O-D005-2026Q1-C0064
tenant-demo,D005,经销商05,O-D005-2026Q2-C0064,D005-C0064,2026-04-02,2026Q2,false,30732.18,桂中,erp:order:O-D005-2026Q2-C0064
tenant-demo,D005,经销商05,O-D005-2026Q1-C0065,D005-C0065,2026-03-02,2026Q1,false,23143.49,桂中,erp:order:O-D005-2026Q1-C0065
tenant-demo,D005,经销商05,O-D005-2026Q2-C0065,D005-C0065,2026-05-05,2026Q2,true,36631.8,桂中,erp:order:O-D005-2026Q2-C0065
tenant-demo,D005,经销商05,O-D005-2026Q1-C0066,D005-C0066,2026-03-07,2026Q1,true,45682.85,桂中,erp:order:O-D005-2026Q1-C0066
tenant-demo,D005,经销商05,O-D005-2026Q2-C0066,D005-C0066,2026-06-05,2026Q2,false,44714.76,桂中,erp:order:O-D005-2026Q2-C0066
tenant-demo,D005,经销商05,O-D005-2026Q1-C0067,D005-C0067,2026-01-25,2026Q1,true,30542.79,桂中,erp:order:O-D005-2026Q1-C0067
tenant-demo,D005,经销商05,O-D005-2026Q2-C0067,D005-C0067,2026-06-09,2026Q2,true,11658.22,桂中,erp:order:O-D005-2026Q2-C0067
tenant-demo,D005,经销商05,O-D005-2026Q1-C0068,D005-C0068,2026-02-12,2026Q1,false,44808.28,桂中,erp:order:O-D005-2026Q1-C0068
tenant-demo,D005,经销商05,O-D005-2026Q2-C0068,D005-C0068,2026-06-08,2026Q2,true,29338.48,桂中,erp:order:O-D005-2026Q2-C0068
tenant-demo,D005,经销商05,O-D005-2026Q1-C0069,D005-C0069,2026-01-26,2026Q1,false,37243.54,桂中,erp:order:O-D005-2026Q1-C0069
tenant-demo,D005,经销商05,O-D005-2026Q2-C0069,D005-C0069,2026-06-27,2026Q2,true,20853.89,桂中,erp:order:O-D005-2026Q2-C0069
tenant-demo,D005,经销商05,O-D005-2026Q1-C0070,D005-C0070,2026-03-11,2026Q1,false,10688.64,桂中,erp:order:O-D005-2026Q1-C0070
tenant-demo,D005,经销商05,O-D005-2026Q2-C0070,D005-C0070,2026-06-16,2026Q2,true,48494.37,桂中,erp:order:O-D005-2026Q2-C0070
tenant-demo,D005,经销商05,O-D005-2026Q1-C0071,D005-C0071,2026-01-08,2026Q1,true,11524.71,桂中,erp:order:O-D005-2026Q1-C0071
tenant-demo,D005,经销商05,O-D005-2026Q2-C0071,D005-C0071,2026-05-08,2026Q2,false,14688.3,桂中,erp:order:O-D005-2026Q2-C0071
tenant-demo,D005,经销商05,O-D005-2026Q1-C0072,D005-C0072,2026-03-23,2026Q1,true,31993.24,桂中,erp:order:O-D005-2026Q1-C0072
tenant-demo,D005,经销商05,O-D005-2026Q2-C0072,D005-C0072,2026-06-11,2026Q2,true,19839.67,桂中,erp:order:O-D005-2026Q2-C0072
tenant-demo,D005,经销商05,O-D005-2026Q1-C0073,D005-C0073,2026-01-17,2026Q1,false,37508.39,桂中,erp:order:O-D005-2026Q1-C0073
tenant-demo,D005,经销商05,O-D005-2026Q2-C0073,D005-C0073,2026-05-12,2026Q2,false,17174.99,桂中,erp:order:O-D005-2026Q2-C0073
tenant-demo,D005,经销商05,O-D005-2026Q1-C0074,D005-C0074,2026-02-02,2026Q1,false,39606.13,桂中,erp:order:O-D005-2026Q1-C0074
tenant-demo,D005,经销商05,O-D005-2026Q2-C0074,D005-C0074,2026-06-09,2026Q2,true,25684.29,桂中,erp:order:O-D005-2026Q2-C0074
tenant-demo,D005,经销商05,O-D005-2026Q1-C0075,D005-C0075,2026-02-02,2026Q1,false,24564.53,桂中,erp:order:O-D005-2026Q1-C0075
tenant-demo,D005,经销商05,O-D005-2026Q2-C0075,D005-C0075,2026-06-26,2026Q2,true,35116.67,桂中,erp:order:O-D005-2026Q2-C0075
tenant-demo,D005,经销商05,O-D005-2026Q1-C0076,D005-C0076,2026-02-26,2026Q1,false,48031.49,桂中,erp:order:O-D005-2026Q1-C0076
tenant-demo,D005,经销商05,O-D005-2026Q2-C0076,D005-C0076,2026-04-24,2026Q2,false,15189.53,桂中,erp:order:O-D005-2026Q2-C0076
tenant-demo,D005,经销商05,O-D005-2026Q1-C0077,D005-C0077,2026-03-22,2026Q1,true,33917.13,桂中,erp:order:O-D005-2026Q1-C0077
tenant-demo,D005,经销商05,O-D005-2026Q2-C0077,D005-C0077,2026-05-07,2026Q2,true,13829.22,桂中,erp:order:O-D005-2026Q2-C0077
tenant-demo,D005,经销商05,O-D005-2026Q1-C0078,D005-C0078,2026-02-16,2026Q1,false,45661.73,桂中,erp:order:O-D005-2026Q1-C0078
tenant-demo,D005,经销商05,O-D005-2026Q2-C0078,D005-C0078,2026-04-18,2026Q2,true,31008.97,桂中,erp:order:O-D005-2026Q2-C0078
tenant-demo,D005,经销商05,O-D005-2026Q1-C0079,D005-C0079,2026-01-27,2026Q1,true,5737.49,桂中,erp:order:O-D005-2026Q1-C0079
tenant-demo,D005,经销商05,O-D005-2026Q2-C0079,D005-C0079,2026-04-07,2026Q2,false,20764.01,桂中,erp:order:O-D005-2026Q2-C0079
tenant-demo,D005,经销商05,O-D005-2026Q1-C0080,D005-C0080,2026-03-06,2026Q1,false,15660.28,桂中,erp:order:O-D005-2026Q1-C0080
tenant-demo,D005,经销商05,O-D005-2026Q2-C0080,D005-C0080,2026-05-08,2026Q2,true,40772.27,桂中,erp:order:O-D005-2026Q2-C0080
tenant-demo,D005,经销商05,O-D005-2026Q1-C0081,D005-C0081,2026-03-01,2026Q1,false,15465.34,桂中,erp:order:O-D005-2026Q1-C0081
tenant-demo,D005,经销商05,O-D005-2026Q2-C0081,D005-C0081,2026-05-02,2026Q2,false,20626.84,桂中,erp:order:O-D005-2026Q2-C0081
tenant-demo,D005,经销商05,O-D005-2026Q1-C0082,D005-C0082,2026-02-26,2026Q1,true,12770.63,桂中,erp:order:O-D005-2026Q1-C0082
tenant-demo,D005,经销商05,O-D005-2026Q2-C0082,D005-C0082,2026-05-02,2026Q2,true,13568.43,桂中,erp:order:O-D005-2026Q2-C0082
tenant-demo,D005,经销商05,O-D005-2026Q1-C0083,D005-C0083,2026-02-01,2026Q1,true,16343.94,桂中,erp:order:O-D005-2026Q1-C0083
tenant-demo,D005,经销商05,O-D005-2026Q2-C0083,D005-C0083,2026-04-25,2026Q2,false,31809.28,桂中,erp:order:O-D005-2026Q2-C0083
tenant-demo,D005,经销商05,O-D005-2026Q1-C0084,D005-C0084,2026-03-05,2026Q1,false,12551.84,桂中,erp:order:O-D005-2026Q1-C0084
tenant-demo,D005,经销商05,O-D005-2026Q2-C0084,D005-C0084,2026-05-19,2026Q2,true,23621.03,桂中,erp:order:O-D005-2026Q2-C0084
tenant-demo,D005,经销商05,O-D005-2026Q1-C0085,D005-C0085,2026-03-16,2026Q1,false,13380.11,桂中,erp:order:O-D005-2026Q1-C0085
tenant-demo,D005,经销商05,O-D005-2026Q2-C0085,D005-C0085,2026-06-03,2026Q2,false,25201.97,桂中,erp:order:O-D005-2026Q2-C0085
tenant-demo,D005,经销商05,O-D005-2026Q1-C0086,D005-C0086,2026-01-20,2026Q1,true,39234.12,桂中,erp:order:O-D005-2026Q1-C0086
tenant-demo,D005,经销商05,O-D005-2026Q2-C0086,D005-C0086,2026-06-13,2026Q2,false,39649.67,桂中,erp:order:O-D005-2026Q2-C0086
tenant-demo,D005,经销商05,O-D005-2026Q1-C0087,D005-C0087,2026-01-28,2026Q1,true,7337.88,桂中,erp:order:O-D005-2026Q1-C0087
tenant-demo,D005,经销商05,O-D005-2026Q2-C0087,D005-C0087,2026-05-27,2026Q2,false,14725.73,桂中,erp:order:O-D005-2026Q2-C0087
tenant-demo,D005,经销商05,O-D005-2026Q1-C0088,D005-C0088,2026-02-22,2026Q1,false,37224.43,桂中,erp:order:O-D005-2026Q1-C0088
tenant-demo,D005,经销商05,O-D005-2026Q2-C0088,D005-C0088,2026-04-28,2026Q2,false,13524.17,桂中,erp:order:O-D005-2026Q2-C0088
tenant-demo,D005,经销商05,O-D005-2026Q1-C0089,D005-C0089,2026-01-08,2026Q1,false,31244.44,桂中,erp:order:O-D005-2026Q1-C0089
tenant-demo,D005,经销商05,O-D005-2026Q2-C0089,D005-C0089,2026-06-02,2026Q2,true,21049.56,桂中,erp:order:O-D005-2026Q2-C0089
tenant-demo,D005,经销商05,O-D005-2026Q1-C0090,D005-C0090,2026-02-28,2026Q1,true,38323.08,桂中,erp:order:O-D005-2026Q1-C0090
tenant-demo,D005,经销商05,O-D005-2026Q2-C0090,D005-C0090,2026-05-07,2026Q2,false,49221.81,桂中,erp:order:O-D005-2026Q2-C0090
tenant-demo,D005,经销商05,O-D005-2026Q1-C0091,D005-C0091,2026-02-15,2026Q1,false,46760.42,桂中,erp:order:O-D005-2026Q1-C0091
tenant-demo,D005,经销商05,O-D005-2026Q2-C0091,D005-C0091,2026-04-16,2026Q2,false,13620.32,桂中,erp:order:O-D005-2026Q2-C0091
tenant-demo,D005,经销商05,O-D005-2026Q1-C0092,D005-C0092,2026-02-02,2026Q1,true,49767.74,桂中,erp:order:O-D005-2026Q1-C0092
tenant-demo,D005,经销商05,O-D005-2026Q2-C0092,D005-C0092,2026-06-28,2026Q2,false,21646.55,桂中,erp:order:O-D005-2026Q2-C0092
tenant-demo,D005,经销商05,O-D005-2026Q1-C0093,D005-C0093,2026-02-10,2026Q1,false,46853.08,桂中,erp:order:O-D005-2026Q1-C0093
tenant-demo,D005,经销商05,O-D005-2026Q2-C0093,D005-C0093,2026-05-17,2026Q2,false,48961.57,桂中,erp:order:O-D005-2026Q2-C0093
tenant-demo,D005,经销商05,O-D005-2026Q1-C0094,D005-C0094,2026-01-13,2026Q1,false,35814.39,桂中,erp:order:O-D005-2026Q1-C0094
tenant-demo,D005,经销商05,O-D005-2026Q2-C0094,D005-C0094,2026-06-02,2026Q2,false,33153.71,桂中,erp:order:O-D005-2026Q2-C0094
tenant-demo,D005,经销商05,O-D005-2026Q1-C0095,D005-C0095,2026-01-04,2026Q1,true,37866.0,桂中,erp:order:O-D005-2026Q1-C0095
tenant-demo,D005,经销商05,O-D005-2026Q2-C0095,D005-C0095,2026-05-24,2026Q2,false,37754.66,桂中,erp:order:O-D005-2026Q2-C0095
tenant-demo,D005,经销商05,O-D005-2026Q1-C0096,D005-C0096,2026-03-14,2026Q1,false,14828.75,桂中,erp:order:O-D005-2026Q1-C0096
tenant-demo,D005,经销商05,O-D005-2026Q2-C0096,D005-C0096,2026-04-22,2026Q2,false,30378.87,桂中,erp:order:O-D005-2026Q2-C0096
tenant-demo,D005,经销商05,O-D005-2026Q1-C0097,D005-C0097,2026-02-21,2026Q1,true,39904.33,桂中,erp:order:O-D005-2026Q1-C0097
tenant-demo,D005,经销商05,O-D005-2026Q2-C0097,D005-C0097,2026-06-19,2026Q2,false,10144.91,桂中,erp:order:O-D005-2026Q2-C0097
tenant-demo,D005,经销商05,O-D005-2026Q1-C0098,D005-C0098,2026-01-26,2026Q1,true,49861.0,桂中,erp:order:O-D005-2026Q1-C0098
tenant-demo,D005,经销商05,O-D005-2026Q2-C0098,D005-C0098,2026-06-12,2026Q2,true,47927.76,桂中,erp:order:O-D005-2026Q2-C0098
tenant-demo,D005,经销商05,O-D005-2026Q1-C0099,D005-C0099,2026-03-25,2026Q1,false,30107.33,桂中,erp:order:O-D005-2026Q1-C0099
tenant-demo,D005,经销商05,O-D005-2026Q2-C0099,D005-C0099,2026-04-14,2026Q2,false,43078.05,桂中,erp:order:O-D005-2026Q2-C0099
tenant-demo,D005,经销商05,O-D005-2026Q1-C0100,D005-C0100,2026-01-09,2026Q1,true,12997.89,桂中,erp:order:O-D005-2026Q1-C0100
tenant-demo,D005,经销商05,O-D005-2026Q2-C0100,D005-C0100,2026-06-14,2026Q2,true,39830.2,桂中,erp:order:O-D005-2026Q2-C0100
tenant-demo,D005,经销商05,O-D005-2026Q1-C0101,D005-C0101,2026-01-19,2026Q1,false,11894.45,桂中,erp:order:O-D005-2026Q1-C0101
tenant-demo,D005,经销商05,O-D005-2026Q2-C0101,D005-C0101,2026-05-10,2026Q2,false,45437.13,桂中,erp:order:O-D005-2026Q2-C0101
tenant-demo,D005,经销商05,O-D005-2026Q1-C0102,D005-C0102,2026-02-14,2026Q1,false,39123.87,桂中,erp:order:O-D005-2026Q1-C0102
tenant-demo,D005,经销商05,O-D005-2026Q2-C0102,D005-C0102,2026-06-23,2026Q2,false,12045.51,桂中,erp:order:O-D005-2026Q2-C0102
tenant-demo,D005,经销商05,O-D005-2026Q1-C0103,D005-C0103,2026-03-04,2026Q1,false,16788.21,桂中,erp:order:O-D005-2026Q1-C0103
tenant-demo,D005,经销商05,O-D005-2026Q2-C0103,D005-C0103,2026-04-02,2026Q2,true,11412.12,桂中,erp:order:O-D005-2026Q2-C0103
tenant-demo,D005,经销商05,O-D005-2026Q1-C0104,D005-C0104,2026-03-17,2026Q1,false,25079.97,桂中,erp:order:O-D005-2026Q1-C0104
tenant-demo,D005,经销商05,O-D005-2026Q2-C0104,D005-C0104,2026-06-28,2026Q2,false,49844.65,桂中,erp:order:O-D005-2026Q2-C0104
tenant-demo,D005,经销商05,O-D005-2026Q1-C0105,D005-C0105,2026-02-20,2026Q1,true,44160.17,桂中,erp:order:O-D005-2026Q1-C0105
tenant-demo,D005,经销商05,O-D005-2026Q2-C0105,D005-C0105,2026-04-16,2026Q2,true,36191.17,桂中,erp:order:O-D005-2026Q2-C0105
tenant-demo,D005,经销商05,O-D005-2026Q1-C0106,D005-C0106,2026-01-01,2026Q1,false,15882.65,桂中,erp:order:O-D005-2026Q1-C0106
tenant-demo,D005,经销商05,O-D005-2026Q2-C0106,D005-C0106,2026-06-09,2026Q2,false,36642.69,桂中,erp:order:O-D005-2026Q2-C0106
tenant-demo,D005,经销商05,O-D005-2026Q1-C0107,D005-C0107,2026-03-24,2026Q1,true,10002.05,桂中,erp:order:O-D005-2026Q1-C0107
tenant-demo,D005,经销商05,O-D005-2026Q2-C0107,D005-C0107,2026-04-12,2026Q2,true,13126.38,桂中,erp:order:O-D005-2026Q2-C0107
tenant-demo,D005,经销商05,O-D005-2026Q1-C0108,D005-C0108,2026-03-03,2026Q1,false,40691.16,桂中,erp:order:O-D005-2026Q1-C0108
tenant-demo,D005,经销商05,O-D005-2026Q2-C0108,D005-C0108,2026-06-19,2026Q2,true,32006.76,桂中,erp:order:O-D005-2026Q2-C0108
tenant-demo,D005,经销商05,O-D005-2026Q1-C0109,D005-C0109,2026-02-17,2026Q1,true,32923.34,桂中,erp:order:O-D005-2026Q1-C0109
tenant-demo,D005,经销商05,O-D005-2026Q2-C0109,D005-C0109,2026-04-17,2026Q2,true,11640.87,桂中,erp:order:O-D005-2026Q2-C0109
tenant-demo,D005,经销商05,O-D005-2026Q1-C0110,D005-C0110,2026-02-13,2026Q1,false,44025.13,桂中,erp:order:O-D005-2026Q1-C0110
tenant-demo,D005,经销商05,O-D005-2026Q2-C0110,D005-C0110,2026-04-14,2026Q2,false,39802.68,桂中,erp:order:O-D005-2026Q2-C0110
tenant-demo,D005,经销商05,O-D005-2026Q1-C0111,D005-C0111,2026-01-01,2026Q1,true,27731.05,桂中,erp:order:O-D005-2026Q1-C0111
tenant-demo,D005,经销商05,O-D005-2026Q2-C0111,D005-C0111,2026-05-17,2026Q2,true,13306.42,桂中,erp:order:O-D005-2026Q2-C0111
tenant-demo,D005,经销商05,O-D005-2026Q1-C0112,D005-C0112,2026-01-23,2026Q1,false,22315.06,桂中,erp:order:O-D005-2026Q1-C0112
tenant-demo,D005,经销商05,O-D005-2026Q2-C0112,D005-C0112,2026-05-01,2026Q2,true,16125.58,桂中,erp:order:O-D005-2026Q2-C0112
tenant-demo,D005,经销商05,O-D005-2026Q1-C0113,D005-C0113,2026-01-25,2026Q1,false,33503.67,桂中,erp:order:O-D005-2026Q1-C0113
tenant-demo,D005,经销商05,O-D005-2026Q2-C0113,D005-C0113,2026-06-05,2026Q2,true,15191.6,桂中,erp:order:O-D005-2026Q2-C0113
tenant-demo,D005,经销商05,O-D005-2026Q1-C0114,D005-C0114,2026-01-03,2026Q1,true,31703.68,桂中,erp:order:O-D005-2026Q1-C0114
tenant-demo,D005,经销商05,O-D005-2026Q2-C0114,D005-C0114,2026-04-03,2026Q2,false,31993.88,桂中,erp:order:O-D005-2026Q2-C0114
tenant-demo,D005,经销商05,O-D005-2026Q1-C0115,D005-C0115,2026-02-16,2026Q1,false,18731.15,桂中,erp:order:O-D005-2026Q1-C0115
tenant-demo,D005,经销商05,O-D005-2026Q2-C0115,D005-C0115,2026-04-20,2026Q2,false,48932.93,桂中,erp:order:O-D005-2026Q2-C0115
tenant-demo,D005,经销商05,O-D005-2026Q1-C0116,D005-C0116,2026-03-26,2026Q1,true,44748.17,桂中,erp:order:O-D005-2026Q1-C0116
tenant-demo,D005,经销商05,O-D005-2026Q2-C0116,D005-C0116,2026-04-06,2026Q2,true,24508.59,桂中,erp:order:O-D005-2026Q2-C0116
tenant-demo,D005,经销商05,O-D005-2026Q1-C0117,D005-C0117,2026-03-18,2026Q1,true,33867.78,桂中,erp:order:O-D005-2026Q1-C0117
tenant-demo,D005,经销商05,O-D005-2026Q2-C0117,D005-C0117,2026-04-10,2026Q2,false,44138.61,桂中,erp:order:O-D005-2026Q2-C0117
tenant-demo,D005,经销商05,O-D005-2026Q1-C0118,D005-C0118,2026-01-10,2026Q1,true,22040.31,桂中,erp:order:O-D005-2026Q1-C0118
tenant-demo,D005,经销商05,O-D005-2026Q2-C0118,D005-C0118,2026-04-05,2026Q2,false,37741.57,桂中,erp:order:O-D005-2026Q2-C0118
tenant-demo,D005,经销商05,O-D005-2026Q1-C0119,D005-C0119,2026-03-22,2026Q1,false,17838.5,桂中,erp:order:O-D005-2026Q1-C0119
tenant-demo,D005,经销商05,O-D005-2026Q2-C0119,D005-C0119,2026-06-20,2026Q2,true,39876.16,桂中,erp:order:O-D005-2026Q2-C0119
tenant-demo,D005,经销商05,O-D005-2026Q1-C0120,D005-C0120,2026-03-10,2026Q1,false,26784.17,桂中,erp:order:O-D005-2026Q1-C0120
tenant-demo,D005,经销商05,O-D005-2026Q2-C0120,D005-C0120,2026-05-25,2026Q2,false,33997.9,桂中,erp:order:O-D005-2026Q2-C0120
tenant-demo,D005,经销商05,O-D005-2026Q1-C0121,D005-C0121,2026-01-01,2026Q1,false,39885.02,桂中,erp:order:O-D005-2026Q1-C0121
tenant-demo,D005,经销商05,O-D005-2026Q2-C0121,D005-C0121,2026-05-09,2026Q2,false,41472.15,桂中,erp:order:O-D005-2026Q2-C0121
tenant-demo,D005,经销商05,O-D005-2026Q1-C0122,D005-C0122,2026-01-13,2026Q1,true,42559.48,桂中,erp:order:O-D005-2026Q1-C0122
tenant-demo,D005,经销商05,O-D005-2026Q2-C0122,D005-C0122,2026-05-16,2026Q2,false,23316.19,桂中,erp:order:O-D005-2026Q2-C0122
tenant-demo,D005,经销商05,O-D005-2026Q1-C0123,D005-C0123,2026-03-26,2026Q1,true,28139.42,桂中,erp:order:O-D005-2026Q1-C0123
tenant-demo,D005,经销商05,O-D005-2026Q2-C0123,D005-C0123,2026-04-15,2026Q2,true,16101.67,桂中,erp:order:O-D005-2026Q2-C0123
tenant-demo,D005,经销商05,O-D005-2026Q1-C0124,D005-C0124,2026-01-15,2026Q1,false,15654.67,桂中,erp:order:O-D005-2026Q1-C0124
tenant-demo,D005,经销商05,O-D005-2026Q2-C0124,D005-C0124,2026-05-14,2026Q2,false,31348.53,桂中,erp:order:O-D005-2026Q2-C0124
tenant-demo,D005,经销商05,O-D005-2026Q1-C0125,D005-C0125,2026-03-12,2026Q1,false,29814.93,桂中,erp:order:O-D005-2026Q1-C0125
tenant-demo,D005,经销商05,O-D005-2026Q2-C0125,D005-C0125,2026-04-12,2026Q2,false,17060.22,桂中,erp:order:O-D005-2026Q2-C0125
tenant-demo,D005,经销商05,O-D005-2026Q1-C0126,D005-C0126,2026-02-13,2026Q1,false,29162.75,桂中,erp:order:O-D005-2026Q1-C0126
tenant-demo,D005,经销商05,O-D005-2026Q2-C0126,D005-C0126,2026-05-01,2026Q2,false,33878.11,桂中,erp:order:O-D005-2026Q2-C0126
tenant-demo,D005,经销商05,O-D005-2026Q1-C0127,D005-C0127,2026-01-05,2026Q1,false,30888.71,桂中,erp:order:O-D005-2026Q1-C0127
tenant-demo,D005,经销商05,O-D005-2026Q2-C0127,D005-C0127,2026-05-27,2026Q2,false,33914.54,桂中,erp:order:O-D005-2026Q2-C0127
tenant-demo,D005,经销商05,O-D005-2026Q1-C0128,D005-C0128,2026-03-13,2026Q1,false,19057.66,桂中,erp:order:O-D005-2026Q1-C0128
tenant-demo,D005,经销商05,O-D005-2026Q2-C0128,D005-C0128,2026-04-14,2026Q2,true,40974.24,桂中,erp:order:O-D005-2026Q2-C0128
tenant-demo,D005,经销商05,O-D005-2026Q1-C0129,D005-C0129,2026-03-13,2026Q1,false,34396.24,桂中,erp:order:O-D005-2026Q1-C0129
tenant-demo,D005,经销商05,O-D005-2026Q2-C0129,D005-C0129,2026-04-24,2026Q2,false,34968.21,桂中,erp:order:O-D005-2026Q2-C0129
tenant-demo,D005,经销商05,O-D005-2026Q1-C0130,D005-C0130,2026-02-03,2026Q1,false,13690.24,桂中,erp:order:O-D005-2026Q1-C0130
tenant-demo,D005,经销商05,O-D005-2026Q2-C0130,D005-C0130,2026-06-17,2026Q2,false,8666.16,桂中,erp:order:O-D005-2026Q2-C0130
tenant-demo,D005,经销商05,O-D005-2026Q1-C0131,D005-C0131,2026-03-10,2026Q1,false,37272.87,桂中,erp:order:O-D005-2026Q1-C0131
tenant-demo,D005,经销商05,O-D005-2026Q2-C0131,D005-C0131,2026-06-28,2026Q2,false,19474.92,桂中,erp:order:O-D005-2026Q2-C0131
tenant-demo,D005,经销商05,O-D005-2026Q1-C0132,D005-C0132,2026-02-26,2026Q1,true,47357.41,桂中,erp:order:O-D005-2026Q1-C0132
tenant-demo,D005,经销商05,O-D005-2026Q2-C0132,D005-C0132,2026-04-21,2026Q2,true,48688.32,桂中,erp:order:O-D005-2026Q2-C0132
tenant-demo,D005,经销商05,O-D005-2026Q1-C0133,D005-C0133,2026-01-09,2026Q1,true,45889.98,桂中,erp:order:O-D005-2026Q1-C0133
tenant-demo,D005,经销商05,O-D005-2026Q2-C0133,D005-C0133,2026-04-17,2026Q2,false,29681.04,桂中,erp:order:O-D005-2026Q2-C0133
tenant-demo,D005,经销商05,O-D005-2026Q1-C0134,D005-C0134,2026-03-11,2026Q1,true,28554.56,桂中,erp:order:O-D005-2026Q1-C0134
tenant-demo,D005,经销商05,O-D005-2026Q2-C0134,D005-C0134,2026-04-01,2026Q2,false,12380.62,桂中,erp:order:O-D005-2026Q2-C0134
tenant-demo,D005,经销商05,O-D005-2026Q1-C0135,D005-C0135,2026-02-14,2026Q1,true,16312.06,桂中,erp:order:O-D005-2026Q1-C0135
tenant-demo,D005,经销商05,O-D005-2026Q2-C0135,D005-C0135,2026-05-28,2026Q2,true,48049.94,桂中,erp:order:O-D005-2026Q2-C0135
tenant-demo,D005,经销商05,O-D005-2026Q1-C0136,D005-C0136,2026-03-06,2026Q1,true,23750.7,桂中,erp:order:O-D005-2026Q1-C0136
tenant-demo,D005,经销商05,O-D005-2026Q2-C0136,D005-C0136,2026-04-03,2026Q2,false,40482.49,桂中,erp:order:O-D005-2026Q2-C0136
tenant-demo,D005,经销商05,O-D005-2026Q1-C0137,D005-C0137,2026-03-08,2026Q1,false,13836.32,桂中,erp:order:O-D005-2026Q1-C0137
tenant-demo,D005,经销商05,O-D005-2026Q2-C0137,D005-C0137,2026-06-18,2026Q2,false,27643.32,桂中,erp:order:O-D005-2026Q2-C0137
tenant-demo,D005,经销商05,O-D005-2026Q1-C0138,D005-C0138,2026-01-28,2026Q1,false,44192.71,桂中,erp:order:O-D005-2026Q1-C0138
tenant-demo,D005,经销商05,O-D005-2026Q2-C0138,D005-C0138,2026-06-19,2026Q2,true,24843.59,桂中,erp:order:O-D005-2026Q2-C0138
tenant-demo,D005,经销商05,O-D005-2026Q1-C0139,D005-C0139,2026-01-16,2026Q1,true,28177.51,桂中,erp:order:O-D005-2026Q1-C0139
tenant-demo,D005,经销商05,O-D005-2026Q2-C0139,D005-C0139,2026-06-15,2026Q2,false,15464.04,桂中,erp:order:O-D005-2026Q2-C0139
tenant-demo,D005,经销商05,O-D005-2026Q1-C0140,D005-C0140,2026-01-12,2026Q1,true,8630.9,桂中,erp:order:O-D005-2026Q1-C0140
tenant-demo,D005,经销商05,O-D005-2026Q2-C0140,D005-C0140,2026-05-07,2026Q2,false,48231.71,桂中,erp:order:O-D005-2026Q2-C0140
tenant-demo,D005,经销商05,O-D005-2026Q1-C0141,D005-C0141,2026-02-04,2026Q1,false,8288.32,桂中,erp:order:O-D005-2026Q1-C0141
tenant-demo,D005,经销商05,O-D005-2026Q2-C0141,D005-C0141,2026-06-02,2026Q2,true,6845.38,桂中,erp:order:O-D005-2026Q2-C0141
tenant-demo,D005,经销商05,O-D005-2026Q1-C0142,D005-C0142,2026-02-04,2026Q1,false,39936.88,桂中,erp:order:O-D005-2026Q1-C0142
tenant-demo,D005,经销商05,O-D005-2026Q2-C0142,D005-C0142,2026-05-12,2026Q2,false,18306.84,桂中,erp:order:O-D005-2026Q2-C0142
tenant-demo,D005,经销商05,O-D005-2026Q1-C0143,D005-C0143,2026-01-03,2026Q1,true,16089.23,桂中,erp:order:O-D005-2026Q1-C0143
tenant-demo,D005,经销商05,O-D005-2026Q2-C0143,D005-C0143,2026-04-22,2026Q2,false,20462.57,桂中,erp:order:O-D005-2026Q2-C0143
tenant-demo,D005,经销商05,O-D005-2026Q1-C0144,D005-C0144,2026-01-27,2026Q1,true,11923.55,桂中,erp:order:O-D005-2026Q1-C0144
tenant-demo,D005,经销商05,O-D005-2026Q2-C0144,D005-C0144,2026-04-08,2026Q2,false,44678.31,桂中,erp:order:O-D005-2026Q2-C0144
tenant-demo,D005,经销商05,O-D005-2026Q1-C0145,D005-C0145,2026-02-27,2026Q1,true,37178.41,桂中,erp:order:O-D005-2026Q1-C0145
tenant-demo,D005,经销商05,O-D005-2026Q2-C0145,D005-C0145,2026-05-21,2026Q2,true,42598.45,桂中,erp:order:O-D005-2026Q2-C0145
tenant-demo,D005,经销商05,O-D005-2026Q1-C0146,D005-C0146,2026-02-04,2026Q1,true,9939.22,桂中,erp:order:O-D005-2026Q1-C0146
tenant-demo,D005,经销商05,O-D005-2026Q2-C0146,D005-C0146,2026-05-22,2026Q2,true,28573.37,桂中,erp:order:O-D005-2026Q2-C0146
tenant-demo,D005,经销商05,O-D005-2026Q1-C0147,D005-C0147,2026-02-27,2026Q1,false,23713.81,桂中,erp:order:O-D005-2026Q1-C0147
tenant-demo,D005,经销商05,O-D005-2026Q2-C0147,D005-C0147,2026-05-17,2026Q2,false,20731.2,桂中,erp:order:O-D005-2026Q2-C0147
tenant-demo,D005,经销商05,O-D005-2026Q1-C0148,D005-C0148,2026-01-06,2026Q1,false,19925.02,桂中,erp:order:O-D005-2026Q1-C0148
tenant-demo,D005,经销商05,O-D005-2026Q2-C0148,D005-C0148,2026-04-06,2026Q2,false,12329.16,桂中,erp:order:O-D005-2026Q2-C0148
tenant-demo,D005,经销商05,O-D005-2026Q1-C0149,D005-C0149,2026-03-12,2026Q1,true,18607.1,桂中,erp:order:O-D005-2026Q1-C0149
tenant-demo,D005,经销商05,O-D005-2026Q2-C0149,D005-C0149,2026-06-21,2026Q2,true,47469.42,桂中,erp:order:O-D005-2026Q2-C0149
tenant-demo,D005,经销商05,O-D005-2026Q1-C0150,D005-C0150,2026-03-12,2026Q1,false,44522.83,桂中,erp:order:O-D005-2026Q1-C0150
tenant-demo,D005,经销商05,O-D005-2026Q2-C0150,D005-C0150,2026-05-27,2026Q2,true,6316.37,桂中,erp:order:O-D005-2026Q2-C0150
tenant-demo,D005,经销商05,O-D005-2026Q1-C0151,D005-C0151,2026-03-05,2026Q1,false,38889.15,桂中,erp:order:O-D005-2026Q1-C0151
tenant-demo,D005,经销商05,O-D005-2026Q2-C0151,D005-C0151,2026-04-12,2026Q2,true,38859.65,桂中,erp:order:O-D005-2026Q2-C0151
tenant-demo,D005,经销商05,O-D005-2026Q1-C0152,D005-C0152,2026-03-12,2026Q1,false,30586.7,桂中,erp:order:O-D005-2026Q1-C0152
tenant-demo,D005,经销商05,O-D005-2026Q2-C0152,D005-C0152,2026-05-26,2026Q2,false,47223.1,桂中,erp:order:O-D005-2026Q2-C0152
tenant-demo,D005,经销商05,O-D005-2026Q1-C0153,D005-C0153,2026-03-03,2026Q1,true,20799.47,桂中,erp:order:O-D005-2026Q1-C0153
tenant-demo,D005,经销商05,O-D005-2026Q2-C0153,D005-C0153,2026-06-24,2026Q2,false,40934.7,桂中,erp:order:O-D005-2026Q2-C0153
tenant-demo,D005,经销商05,O-D005-2026Q1-C0154,D005-C0154,2026-01-13,2026Q1,true,23857.04,桂中,erp:order:O-D005-2026Q1-C0154
tenant-demo,D005,经销商05,O-D005-2026Q2-C0154,D005-C0154,2026-06-10,2026Q2,false,13950.47,桂中,erp:order:O-D005-2026Q2-C0154
tenant-demo,D005,经销商05,O-D005-2026Q1-C0155,D005-C0155,2026-01-22,2026Q1,false,6705.09,桂中,erp:order:O-D005-2026Q1-C0155
tenant-demo,D005,经销商05,O-D005-2026Q2-C0155,D005-C0155,2026-04-28,2026Q2,false,22769.18,桂中,erp:order:O-D005-2026Q2-C0155
tenant-demo,D005,经销商05,O-D005-2026Q1-C0156,D005-C0156,2026-02-10,2026Q1,false,22726.44,桂中,erp:order:O-D005-2026Q1-C0156
tenant-demo,D005,经销商05,O-D005-2026Q2-C0156,D005-C0156,2026-06-13,2026Q2,false,24953.16,桂中,erp:order:O-D005-2026Q2-C0156
tenant-demo,D005,经销商05,O-D005-2026Q1-C0157,D005-C0157,2026-02-03,2026Q1,true,48149.08,桂中,erp:order:O-D005-2026Q1-C0157
tenant-demo,D005,经销商05,O-D005-2026Q2-C0157,D005-C0157,2026-04-08,2026Q2,false,11649.67,桂中,erp:order:O-D005-2026Q2-C0157
tenant-demo,D005,经销商05,O-D005-2026Q1-C0158,D005-C0158,2026-02-11,2026Q1,false,43516.64,桂中,erp:order:O-D005-2026Q1-C0158
tenant-demo,D005,经销商05,O-D005-2026Q2-C0158,D005-C0158,2026-05-22,2026Q2,false,19237.8,桂中,erp:order:O-D005-2026Q2-C0158
tenant-demo,D005,经销商05,O-D005-2026Q1-C0159,D005-C0159,2026-01-01,2026Q1,false,11502.62,桂中,erp:order:O-D005-2026Q1-C0159
tenant-demo,D005,经销商05,O-D005-2026Q2-C0159,D005-C0159,2026-06-24,2026Q2,true,28072.5,桂中,erp:order:O-D005-2026Q2-C0159
tenant-demo,D005,经销商05,O-D005-2026Q1-C0160,D005-C0160,2026-02-26,2026Q1,true,28011.01,桂中,erp:order:O-D005-2026Q1-C0160
tenant-demo,D005,经销商05,O-D005-2026Q2-C0160,D005-C0160,2026-05-11,2026Q2,true,26199.46,桂中,erp:order:O-D005-2026Q2-C0160
tenant-demo,D005,经销商05,O-D005-2026Q1-C0161,D005-C0161,2026-02-21,2026Q1,true,18435.31,桂中,erp:order:O-D005-2026Q1-C0161
tenant-demo,D005,经销商05,O-D005-2026Q2-C0161,D005-C0161,2026-04-22,2026Q2,false,49337.15,桂中,erp:order:O-D005-2026Q2-C0161
tenant-demo,D005,经销商05,O-D005-2026Q1-C0162,D005-C0162,2026-01-20,2026Q1,false,29523.44,桂中,erp:order:O-D005-2026Q1-C0162
tenant-demo,D005,经销商05,O-D005-2026Q2-C0162,D005-C0162,2026-06-19,2026Q2,false,25550.25,桂中,erp:order:O-D005-2026Q2-C0162
tenant-demo,D005,经销商05,O-D005-2026Q1-C0163,D005-C0163,2026-03-09,2026Q1,false,38760.89,桂中,erp:order:O-D005-2026Q1-C0163
tenant-demo,D005,经销商05,O-D005-2026Q2-C0163,D005-C0163,2026-06-05,2026Q2,false,21998.05,桂中,erp:order:O-D005-2026Q2-C0163
tenant-demo,D005,经销商05,O-D005-2026Q1-C0164,D005-C0164,2026-03-04,2026Q1,true,9252.8,桂中,erp:order:O-D005-2026Q1-C0164
tenant-demo,D005,经销商05,O-D005-2026Q2-C0164,D005-C0164,2026-04-02,2026Q2,false,18392.81,桂中,erp:order:O-D005-2026Q2-C0164
tenant-demo,D005,经销商05,O-D005-2026Q1-C0165,D005-C0165,2026-03-01,2026Q1,false,11779.66,桂中,erp:order:O-D005-2026Q1-C0165
tenant-demo,D005,经销商05,O-D005-2026Q2-C0165,D005-C0165,2026-05-23,2026Q2,true,37124.29,桂中,erp:order:O-D005-2026Q2-C0165
tenant-demo,D005,经销商05,O-D005-2026Q1-C0166,D005-C0166,2026-01-03,2026Q1,false,36045.5,桂中,erp:order:O-D005-2026Q1-C0166
tenant-demo,D005,经销商05,O-D005-2026Q2-C0166,D005-C0166,2026-05-05,2026Q2,true,13990.25,桂中,erp:order:O-D005-2026Q2-C0166
tenant-demo,D005,经销商05,O-D005-2026Q1-C0167,D005-C0167,2026-01-14,2026Q1,false,41653.9,桂中,erp:order:O-D005-2026Q1-C0167
tenant-demo,D005,经销商05,O-D005-2026Q2-C0167,D005-C0167,2026-04-13,2026Q2,false,21772.53,桂中,erp:order:O-D005-2026Q2-C0167
tenant-demo,D005,经销商05,O-D005-2026Q1-C0168,D005-C0168,2026-01-19,2026Q1,true,8793.64,桂中,erp:order:O-D005-2026Q1-C0168
tenant-demo,D005,经销商05,O-D005-2026Q2-C0168,D005-C0168,2026-05-28,2026Q2,true,44442.47,桂中,erp:order:O-D005-2026Q2-C0168
tenant-demo,D005,经销商05,O-D005-2026Q1-C0169,D005-C0169,2026-03-26,2026Q1,true,5318.16,桂中,erp:order:O-D005-2026Q1-C0169
tenant-demo,D005,经销商05,O-D005-2026Q2-C0169,D005-C0169,2026-05-27,2026Q2,true,41387.01,桂中,erp:order:O-D005-2026Q2-C0169
tenant-demo,D005,经销商05,O-D005-2026Q1-C0170,D005-C0170,2026-02-01,2026Q1,true,12262.83,桂中,erp:order:O-D005-2026Q1-C0170
tenant-demo,D005,经销商05,O-D005-2026Q2-C0170,D005-C0170,2026-06-25,2026Q2,true,10762.86,桂中,erp:order:O-D005-2026Q2-C0170
tenant-demo,D005,经销商05,O-D005-2026Q1-C0171,D005-C0171,2026-02-17,2026Q1,true,42315.97,桂中,erp:order:O-D005-2026Q1-C0171
tenant-demo,D005,经销商05,O-D005-2026Q2-C0171,D005-C0171,2026-06-27,2026Q2,true,29361.72,桂中,erp:order:O-D005-2026Q2-C0171
tenant-demo,D005,经销商05,O-D005-2026Q1-C0172,D005-C0172,2026-01-15,2026Q1,false,11930.99,桂中,erp:order:O-D005-2026Q1-C0172
tenant-demo,D005,经销商05,O-D005-2026Q2-C0172,D005-C0172,2026-06-07,2026Q2,false,17457.97,桂中,erp:order:O-D005-2026Q2-C0172
tenant-demo,D005,经销商05,O-D005-2026Q1-C0173,D005-C0173,2026-01-15,2026Q1,true,46995.4,桂中,erp:order:O-D005-2026Q1-C0173
tenant-demo,D005,经销商05,O-D005-2026Q2-C0173,D005-C0173,2026-06-03,2026Q2,false,41588.75,桂中,erp:order:O-D005-2026Q2-C0173
tenant-demo,D005,经销商05,O-D005-2026Q1-C0174,D005-C0174,2026-02-14,2026Q1,false,9100.29,桂中,erp:order:O-D005-2026Q1-C0174
tenant-demo,D005,经销商05,O-D005-2026Q2-C0174,D005-C0174,2026-06-22,2026Q2,false,32534.26,桂中,erp:order:O-D005-2026Q2-C0174
tenant-demo,D005,经销商05,O-D005-2026Q1-C0175,D005-C0175,2026-02-19,2026Q1,true,25653.63,桂中,erp:order:O-D005-2026Q1-C0175
tenant-demo,D005,经销商05,O-D005-2026Q2-C0175,D005-C0175,2026-04-07,2026Q2,false,37362.92,桂中,erp:order:O-D005-2026Q2-C0175
tenant-demo,D005,经销商05,O-D005-2026Q1-C0176,D005-C0176,2026-03-12,2026Q1,false,18609.44,桂中,erp:order:O-D005-2026Q1-C0176
tenant-demo,D005,经销商05,O-D005-2026Q2-C0176,D005-C0176,2026-04-01,2026Q2,false,18990.96,桂中,erp:order:O-D005-2026Q2-C0176
tenant-demo,D005,经销商05,O-D005-2026Q1-C0177,D005-C0177,2026-01-20,2026Q1,false,14614.71,桂中,erp:order:O-D005-2026Q1-C0177
tenant-demo,D005,经销商05,O-D005-2026Q2-C0177,D005-C0177,2026-06-13,2026Q2,true,14536.74,桂中,erp:order:O-D005-2026Q2-C0177
tenant-demo,D005,经销商05,O-D005-2026Q1-C0178,D005-C0178,2026-03-07,2026Q1,true,22256.67,桂中,erp:order:O-D005-2026Q1-C0178
tenant-demo,D005,经销商05,O-D005-2026Q2-C0178,D005-C0178,2026-05-26,2026Q2,true,16188.71,桂中,erp:order:O-D005-2026Q2-C0178
tenant-demo,D005,经销商05,O-D005-2026Q1-C0179,D005-C0179,2026-02-21,2026Q1,false,10781.73,桂中,erp:order:O-D005-2026Q1-C0179
tenant-demo,D005,经销商05,O-D005-2026Q2-C0179,D005-C0179,2026-04-23,2026Q2,true,21209.98,桂中,erp:order:O-D005-2026Q2-C0179
tenant-demo,D005,经销商05,O-D005-2026Q1-C0180,D005-C0180,2026-03-13,2026Q1,false,37274.28,桂中,erp:order:O-D005-2026Q1-C0180
tenant-demo,D005,经销商05,O-D005-2026Q2-C0180,D005-C0180,2026-05-19,2026Q2,true,36762.18,桂中,erp:order:O-D005-2026Q2-C0180
tenant-demo,D005,经销商05,O-D005-2026Q1-C0181,D005-C0181,2026-02-03,2026Q1,true,39929.18,桂中,erp:order:O-D005-2026Q1-C0181
tenant-demo,D005,经销商05,O-D005-2026Q2-C0181,D005-C0181,2026-04-10,2026Q2,true,32191.79,桂中,erp:order:O-D005-2026Q2-C0181
tenant-demo,D005,经销商05,O-D005-2026Q1-C0182,D005-C0182,2026-03-14,2026Q1,false,43890.32,桂中,erp:order:O-D005-2026Q1-C0182
tenant-demo,D005,经销商05,O-D005-2026Q2-C0182,D005-C0182,2026-06-28,2026Q2,true,30263.94,桂中,erp:order:O-D005-2026Q2-C0182
tenant-demo,D005,经销商05,O-D005-2026Q1-C0183,D005-C0183,2026-03-19,2026Q1,true,48324.52,桂中,erp:order:O-D005-2026Q1-C0183
tenant-demo,D005,经销商05,O-D005-2026Q2-C0183,D005-C0183,2026-05-27,2026Q2,false,29117.86,桂中,erp:order:O-D005-2026Q2-C0183
tenant-demo,D005,经销商05,O-D005-2026Q1-C0184,D005-C0184,2026-01-07,2026Q1,false,10884.1,桂中,erp:order:O-D005-2026Q1-C0184
tenant-demo,D005,经销商05,O-D005-2026Q2-C0184,D005-C0184,2026-04-12,2026Q2,false,5717.13,桂中,erp:order:O-D005-2026Q2-C0184
tenant-demo,D005,经销商05,O-D005-2026Q1-C0185,D005-C0185,2026-02-11,2026Q1,false,47938.34,桂中,erp:order:O-D005-2026Q1-C0185
tenant-demo,D005,经销商05,O-D005-2026Q2-C0185,D005-C0185,2026-06-01,2026Q2,false,44607.93,桂中,erp:order:O-D005-2026Q2-C0185
tenant-demo,D005,经销商05,O-D005-2026Q1-C0186,D005-C0186,2026-03-09,2026Q1,false,7235.42,桂中,erp:order:O-D005-2026Q1-C0186
tenant-demo,D005,经销商05,O-D005-2026Q2-C0186,D005-C0186,2026-04-18,2026Q2,false,27847.56,桂中,erp:order:O-D005-2026Q2-C0186
tenant-demo,D005,经销商05,O-D005-2026Q1-C0187,D005-C0187,2026-01-11,2026Q1,true,49067.83,桂中,erp:order:O-D005-2026Q1-C0187
tenant-demo,D005,经销商05,O-D005-2026Q2-C0187,D005-C0187,2026-06-13,2026Q2,false,47179.72,桂中,erp:order:O-D005-2026Q2-C0187
tenant-demo,D005,经销商05,O-D005-2026Q1-C0188,D005-C0188,2026-01-10,2026Q1,false,14795.63,桂中,erp:order:O-D005-2026Q1-C0188
tenant-demo,D005,经销商05,O-D005-2026Q2-C0188,D005-C0188,2026-04-28,2026Q2,false,10490.84,桂中,erp:order:O-D005-2026Q2-C0188
tenant-demo,D005,经销商05,O-D005-2026Q1-C0189,D005-C0189,2026-03-12,2026Q1,true,47788.21,桂中,erp:order:O-D005-2026Q1-C0189
tenant-demo,D005,经销商05,O-D005-2026Q2-C0189,D005-C0189,2026-06-18,2026Q2,true,40268.29,桂中,erp:order:O-D005-2026Q2-C0189
tenant-demo,D005,经销商05,O-D005-2026Q1-C0190,D005-C0190,2026-02-03,2026Q1,false,29389.35,桂中,erp:order:O-D005-2026Q1-C0190
tenant-demo,D005,经销商05,O-D005-2026Q2-C0190,D005-C0190,2026-06-11,2026Q2,false,13855.39,桂中,erp:order:O-D005-2026Q2-C0190
tenant-demo,D005,经销商05,O-D005-2026Q1-C0191,D005-C0191,2026-01-12,2026Q1,false,39287.45,桂中,erp:order:O-D005-2026Q1-C0191
tenant-demo,D005,经销商05,O-D005-2026Q2-C0191,D005-C0191,2026-04-07,2026Q2,true,23294.8,桂中,erp:order:O-D005-2026Q2-C0191
tenant-demo,D005,经销商05,O-D005-2026Q1-C0192,D005-C0192,2026-03-19,2026Q1,true,42083.73,桂中,erp:order:O-D005-2026Q1-C0192
tenant-demo,D005,经销商05,O-D005-2026Q2-C0192,D005-C0192,2026-05-25,2026Q2,false,6772.67,桂中,erp:order:O-D005-2026Q2-C0192
tenant-demo,D005,经销商05,O-D005-2026Q1-C0193,D005-C0193,2026-03-08,2026Q1,true,18747.98,桂中,erp:order:O-D005-2026Q1-C0193
tenant-demo,D005,经销商05,O-D005-2026Q2-C0193,D005-C0193,2026-04-13,2026Q2,false,41335.4,桂中,erp:order:O-D005-2026Q2-C0193
tenant-demo,D005,经销商05,O-D005-2026Q1-C0194,D005-C0194,2026-02-26,2026Q1,true,25497.22,桂中,erp:order:O-D005-2026Q1-C0194
tenant-demo,D005,经销商05,O-D005-2026Q2-C0194,D005-C0194,2026-06-02,2026Q2,true,37713.83,桂中,erp:order:O-D005-2026Q2-C0194
tenant-demo,D005,经销商05,O-D005-2026Q1-C0195,D005-C0195,2026-02-16,2026Q1,true,5417.37,桂中,erp:order:O-D005-2026Q1-C0195
tenant-demo,D005,经销商05,O-D005-2026Q2-C0195,D005-C0195,2026-06-21,2026Q2,true,32733.93,桂中,erp:order:O-D005-2026Q2-C0195
tenant-demo,D005,经销商05,O-D005-2026Q1-C0196,D005-C0196,2026-03-23,2026Q1,true,34034.47,桂中,erp:order:O-D005-2026Q1-C0196
tenant-demo,D005,经销商05,O-D005-2026Q2-C0196,D005-C0196,2026-05-08,2026Q2,true,6579.03,桂中,erp:order:O-D005-2026Q2-C0196
tenant-demo,D005,经销商05,O-D005-2026Q1-C0197,D005-C0197,2026-01-14,2026Q1,true,13820.32,桂中,erp:order:O-D005-2026Q1-C0197
tenant-demo,D005,经销商05,O-D005-2026Q2-C0197,D005-C0197,2026-04-01,2026Q2,false,40702.66,桂中,erp:order:O-D005-2026Q2-C0197
tenant-demo,D005,经销商05,O-D005-2026Q1-C0198,D005-C0198,2026-03-09,2026Q1,true,44774.99,桂中,erp:order:O-D005-2026Q1-C0198
tenant-demo,D005,经销商05,O-D005-2026Q2-C0198,D005-C0198,2026-04-01,2026Q2,true,19510.23,桂中,erp:order:O-D005-2026Q2-C0198
tenant-demo,D005,经销商05,O-D005-2026Q1-C0199,D005-C0199,2026-01-27,2026Q1,true,29430.26,桂中,erp:order:O-D005-2026Q1-C0199
tenant-demo,D005,经销商05,O-D005-2026Q2-C0199,D005-C0199,2026-05-21,2026Q2,false,46091.49,桂中,erp:order:O-D005-2026Q2-C0199
tenant-demo,D005,经销商05,O-D005-2026Q1-C0200,D005-C0200,2026-02-06,2026Q1,false,13999.02,桂中,erp:order:O-D005-2026Q1-C0200
tenant-demo,D005,经销商05,O-D005-2026Q2-C0200,D005-C0200,2026-06-15,2026Q2,false,42110.54,桂中,erp:order:O-D005-2026Q2-C0200
tenant-demo,D005,经销商05,O-D005-2026Q1-C0201,D005-C0201,2026-03-11,2026Q1,false,33070.72,桂中,erp:order:O-D005-2026Q1-C0201
tenant-demo,D005,经销商05,O-D005-2026Q2-C0201,D005-C0201,2026-05-19,2026Q2,true,12280.63,桂中,erp:order:O-D005-2026Q2-C0201
tenant-demo,D005,经销商05,O-D005-2026Q1-C0202,D005-C0202,2026-03-22,2026Q1,true,14375.96,桂中,erp:order:O-D005-2026Q1-C0202
tenant-demo,D005,经销商05,O-D005-2026Q2-C0202,D005-C0202,2026-05-15,2026Q2,false,34720.92,桂中,erp:order:O-D005-2026Q2-C0202
tenant-demo,D005,经销商05,O-D005-2026Q1-C0203,D005-C0203,2026-01-06,2026Q1,true,24729.82,桂中,erp:order:O-D005-2026Q1-C0203
tenant-demo,D005,经销商05,O-D005-2026Q2-C0203,D005-C0203,2026-05-24,2026Q2,true,12038.12,桂中,erp:order:O-D005-2026Q2-C0203
tenant-demo,D005,经销商05,O-D005-2026Q1-C0204,D005-C0204,2026-03-25,2026Q1,false,19604.7,桂中,erp:order:O-D005-2026Q1-C0204
tenant-demo,D005,经销商05,O-D005-2026Q2-C0204,D005-C0204,2026-06-21,2026Q2,true,11302.27,桂中,erp:order:O-D005-2026Q2-C0204
tenant-demo,D005,经销商05,O-D005-2026Q1-C0205,D005-C0205,2026-03-01,2026Q1,false,37435.1,桂中,erp:order:O-D005-2026Q1-C0205
tenant-demo,D005,经销商05,O-D005-2026Q2-C0205,D005-C0205,2026-06-09,2026Q2,false,46538.36,桂中,erp:order:O-D005-2026Q2-C0205
tenant-demo,D005,经销商05,O-D005-2026Q1-C0206,D005-C0206,2026-01-18,2026Q1,true,34406.54,桂中,erp:order:O-D005-2026Q1-C0206
tenant-demo,D005,经销商05,O-D005-2026Q2-C0206,D005-C0206,2026-06-04,2026Q2,true,20884.38,桂中,erp:order:O-D005-2026Q2-C0206
tenant-demo,D005,经销商05,O-D005-2026Q1-C0207,D005-C0207,2026-01-06,2026Q1,false,29066.0,桂中,erp:order:O-D005-2026Q1-C0207
tenant-demo,D005,经销商05,O-D005-2026Q2-C0207,D005-C0207,2026-06-14,2026Q2,true,43992.34,桂中,erp:order:O-D005-2026Q2-C0207
tenant-demo,D005,经销商05,O-D005-2026Q1-C0208,D005-C0208,2026-01-21,2026Q1,true,6079.7,桂中,erp:order:O-D005-2026Q1-C0208
tenant-demo,D005,经销商05,O-D005-2026Q2-C0208,D005-C0208,2026-06-01,2026Q2,false,5899.29,桂中,erp:order:O-D005-2026Q2-C0208
tenant-demo,D005,经销商05,O-D005-2026Q1-C0209,D005-C0209,2026-02-12,2026Q1,true,25796.48,桂中,erp:order:O-D005-2026Q1-C0209
tenant-demo,D005,经销商05,O-D005-2026Q2-C0209,D005-C0209,2026-04-06,2026Q2,true,32145.49,桂中,erp:order:O-D005-2026Q2-C0209
tenant-demo,D005,经销商05,O-D005-2026Q1-C0210,D005-C0210,2026-02-24,2026Q1,true,7481.4,桂中,erp:order:O-D005-2026Q1-C0210
tenant-demo,D005,经销商05,O-D005-2026Q2-C0210,D005-C0210,2026-06-26,2026Q2,false,49704.67,桂中,erp:order:O-D005-2026Q2-C0210
tenant-demo,D005,经销商05,O-D005-2026Q1-C0211,D005-C0211,2026-01-04,2026Q1,true,36801.5,桂中,erp:order:O-D005-2026Q1-C0211
tenant-demo,D005,经销商05,O-D005-2026Q2-C0211,D005-C0211,2026-04-09,2026Q2,false,11550.24,桂中,erp:order:O-D005-2026Q2-C0211
tenant-demo,D005,经销商05,O-D005-2026Q1-C0212,D005-C0212,2026-03-19,2026Q1,true,14868.63,桂中,erp:order:O-D005-2026Q1-C0212
tenant-demo,D005,经销商05,O-D005-2026Q2-C0212,D005-C0212,2026-06-03,2026Q2,true,46584.85,桂中,erp:order:O-D005-2026Q2-C0212
tenant-demo,D005,经销商05,O-D005-2026Q1-C0213,D005-C0213,2026-02-24,2026Q1,true,20497.44,桂中,erp:order:O-D005-2026Q1-C0213
tenant-demo,D005,经销商05,O-D005-2026Q2-C0213,D005-C0213,2026-06-07,2026Q2,false,27209.38,桂中,erp:order:O-D005-2026Q2-C0213
tenant-demo,D005,经销商05,O-D005-2026Q1-C0214,D005-C0214,2026-03-07,2026Q1,false,17094.02,桂中,erp:order:O-D005-2026Q1-C0214
tenant-demo,D005,经销商05,O-D005-2026Q2-C0214,D005-C0214,2026-04-13,2026Q2,false,37572.49,桂中,erp:order:O-D005-2026Q2-C0214
tenant-demo,D005,经销商05,O-D005-2026Q1-C0215,D005-C0215,2026-02-06,2026Q1,true,14837.05,桂中,erp:order:O-D005-2026Q1-C0215
tenant-demo,D005,经销商05,O-D005-2026Q2-C0215,D005-C0215,2026-04-11,2026Q2,false,23174.19,桂中,erp:order:O-D005-2026Q2-C0215
tenant-demo,D005,经销商05,O-D005-2026Q1-C0216,D005-C0216,2026-02-26,2026Q1,true,29427.93,桂中,erp:order:O-D005-2026Q1-C0216
tenant-demo,D005,经销商05,O-D005-2026Q2-C0216,D005-C0216,2026-04-07,2026Q2,true,49740.64,桂中,erp:order:O-D005-2026Q2-C0216
tenant-demo,D005,经销商05,O-D005-2026Q1-C0217,D005-C0217,2026-02-20,2026Q1,false,12308.4,桂中,erp:order:O-D005-2026Q1-C0217
tenant-demo,D005,经销商05,O-D005-2026Q2-C0217,D005-C0217,2026-04-06,2026Q2,false,25519.99,桂中,erp:order:O-D005-2026Q2-C0217
tenant-demo,D005,经销商05,O-D005-2026Q1-C0218,D005-C0218,2026-03-18,2026Q1,false,42273.53,桂中,erp:order:O-D005-2026Q1-C0218
tenant-demo,D005,经销商05,O-D005-2026Q2-C0218,D005-C0218,2026-04-09,2026Q2,false,21540.38,桂中,erp:order:O-D005-2026Q2-C0218
tenant-demo,D005,经销商05,O-D005-2026Q1-C0219,D005-C0219,2026-01-07,2026Q1,false,39948.22,桂中,erp:order:O-D005-2026Q1-C0219
tenant-demo,D005,经销商05,O-D005-2026Q2-C0219,D005-C0219,2026-05-10,2026Q2,false,21956.85,桂中,erp:order:O-D005-2026Q2-C0219
tenant-demo,D005,经销商05,O-D005-2026Q1-C0220,D005-C0220,2026-02-28,2026Q1,false,14290.79,桂中,erp:order:O-D005-2026Q1-C0220
tenant-demo,D005,经销商05,O-D005-2026Q2-C0220,D005-C0220,2026-05-08,2026Q2,false,27498.04,桂中,erp:order:O-D005-2026Q2-C0220
tenant-demo,D005,经销商05,O-D005-2026Q1-C0221,D005-C0221,2026-03-24,2026Q1,false,42587.37,桂中,erp:order:O-D005-2026Q1-C0221
tenant-demo,D005,经销商05,O-D005-2026Q2-C0221,D005-C0221,2026-05-11,2026Q2,true,7236.09,桂中,erp:order:O-D005-2026Q2-C0221
tenant-demo,D005,经销商05,O-D005-2026Q1-C0222,D005-C0222,2026-03-28,2026Q1,true,22636.31,桂中,erp:order:O-D005-2026Q1-C0222
tenant-demo,D005,经销商05,O-D005-2026Q2-C0222,D005-C0222,2026-06-11,2026Q2,false,11971.96,桂中,erp:order:O-D005-2026Q2-C0222
tenant-demo,D005,经销商05,O-D005-2026Q1-C0223,D005-C0223,2026-02-15,2026Q1,true,42938.12,桂中,erp:order:O-D005-2026Q1-C0223
tenant-demo,D005,经销商05,O-D005-2026Q2-C0223,D005-C0223,2026-04-26,2026Q2,true,12574.26,桂中,erp:order:O-D005-2026Q2-C0223
tenant-demo,D005,经销商05,O-D005-2026Q1-C0224,D005-C0224,2026-01-01,2026Q1,false,25483.86,桂中,erp:order:O-D005-2026Q1-C0224
tenant-demo,D005,经销商05,O-D005-2026Q2-C0224,D005-C0224,2026-04-05,2026Q2,false,22230.66,桂中,erp:order:O-D005-2026Q2-C0224
tenant-demo,D005,经销商05,O-D005-2026Q1-C0225,D005-C0225,2026-03-07,2026Q1,true,9920.14,桂中,erp:order:O-D005-2026Q1-C0225
tenant-demo,D005,经销商05,O-D005-2026Q2-C0225,D005-C0225,2026-04-02,2026Q2,false,33467.5,桂中,erp:order:O-D005-2026Q2-C0225
tenant-demo,D005,经销商05,O-D005-2026Q1-C0226,D005-C0226,2026-02-08,2026Q1,true,39991.02,桂中,erp:order:O-D005-2026Q1-C0226
tenant-demo,D005,经销商05,O-D005-2026Q2-C0226,D005-C0226,2026-06-12,2026Q2,false,29341.67,桂中,erp:order:O-D005-2026Q2-C0226
tenant-demo,D005,经销商05,O-D005-2026Q1-C0227,D005-C0227,2026-01-12,2026Q1,true,18200.85,桂中,erp:order:O-D005-2026Q1-C0227
tenant-demo,D005,经销商05,O-D005-2026Q2-C0227,D005-C0227,2026-04-09,2026Q2,false,38536.52,桂中,erp:order:O-D005-2026Q2-C0227
tenant-demo,D005,经销商05,O-D005-2026Q1-C0228,D005-C0228,2026-03-10,2026Q1,true,17554.61,桂中,erp:order:O-D005-2026Q1-C0228
tenant-demo,D005,经销商05,O-D005-2026Q2-C0228,D005-C0228,2026-06-16,2026Q2,true,13205.01,桂中,erp:order:O-D005-2026Q2-C0228
tenant-demo,D005,经销商05,O-D005-2026Q1-C0229,D005-C0229,2026-02-09,2026Q1,true,19501.03,桂中,erp:order:O-D005-2026Q1-C0229
tenant-demo,D005,经销商05,O-D005-2026Q2-C0229,D005-C0229,2026-05-07,2026Q2,true,29666.91,桂中,erp:order:O-D005-2026Q2-C0229
tenant-demo,D005,经销商05,O-D005-2026Q1-C0230,D005-C0230,2026-01-23,2026Q1,false,23799.2,桂中,erp:order:O-D005-2026Q1-C0230
tenant-demo,D005,经销商05,O-D005-2026Q2-C0230,D005-C0230,2026-05-10,2026Q2,false,29012.93,桂中,erp:order:O-D005-2026Q2-C0230
tenant-demo,D005,经销商05,O-D005-2026Q1-C0231,D005-C0231,2026-02-23,2026Q1,false,18831.87,桂中,erp:order:O-D005-2026Q1-C0231
tenant-demo,D005,经销商05,O-D005-2026Q2-C0231,D005-C0231,2026-04-10,2026Q2,true,46566.07,桂中,erp:order:O-D005-2026Q2-C0231
tenant-demo,D005,经销商05,O-D005-2026Q1-C0232,D005-C0232,2026-01-24,2026Q1,false,10837.37,桂中,erp:order:O-D005-2026Q1-C0232
tenant-demo,D005,经销商05,O-D005-2026Q2-C0232,D005-C0232,2026-06-08,2026Q2,false,19524.34,桂中,erp:order:O-D005-2026Q2-C0232
tenant-demo,D005,经销商05,O-D005-2026Q1-C0233,D005-C0233,2026-03-28,2026Q1,false,28210.16,桂中,erp:order:O-D005-2026Q1-C0233
tenant-demo,D005,经销商05,O-D005-2026Q2-C0233,D005-C0233,2026-06-28,2026Q2,false,20461.23,桂中,erp:order:O-D005-2026Q2-C0233
tenant-demo,D005,经销商05,O-D005-2026Q1-C0234,D005-C0234,2026-02-06,2026Q1,true,7066.38,桂中,erp:order:O-D005-2026Q1-C0234
tenant-demo,D005,经销商05,O-D005-2026Q2-C0234,D005-C0234,2026-06-21,2026Q2,true,31234.56,桂中,erp:order:O-D005-2026Q2-C0234
tenant-demo,D005,经销商05,O-D005-2026Q1-C0235,D005-C0235,2026-02-23,2026Q1,false,43636.3,桂中,erp:order:O-D005-2026Q1-C0235
tenant-demo,D005,经销商05,O-D005-2026Q2-C0235,D005-C0235,2026-06-20,2026Q2,false,47216.61,桂中,erp:order:O-D005-2026Q2-C0235
tenant-demo,D005,经销商05,O-D005-2026Q1-C0236,D005-C0236,2026-02-27,2026Q1,false,15185.59,桂中,erp:order:O-D005-2026Q1-C0236
tenant-demo,D005,经销商05,O-D005-2026Q2-C0236,D005-C0236,2026-06-24,2026Q2,false,46369.12,桂中,erp:order:O-D005-2026Q2-C0236
tenant-demo,D005,经销商05,O-D005-2026Q1-C0237,D005-C0237,2026-01-01,2026Q1,false,32111.17,桂中,erp:order:O-D005-2026Q1-C0237
tenant-demo,D005,经销商05,O-D005-2026Q2-C0237,D005-C0237,2026-05-27,2026Q2,true,42218.42,桂中,erp:order:O-D005-2026Q2-C0237
tenant-demo,D005,经销商05,O-D005-2026Q1-C0238,D005-C0238,2026-01-19,2026Q1,false,5317.34,桂中,erp:order:O-D005-2026Q1-C0238
tenant-demo,D005,经销商05,O-D005-2026Q2-C0238,D005-C0238,2026-04-09,2026Q2,false,17702.23,桂中,erp:order:O-D005-2026Q2-C0238
tenant-demo,D005,经销商05,O-D005-2026Q1-C0239,D005-C0239,2026-03-16,2026Q1,true,7342.49,桂中,erp:order:O-D005-2026Q1-C0239
tenant-demo,D005,经销商05,O-D005-2026Q2-C0239,D005-C0239,2026-04-28,2026Q2,true,27468.83,桂中,erp:order:O-D005-2026Q2-C0239
tenant-demo,D005,经销商05,O-D005-2026Q1-C0240,D005-C0240,2026-01-28,2026Q1,false,13659.78,桂中,erp:order:O-D005-2026Q1-C0240
tenant-demo,D005,经销商05,O-D005-2026Q2-C0240,D005-C0240,2026-05-17,2026Q2,true,20697.06,桂中,erp:order:O-D005-2026Q2-C0240
tenant-demo,D005,经销商05,O-D005-2026Q1-C0241,D005-C0241,2026-02-16,2026Q1,true,15187.24,桂中,erp:order:O-D005-2026Q1-C0241
tenant-demo,D005,经销商05,O-D005-2026Q2-C0241,D005-C0241,2026-04-19,2026Q2,true,46763.1,桂中,erp:order:O-D005-2026Q2-C0241
tenant-demo,D005,经销商05,O-D005-2026Q1-C0242,D005-C0242,2026-01-05,2026Q1,false,33340.58,桂中,erp:order:O-D005-2026Q1-C0242
tenant-demo,D005,经销商05,O-D005-2026Q2-C0242,D005-C0242,2026-06-08,2026Q2,false,30591.7,桂中,erp:order:O-D005-2026Q2-C0242
tenant-demo,D005,经销商05,O-D005-2026Q1-C0243,D005-C0243,2026-01-02,2026Q1,true,37124.04,桂中,erp:order:O-D005-2026Q1-C0243
tenant-demo,D005,经销商05,O-D005-2026Q2-C0243,D005-C0243,2026-05-14,2026Q2,false,7287.58,桂中,erp:order:O-D005-2026Q2-C0243
tenant-demo,D005,经销商05,O-D005-2026Q1-C0244,D005-C0244,2026-03-06,2026Q1,false,40251.19,桂中,erp:order:O-D005-2026Q1-C0244
tenant-demo,D005,经销商05,O-D005-2026Q2-C0244,D005-C0244,2026-04-12,2026Q2,true,47307.28,桂中,erp:order:O-D005-2026Q2-C0244
tenant-demo,D005,经销商05,O-D005-2026Q1-C0245,D005-C0245,2026-01-01,2026Q1,false,34665.09,桂中,erp:order:O-D005-2026Q1-C0245
tenant-demo,D005,经销商05,O-D005-2026Q2-C0245,D005-C0245,2026-06-21,2026Q2,true,23955.49,桂中,erp:order:O-D005-2026Q2-C0245
tenant-demo,D005,经销商05,O-D005-2026Q1-C0246,D005-C0246,2026-02-22,2026Q1,false,22371.67,桂中,erp:order:O-D005-2026Q1-C0246
tenant-demo,D005,经销商05,O-D005-2026Q2-C0246,D005-C0246,2026-04-27,2026Q2,true,34304.9,桂中,erp:order:O-D005-2026Q2-C0246
tenant-demo,D005,经销商05,O-D005-2026Q1-C0247,D005-C0247,2026-02-25,2026Q1,true,48091.88,桂中,erp:order:O-D005-2026Q1-C0247
tenant-demo,D005,经销商05,O-D005-2026Q2-C0247,D005-C0247,2026-05-26,2026Q2,false,17929.82,桂中,erp:order:O-D005-2026Q2-C0247
tenant-demo,D005,经销商05,O-D005-2026Q1-C0248,D005-C0248,2026-03-04,2026Q1,true,23077.99,桂中,erp:order:O-D005-2026Q1-C0248
tenant-demo,D005,经销商05,O-D005-2026Q2-C0248,D005-C0248,2026-06-21,2026Q2,false,14323.37,桂中,erp:order:O-D005-2026Q2-C0248
tenant-demo,D005,经销商05,O-D005-2026Q1-C0249,D005-C0249,2026-03-19,2026Q1,true,19390.79,桂中,erp:order:O-D005-2026Q1-C0249
tenant-demo,D005,经销商05,O-D005-2026Q2-C0249,D005-C0249,2026-05-13,2026Q2,true,20798.17,桂中,erp:order:O-D005-2026Q2-C0249
tenant-demo,D005,经销商05,O-D005-2026Q1-C0250,D005-C0250,2026-02-03,2026Q1,true,44357.58,桂中,erp:order:O-D005-2026Q1-C0250
tenant-demo,D005,经销商05,O-D005-2026Q2-C0250,D005-C0250,2026-05-24,2026Q2,true,26656.68,桂中,erp:order:O-D005-2026Q2-C0250
tenant-demo,D005,经销商05,O-D005-2026Q1-C0251,D005-C0251,2026-01-11,2026Q1,true,48713.23,桂中,erp:order:O-D005-2026Q1-C0251
tenant-demo,D005,经销商05,O-D005-2026Q2-C0251,D005-C0251,2026-04-11,2026Q2,false,46436.61,桂中,erp:order:O-D005-2026Q2-C0251
tenant-demo,D005,经销商05,O-D005-2026Q1-C0252,D005-C0252,2026-01-19,2026Q1,true,23447.79,桂中,erp:order:O-D005-2026Q1-C0252
tenant-demo,D005,经销商05,O-D005-2026Q2-C0252,D005-C0252,2026-06-06,2026Q2,false,46534.31,桂中,erp:order:O-D005-2026Q2-C0252
tenant-demo,D005,经销商05,O-D005-2026Q1-C0253,D005-C0253,2026-03-12,2026Q1,true,37653.42,桂中,erp:order:O-D005-2026Q1-C0253
tenant-demo,D005,经销商05,O-D005-2026Q2-C0253,D005-C0253,2026-06-07,2026Q2,false,23170.36,桂中,erp:order:O-D005-2026Q2-C0253
tenant-demo,D005,经销商05,O-D005-2026Q1-C0254,D005-C0254,2026-03-24,2026Q1,true,44899.05,桂中,erp:order:O-D005-2026Q1-C0254
tenant-demo,D005,经销商05,O-D005-2026Q2-C0254,D005-C0254,2026-06-24,2026Q2,true,32159.12,桂中,erp:order:O-D005-2026Q2-C0254
tenant-demo,D005,经销商05,O-D005-2026Q1-C0255,D005-C0255,2026-03-24,2026Q1,false,32883.73,桂中,erp:order:O-D005-2026Q1-C0255
tenant-demo,D005,经销商05,O-D005-2026Q2-C0255,D005-C0255,2026-05-09,2026Q2,true,44269.08,桂中,erp:order:O-D005-2026Q2-C0255
tenant-demo,D005,经销商05,O-D005-2026Q1-C0256,D005-C0256,2026-02-16,2026Q1,false,37284.31,桂中,erp:order:O-D005-2026Q1-C0256
tenant-demo,D005,经销商05,O-D005-2026Q2-C0256,D005-C0256,2026-05-05,2026Q2,false,6569.28,桂中,erp:order:O-D005-2026Q2-C0256
tenant-demo,D005,经销商05,O-D005-2026Q1-C0257,D005-C0257,2026-02-10,2026Q1,false,32783.71,桂中,erp:order:O-D005-2026Q1-C0257
tenant-demo,D005,经销商05,O-D005-2026Q2-C0257,D005-C0257,2026-06-19,2026Q2,false,20413.82,桂中,erp:order:O-D005-2026Q2-C0257
tenant-demo,D005,经销商05,O-D005-2026Q1-C0258,D005-C0258,2026-02-08,2026Q1,false,10463.27,桂中,erp:order:O-D005-2026Q1-C0258
tenant-demo,D005,经销商05,O-D005-2026Q2-C0258,D005-C0258,2026-05-04,2026Q2,false,9906.5,桂中,erp:order:O-D005-2026Q2-C0258
tenant-demo,D005,经销商05,O-D005-2026Q1-C0259,D005-C0259,2026-02-20,2026Q1,false,19626.0,桂中,erp:order:O-D005-2026Q1-C0259
tenant-demo,D005,经销商05,O-D005-2026Q2-C0259,D005-C0259,2026-04-04,2026Q2,true,47443.93,桂中,erp:order:O-D005-2026Q2-C0259
tenant-demo,D005,经销商05,O-D005-2026Q1-C0260,D005-C0260,2026-03-01,2026Q1,false,49462.47,桂中,erp:order:O-D005-2026Q1-C0260
tenant-demo,D005,经销商05,O-D005-2026Q2-C0260,D005-C0260,2026-06-10,2026Q2,false,38811.02,桂中,erp:order:O-D005-2026Q2-C0260
tenant-demo,D005,经销商05,O-D005-2026Q1-C0261,D005-C0261,2026-02-14,2026Q1,false,23627.33,桂中,erp:order:O-D005-2026Q1-C0261
tenant-demo,D005,经销商05,O-D005-2026Q2-C0261,D005-C0261,2026-04-06,2026Q2,false,33453.51,桂中,erp:order:O-D005-2026Q2-C0261
tenant-demo,D005,经销商05,O-D005-2026Q1-C0262,D005-C0262,2026-01-02,2026Q1,false,38299.4,桂中,erp:order:O-D005-2026Q1-C0262
tenant-demo,D005,经销商05,O-D005-2026Q2-C0262,D005-C0262,2026-04-06,2026Q2,false,27214.56,桂中,erp:order:O-D005-2026Q2-C0262
tenant-demo,D005,经销商05,O-D005-2026Q1-C0263,D005-C0263,2026-03-02,2026Q1,false,5492.94,桂中,erp:order:O-D005-2026Q1-C0263
tenant-demo,D005,经销商05,O-D005-2026Q2-C0263,D005-C0263,2026-06-14,2026Q2,false,8729.3,桂中,erp:order:O-D005-2026Q2-C0263
tenant-demo,D005,经销商05,O-D005-2026Q1-C0264,D005-C0264,2026-03-27,2026Q1,true,20656.88,桂中,erp:order:O-D005-2026Q1-C0264
tenant-demo,D005,经销商05,O-D005-2026Q2-C0264,D005-C0264,2026-05-16,2026Q2,false,44811.55,桂中,erp:order:O-D005-2026Q2-C0264
tenant-demo,D005,经销商05,O-D005-2026Q1-C0265,D005-C0265,2026-01-12,2026Q1,true,41485.35,桂中,erp:order:O-D005-2026Q1-C0265
tenant-demo,D005,经销商05,O-D005-2026Q2-C0265,D005-C0265,2026-05-28,2026Q2,false,13162.35,桂中,erp:order:O-D005-2026Q2-C0265
tenant-demo,D005,经销商05,O-D005-2026Q1-C0266,D005-C0266,2026-01-17,2026Q1,true,15886.49,桂中,erp:order:O-D005-2026Q1-C0266
tenant-demo,D005,经销商05,O-D005-2026Q2-C0266,D005-C0266,2026-06-02,2026Q2,true,16608.41,桂中,erp:order:O-D005-2026Q2-C0266
tenant-demo,D005,经销商05,O-D005-2026Q1-C0267,D005-C0267,2026-01-25,2026Q1,false,30334.21,桂中,erp:order:O-D005-2026Q1-C0267
tenant-demo,D005,经销商05,O-D005-2026Q2-C0267,D005-C0267,2026-05-08,2026Q2,true,28030.51,桂中,erp:order:O-D005-2026Q2-C0267
tenant-demo,D005,经销商05,O-D005-2026Q1-C0268,D005-C0268,2026-01-18,2026Q1,false,19743.97,桂中,erp:order:O-D005-2026Q1-C0268
tenant-demo,D005,经销商05,O-D005-2026Q2-C0268,D005-C0268,2026-05-18,2026Q2,false,9589.63,桂中,erp:order:O-D005-2026Q2-C0268
tenant-demo,D005,经销商05,O-D005-2026Q1-C0269,D005-C0269,2026-01-25,2026Q1,false,27414.79,桂中,erp:order:O-D005-2026Q1-C0269
tenant-demo,D005,经销商05,O-D005-2026Q2-C0269,D005-C0269,2026-05-27,2026Q2,false,42072.59,桂中,erp:order:O-D005-2026Q2-C0269
tenant-demo,D005,经销商05,O-D005-2026Q1-C0270,D005-C0270,2026-03-13,2026Q1,false,10024.38,桂中,erp:order:O-D005-2026Q1-C0270
tenant-demo,D005,经销商05,O-D005-2026Q2-C0270,D005-C0270,2026-05-27,2026Q2,true,44895.53,桂中,erp:order:O-D005-2026Q2-C0270
tenant-demo,D005,经销商05,O-D005-2026Q1-C0271,D005-C0271,2026-02-20,2026Q1,false,45167.93,桂中,erp:order:O-D005-2026Q1-C0271
tenant-demo,D005,经销商05,O-D005-2026Q2-C0271,D005-C0271,2026-04-27,2026Q2,false,17909.42,桂中,erp:order:O-D005-2026Q2-C0271
tenant-demo,D005,经销商05,O-D005-2026Q1-C0272,D005-C0272,2026-02-01,2026Q1,false,14512.73,桂中,erp:order:O-D005-2026Q1-C0272
tenant-demo,D005,经销商05,O-D005-2026Q2-C0272,D005-C0272,2026-06-03,2026Q2,false,29396.12,桂中,erp:order:O-D005-2026Q2-C0272
tenant-demo,D005,经销商05,O-D005-2026Q1-C0273,D005-C0273,2026-02-02,2026Q1,true,19319.81,桂中,erp:order:O-D005-2026Q1-C0273
tenant-demo,D005,经销商05,O-D005-2026Q2-C0273,D005-C0273,2026-06-17,2026Q2,true,26811.83,桂中,erp:order:O-D005-2026Q2-C0273
tenant-demo,D005,经销商05,O-D005-2026Q1-C0274,D005-C0274,2026-03-28,2026Q1,true,10231.76,桂中,erp:order:O-D005-2026Q1-C0274
tenant-demo,D005,经销商05,O-D005-2026Q2-C0274,D005-C0274,2026-04-16,2026Q2,true,25792.65,桂中,erp:order:O-D005-2026Q2-C0274
tenant-demo,D005,经销商05,O-D005-2026Q1-C0275,D005-C0275,2026-02-28,2026Q1,false,35208.05,桂中,erp:order:O-D005-2026Q1-C0275
tenant-demo,D005,经销商05,O-D005-2026Q2-C0275,D005-C0275,2026-05-26,2026Q2,false,22052.34,桂中,erp:order:O-D005-2026Q2-C0275
tenant-demo,D005,经销商05,O-D005-2026Q1-C0276,D005-C0276,2026-01-23,2026Q1,false,29535.07,桂中,erp:order:O-D005-2026Q1-C0276
tenant-demo,D005,经销商05,O-D005-2026Q2-C0276,D005-C0276,2026-06-02,2026Q2,false,36233.09,桂中,erp:order:O-D005-2026Q2-C0276
tenant-demo,D005,经销商05,O-D005-2026Q1-C0277,D005-C0277,2026-03-21,2026Q1,false,36495.59,桂中,erp:order:O-D005-2026Q1-C0277
tenant-demo,D005,经销商05,O-D005-2026Q2-C0277,D005-C0277,2026-04-18,2026Q2,true,10566.73,桂中,erp:order:O-D005-2026Q2-C0277
tenant-demo,D005,经销商05,O-D005-2026Q1-C0278,D005-C0278,2026-01-27,2026Q1,true,46726.74,桂中,erp:order:O-D005-2026Q1-C0278
tenant-demo,D005,经销商05,O-D005-2026Q2-C0278,D005-C0278,2026-04-06,2026Q2,true,7068.21,桂中,erp:order:O-D005-2026Q2-C0278
tenant-demo,D005,经销商05,O-D005-2026Q1-C0279,D005-C0279,2026-02-27,2026Q1,false,38237.66,桂中,erp:order:O-D005-2026Q1-C0279
tenant-demo,D005,经销商05,O-D005-2026Q2-C0279,D005-C0279,2026-04-03,2026Q2,false,41188.63,桂中,erp:order:O-D005-2026Q2-C0279
tenant-demo,D005,经销商05,O-D005-2026Q1-C0280,D005-C0280,2026-01-20,2026Q1,true,10156.86,桂中,erp:order:O-D005-2026Q1-C0280
tenant-demo,D005,经销商05,O-D005-2026Q2-C0280,D005-C0280,2026-05-01,2026Q2,false,11561.34,桂中,erp:order:O-D005-2026Q2-C0280
tenant-demo,D005,经销商05,O-D005-2026Q1-C0281,D005-C0281,2026-01-07,2026Q1,true,13341.28,桂中,erp:order:O-D005-2026Q1-C0281
tenant-demo,D005,经销商05,O-D005-2026Q2-C0281,D005-C0281,2026-06-01,2026Q2,true,48299.82,桂中,erp:order:O-D005-2026Q2-C0281
tenant-demo,D005,经销商05,O-D005-2026Q1-C0282,D005-C0282,2026-03-01,2026Q1,false,21334.53,桂中,erp:order:O-D005-2026Q1-C0282
tenant-demo,D005,经销商05,O-D005-2026Q2-C0282,D005-C0282,2026-06-05,2026Q2,true,15490.95,桂中,erp:order:O-D005-2026Q2-C0282
tenant-demo,D005,经销商05,O-D005-2026Q1-C0283,D005-C0283,2026-01-08,2026Q1,true,12477.55,桂中,erp:order:O-D005-2026Q1-C0283
tenant-demo,D005,经销商05,O-D005-2026Q2-C0283,D005-C0283,2026-05-05,2026Q2,false,41385.36,桂中,erp:order:O-D005-2026Q2-C0283
tenant-demo,D005,经销商05,O-D005-2026Q1-C0284,D005-C0284,2026-02-02,2026Q1,true,14363.09,桂中,erp:order:O-D005-2026Q1-C0284
tenant-demo,D005,经销商05,O-D005-2026Q2-C0284,D005-C0284,2026-06-12,2026Q2,false,8165.57,桂中,erp:order:O-D005-2026Q2-C0284
tenant-demo,D005,经销商05,O-D005-2026Q1-C0285,D005-C0285,2026-01-07,2026Q1,false,17823.49,桂中,erp:order:O-D005-2026Q1-C0285
tenant-demo,D005,经销商05,O-D005-2026Q2-C0285,D005-C0285,2026-04-03,2026Q2,true,41209.95,桂中,erp:order:O-D005-2026Q2-C0285
tenant-demo,D005,经销商05,O-D005-2026Q1-C0286,D005-C0286,2026-01-16,2026Q1,false,28403.01,桂中,erp:order:O-D005-2026Q1-C0286
tenant-demo,D005,经销商05,O-D005-2026Q2-C0286,D005-C0286,2026-06-04,2026Q2,true,14640.19,桂中,erp:order:O-D005-2026Q2-C0286
tenant-demo,D005,经销商05,O-D005-2026Q1-C0287,D005-C0287,2026-01-21,2026Q1,true,5827.51,桂中,erp:order:O-D005-2026Q1-C0287
tenant-demo,D005,经销商05,O-D005-2026Q2-C0287,D005-C0287,2026-05-04,2026Q2,false,23308.05,桂中,erp:order:O-D005-2026Q2-C0287
tenant-demo,D005,经销商05,O-D005-2026Q1-C0288,D005-C0288,2026-03-01,2026Q1,true,7040.47,桂中,erp:order:O-D005-2026Q1-C0288
tenant-demo,D005,经销商05,O-D005-2026Q2-C0288,D005-C0288,2026-04-22,2026Q2,false,31854.03,桂中,erp:order:O-D005-2026Q2-C0288
tenant-demo,D005,经销商05,O-D005-2026Q1-C0289,D005-C0289,2026-01-25,2026Q1,true,16317.62,桂中,erp:order:O-D005-2026Q1-C0289
tenant-demo,D005,经销商05,O-D005-2026Q2-C0289,D005-C0289,2026-04-18,2026Q2,false,21734.96,桂中,erp:order:O-D005-2026Q2-C0289
tenant-demo,D005,经销商05,O-D005-2026Q1-C0290,D005-C0290,2026-01-17,2026Q1,true,20328.12,桂中,erp:order:O-D005-2026Q1-C0290
tenant-demo,D005,经销商05,O-D005-2026Q2-C0290,D005-C0290,2026-04-18,2026Q2,false,29904.51,桂中,erp:order:O-D005-2026Q2-C0290
tenant-demo,D005,经销商05,O-D005-2026Q1-C0291,D005-C0291,2026-03-03,2026Q1,true,17558.87,桂中,erp:order:O-D005-2026Q1-C0291
tenant-demo,D005,经销商05,O-D005-2026Q2-C0291,D005-C0291,2026-04-04,2026Q2,true,42412.91,桂中,erp:order:O-D005-2026Q2-C0291
tenant-demo,D005,经销商05,O-D005-2026Q1-C0292,D005-C0292,2026-01-03,2026Q1,true,7370.33,桂中,erp:order:O-D005-2026Q1-C0292
tenant-demo,D005,经销商05,O-D005-2026Q2-C0292,D005-C0292,2026-04-27,2026Q2,false,33805.81,桂中,erp:order:O-D005-2026Q2-C0292
tenant-demo,D005,经销商05,O-D005-2026Q1-C0293,D005-C0293,2026-03-10,2026Q1,false,14013.28,桂中,erp:order:O-D005-2026Q1-C0293
tenant-demo,D005,经销商05,O-D005-2026Q2-C0293,D005-C0293,2026-06-25,2026Q2,true,33221.01,桂中,erp:order:O-D005-2026Q2-C0293
tenant-demo,D005,经销商05,O-D005-2026Q1-C0294,D005-C0294,2026-02-21,2026Q1,false,38578.87,桂中,erp:order:O-D005-2026Q1-C0294
tenant-demo,D005,经销商05,O-D005-2026Q2-C0294,D005-C0294,2026-04-20,2026Q2,false,8611.16,桂中,erp:order:O-D005-2026Q2-C0294
tenant-demo,D005,经销商05,O-D005-2026Q1-C0295,D005-C0295,2026-02-25,2026Q1,true,16951.13,桂中,erp:order:O-D005-2026Q1-C0295
tenant-demo,D005,经销商05,O-D005-2026Q2-C0295,D005-C0295,2026-05-20,2026Q2,false,25271.61,桂中,erp:order:O-D005-2026Q2-C0295
tenant-demo,D005,经销商05,O-D005-2026Q1-C0296,D005-C0296,2026-02-08,2026Q1,false,17235.39,桂中,erp:order:O-D005-2026Q1-C0296
tenant-demo,D005,经销商05,O-D005-2026Q2-C0296,D005-C0296,2026-05-04,2026Q2,false,42920.34,桂中,erp:order:O-D005-2026Q2-C0296
tenant-demo,D005,经销商05,O-D005-2026Q1-C0297,D005-C0297,2026-03-22,2026Q1,false,38526.7,桂中,erp:order:O-D005-2026Q1-C0297
tenant-demo,D005,经销商05,O-D005-2026Q2-C0297,D005-C0297,2026-06-05,2026Q2,true,32793.66,桂中,erp:order:O-D005-2026Q2-C0297
tenant-demo,D005,经销商05,O-D005-2026Q1-C0298,D005-C0298,2026-01-15,2026Q1,true,27593.35,桂中,erp:order:O-D005-2026Q1-C0298
tenant-demo,D005,经销商05,O-D005-2026Q2-C0298,D005-C0298,2026-04-20,2026Q2,true,12478.86,桂中,erp:order:O-D005-2026Q2-C0298
tenant-demo,D005,经销商05,O-D005-2026Q1-C0299,D005-C0299,2026-02-11,2026Q1,true,5563.76,桂中,erp:order:O-D005-2026Q1-C0299
tenant-demo,D005,经销商05,O-D005-2026Q2-C0299,D005-C0299,2026-05-20,2026Q2,false,28137.1,桂中,erp:order:O-D005-2026Q2-C0299
tenant-demo,D005,经销商05,O-D005-2026Q1-C0300,D005-C0300,2026-01-24,2026Q1,false,31013.21,桂中,erp:order:O-D005-2026Q1-C0300
tenant-demo,D005,经销商05,O-D005-2026Q2-C0300,D005-C0300,2026-04-24,2026Q2,false,5581.91,桂中,erp:order:O-D005-2026Q2-C0300
tenant-demo,D005,经销商05,O-D005-2026Q1-C0301,D005-C0301,2026-03-08,2026Q1,false,10954.89,桂中,erp:order:O-D005-2026Q1-C0301
tenant-demo,D005,经销商05,O-D005-2026Q2-C0301,D005-C0301,2026-04-04,2026Q2,true,36477.98,桂中,erp:order:O-D005-2026Q2-C0301
tenant-demo,D005,经销商05,O-D005-2026Q1-C0302,D005-C0302,2026-02-04,2026Q1,false,8780.12,桂中,erp:order:O-D005-2026Q1-C0302
tenant-demo,D005,经销商05,O-D005-2026Q2-C0302,D005-C0302,2026-06-05,2026Q2,true,13624.9,桂中,erp:order:O-D005-2026Q2-C0302
tenant-demo,D005,经销商05,O-D005-2026Q1-C0303,D005-C0303,2026-01-11,2026Q1,true,44605.69,桂中,erp:order:O-D005-2026Q1-C0303
tenant-demo,D005,经销商05,O-D005-2026Q2-C0303,D005-C0303,2026-04-24,2026Q2,false,11525.16,桂中,erp:order:O-D005-2026Q2-C0303
tenant-demo,D005,经销商05,O-D005-2026Q1-C0304,D005-C0304,2026-03-13,2026Q1,false,9738.41,桂中,erp:order:O-D005-2026Q1-C0304
tenant-demo,D005,经销商05,O-D005-2026Q2-C0304,D005-C0304,2026-04-02,2026Q2,false,26499.06,桂中,erp:order:O-D005-2026Q2-C0304
tenant-demo,D005,经销商05,O-D005-2026Q1-C0305,D005-C0305,2026-02-08,2026Q1,false,40997.24,桂中,erp:order:O-D005-2026Q1-C0305
tenant-demo,D005,经销商05,O-D005-2026Q2-C0305,D005-C0305,2026-06-17,2026Q2,false,29732.62,桂中,erp:order:O-D005-2026Q2-C0305
tenant-demo,D005,经销商05,O-D005-2026Q1-C0306,D005-C0306,2026-03-07,2026Q1,false,26359.31,桂中,erp:order:O-D005-2026Q1-C0306
tenant-demo,D005,经销商05,O-D005-2026Q2-C0306,D005-C0306,2026-04-26,2026Q2,false,37676.4,桂中,erp:order:O-D005-2026Q2-C0306
tenant-demo,D005,经销商05,O-D005-2026Q1-C0307,D005-C0307,2026-02-24,2026Q1,true,21547.93,桂中,erp:order:O-D005-2026Q1-C0307
tenant-demo,D005,经销商05,O-D005-2026Q2-C0307,D005-C0307,2026-06-25,2026Q2,false,6267.98,桂中,erp:order:O-D005-2026Q2-C0307
tenant-demo,D005,经销商05,O-D005-2026Q1-C0308,D005-C0308,2026-03-24,2026Q1,true,48412.62,桂中,erp:order:O-D005-2026Q1-C0308
tenant-demo,D005,经销商05,O-D005-2026Q2-C0308,D005-C0308,2026-06-25,2026Q2,true,49873.16,桂中,erp:order:O-D005-2026Q2-C0308
tenant-demo,D005,经销商05,O-D005-2026Q1-C0309,D005-C0309,2026-03-22,2026Q1,true,22682.36,桂中,erp:order:O-D005-2026Q1-C0309
tenant-demo,D005,经销商05,O-D005-2026Q2-C0309,D005-C0309,2026-04-22,2026Q2,true,17624.72,桂中,erp:order:O-D005-2026Q2-C0309
tenant-demo,D005,经销商05,O-D005-2026Q1-C0310,D005-C0310,2026-02-06,2026Q1,false,17216.65,桂中,erp:order:O-D005-2026Q1-C0310
tenant-demo,D005,经销商05,O-D005-2026Q2-C0310,D005-C0310,2026-04-15,2026Q2,true,31567.84,桂中,erp:order:O-D005-2026Q2-C0310
tenant-demo,D005,经销商05,O-D005-2026Q1-C0311,D005-C0311,2026-02-19,2026Q1,false,18389.19,桂中,erp:order:O-D005-2026Q1-C0311
tenant-demo,D005,经销商05,O-D005-2026Q2-C0311,D005-C0311,2026-05-13,2026Q2,false,23814.79,桂中,erp:order:O-D005-2026Q2-C0311
tenant-demo,D005,经销商05,O-D005-2026Q1-C0312,D005-C0312,2026-03-20,2026Q1,true,12766.09,桂中,erp:order:O-D005-2026Q1-C0312
tenant-demo,D005,经销商05,O-D005-2026Q2-C0312,D005-C0312,2026-04-07,2026Q2,true,43499.19,桂中,erp:order:O-D005-2026Q2-C0312
tenant-demo,D005,经销商05,O-D005-2026Q1-C0313,D005-C0313,2026-02-22,2026Q1,false,8361.37,桂中,erp:order:O-D005-2026Q1-C0313
tenant-demo,D005,经销商05,O-D005-2026Q2-C0313,D005-C0313,2026-06-11,2026Q2,true,35555.48,桂中,erp:order:O-D005-2026Q2-C0313
tenant-demo,D005,经销商05,O-D005-2026Q1-C0314,D005-C0314,2026-03-25,2026Q1,false,15537.34,桂中,erp:order:O-D005-2026Q1-C0314
tenant-demo,D005,经销商05,O-D005-2026Q2-C0314,D005-C0314,2026-04-10,2026Q2,false,22464.22,桂中,erp:order:O-D005-2026Q2-C0314
tenant-demo,D005,经销商05,O-D005-2026Q1-C0315,D005-C0315,2026-02-01,2026Q1,false,9655.04,桂中,erp:order:O-D005-2026Q1-C0315
tenant-demo,D005,经销商05,O-D005-2026Q2-C0315,D005-C0315,2026-06-13,2026Q2,true,46450.54,桂中,erp:order:O-D005-2026Q2-C0315
tenant-demo,D005,经销商05,O-D005-2026Q1-C0316,D005-C0316,2026-02-09,2026Q1,false,30024.42,桂中,erp:order:O-D005-2026Q1-C0316
tenant-demo,D005,经销商05,O-D005-2026Q2-C0316,D005-C0316,2026-04-13,2026Q2,true,46774.83,桂中,erp:order:O-D005-2026Q2-C0316
tenant-demo,D005,经销商05,O-D005-2026Q1-C0317,D005-C0317,2026-02-15,2026Q1,false,9428.79,桂中,erp:order:O-D005-2026Q1-C0317
tenant-demo,D005,经销商05,O-D005-2026Q2-C0317,D005-C0317,2026-05-28,2026Q2,false,34690.28,桂中,erp:order:O-D005-2026Q2-C0317
tenant-demo,D005,经销商05,O-D005-2026Q1-C0318,D005-C0318,2026-02-08,2026Q1,false,24659.54,桂中,erp:order:O-D005-2026Q1-C0318
tenant-demo,D005,经销商05,O-D005-2026Q2-C0318,D005-C0318,2026-04-12,2026Q2,true,20635.33,桂中,erp:order:O-D005-2026Q2-C0318
tenant-demo,D005,经销商05,O-D005-2026Q1-C0319,D005-C0319,2026-03-01,2026Q1,false,41433.16,桂中,erp:order:O-D005-2026Q1-C0319
tenant-demo,D005,经销商05,O-D005-2026Q2-C0319,D005-C0319,2026-06-04,2026Q2,true,16323.14,桂中,erp:order:O-D005-2026Q2-C0319
tenant-demo,D005,经销商05,O-D005-2026Q1-C0320,D005-C0320,2026-03-28,2026Q1,false,38945.85,桂中,erp:order:O-D005-2026Q1-C0320
tenant-demo,D005,经销商05,O-D005-2026Q2-C0320,D005-C0320,2026-05-02,2026Q2,false,19452.44,桂中,erp:order:O-D005-2026Q2-C0320
tenant-demo,D006,经销商06,O-D006-2026Q1-C0001,D006-C0001,2026-03-05,2026Q1,true,33034.23,桂中,erp:order:O-D006-2026Q1-C0001
tenant-demo,D006,经销商06,O-D006-2026Q2-C0001,D006-C0001,2026-04-11,2026Q2,true,14094.47,桂中,erp:order:O-D006-2026Q2-C0001
tenant-demo,D006,经销商06,O-D006-2026Q1-C0002,D006-C0002,2026-02-25,2026Q1,true,33520.37,桂中,erp:order:O-D006-2026Q1-C0002
tenant-demo,D006,经销商06,O-D006-2026Q2-C0002,D006-C0002,2026-05-07,2026Q2,true,8162.64,桂中,erp:order:O-D006-2026Q2-C0002
tenant-demo,D006,经销商06,O-D006-2026Q1-C0003,D006-C0003,2026-01-07,2026Q1,true,42645.66,桂中,erp:order:O-D006-2026Q1-C0003
tenant-demo,D006,经销商06,O-D006-2026Q2-C0003,D006-C0003,2026-04-26,2026Q2,false,33113.92,桂中,erp:order:O-D006-2026Q2-C0003
tenant-demo,D006,经销商06,O-D006-2026Q1-C0004,D006-C0004,2026-02-18,2026Q1,false,44681.82,桂中,erp:order:O-D006-2026Q1-C0004
tenant-demo,D006,经销商06,O-D006-2026Q2-C0004,D006-C0004,2026-05-14,2026Q2,true,11014.86,桂中,erp:order:O-D006-2026Q2-C0004
tenant-demo,D006,经销商06,O-D006-2026Q1-C0005,D006-C0005,2026-02-20,2026Q1,true,24381.01,桂中,erp:order:O-D006-2026Q1-C0005
tenant-demo,D006,经销商06,O-D006-2026Q2-C0005,D006-C0005,2026-05-19,2026Q2,false,15862.27,桂中,erp:order:O-D006-2026Q2-C0005
tenant-demo,D006,经销商06,O-D006-2026Q1-C0006,D006-C0006,2026-03-03,2026Q1,false,49863.38,桂中,erp:order:O-D006-2026Q1-C0006
tenant-demo,D006,经销商06,O-D006-2026Q2-C0006,D006-C0006,2026-05-08,2026Q2,false,6154.26,桂中,erp:order:O-D006-2026Q2-C0006
tenant-demo,D006,经销商06,O-D006-2026Q1-C0007,D006-C0007,2026-02-27,2026Q1,true,17277.24,桂中,erp:order:O-D006-2026Q1-C0007
tenant-demo,D006,经销商06,O-D006-2026Q2-C0007,D006-C0007,2026-04-12,2026Q2,true,19141.38,桂中,erp:order:O-D006-2026Q2-C0007
tenant-demo,D006,经销商06,O-D006-2026Q1-C0008,D006-C0008,2026-03-23,2026Q1,true,15584.3,桂中,erp:order:O-D006-2026Q1-C0008
tenant-demo,D006,经销商06,O-D006-2026Q2-C0008,D006-C0008,2026-04-06,2026Q2,false,10656.66,桂中,erp:order:O-D006-2026Q2-C0008
tenant-demo,D006,经销商06,O-D006-2026Q1-C0009,D006-C0009,2026-01-18,2026Q1,true,11400.62,桂中,erp:order:O-D006-2026Q1-C0009
tenant-demo,D006,经销商06,O-D006-2026Q2-C0009,D006-C0009,2026-04-25,2026Q2,false,43780.89,桂中,erp:order:O-D006-2026Q2-C0009
tenant-demo,D006,经销商06,O-D006-2026Q1-C0010,D006-C0010,2026-02-11,2026Q1,true,22139.95,桂中,erp:order:O-D006-2026Q1-C0010
tenant-demo,D006,经销商06,O-D006-2026Q2-C0010,D006-C0010,2026-06-12,2026Q2,true,26582.99,桂中,erp:order:O-D006-2026Q2-C0010
tenant-demo,D006,经销商06,O-D006-2026Q1-C0011,D006-C0011,2026-03-08,2026Q1,false,21117.95,桂中,erp:order:O-D006-2026Q1-C0011
tenant-demo,D006,经销商06,O-D006-2026Q2-C0011,D006-C0011,2026-05-28,2026Q2,true,26157.66,桂中,erp:order:O-D006-2026Q2-C0011
tenant-demo,D006,经销商06,O-D006-2026Q1-C0012,D006-C0012,2026-01-22,2026Q1,false,15715.31,桂中,erp:order:O-D006-2026Q1-C0012
tenant-demo,D006,经销商06,O-D006-2026Q2-C0012,D006-C0012,2026-04-20,2026Q2,true,11545.93,桂中,erp:order:O-D006-2026Q2-C0012
tenant-demo,D006,经销商06,O-D006-2026Q1-C0013,D006-C0013,2026-01-11,2026Q1,true,31179.48,桂中,erp:order:O-D006-2026Q1-C0013
tenant-demo,D006,经销商06,O-D006-2026Q2-C0013,D006-C0013,2026-06-15,2026Q2,true,23473.75,桂中,erp:order:O-D006-2026Q2-C0013
tenant-demo,D006,经销商06,O-D006-2026Q1-C0014,D006-C0014,2026-03-07,2026Q1,false,26066.83,桂中,erp:order:O-D006-2026Q1-C0014
tenant-demo,D006,经销商06,O-D006-2026Q2-C0014,D006-C0014,2026-05-16,2026Q2,true,5147.93,桂中,erp:order:O-D006-2026Q2-C0014
tenant-demo,D006,经销商06,O-D006-2026Q1-C0015,D006-C0015,2026-03-27,2026Q1,true,14090.51,桂中,erp:order:O-D006-2026Q1-C0015
tenant-demo,D006,经销商06,O-D006-2026Q2-C0015,D006-C0015,2026-04-19,2026Q2,false,25326.39,桂中,erp:order:O-D006-2026Q2-C0015
tenant-demo,D006,经销商06,O-D006-2026Q1-C0016,D006-C0016,2026-02-02,2026Q1,false,12691.16,桂中,erp:order:O-D006-2026Q1-C0016
tenant-demo,D006,经销商06,O-D006-2026Q2-C0016,D006-C0016,2026-06-23,2026Q2,false,21997.56,桂中,erp:order:O-D006-2026Q2-C0016
tenant-demo,D006,经销商06,O-D006-2026Q1-C0017,D006-C0017,2026-01-06,2026Q1,false,17712.65,桂中,erp:order:O-D006-2026Q1-C0017
tenant-demo,D006,经销商06,O-D006-2026Q2-C0017,D006-C0017,2026-05-22,2026Q2,false,24772.94,桂中,erp:order:O-D006-2026Q2-C0017
tenant-demo,D006,经销商06,O-D006-2026Q1-C0018,D006-C0018,2026-01-16,2026Q1,true,18677.94,桂中,erp:order:O-D006-2026Q1-C0018
tenant-demo,D006,经销商06,O-D006-2026Q2-C0018,D006-C0018,2026-05-18,2026Q2,false,26336.83,桂中,erp:order:O-D006-2026Q2-C0018
tenant-demo,D006,经销商06,O-D006-2026Q1-C0019,D006-C0019,2026-01-03,2026Q1,true,26744.48,桂中,erp:order:O-D006-2026Q1-C0019
tenant-demo,D006,经销商06,O-D006-2026Q2-C0019,D006-C0019,2026-06-06,2026Q2,true,26686.23,桂中,erp:order:O-D006-2026Q2-C0019
tenant-demo,D006,经销商06,O-D006-2026Q1-C0020,D006-C0020,2026-02-07,2026Q1,true,25582.95,桂中,erp:order:O-D006-2026Q1-C0020
tenant-demo,D006,经销商06,O-D006-2026Q2-C0020,D006-C0020,2026-06-11,2026Q2,true,37590.33,桂中,erp:order:O-D006-2026Q2-C0020
tenant-demo,D006,经销商06,O-D006-2026Q1-C0021,D006-C0021,2026-03-05,2026Q1,true,17605.68,桂中,erp:order:O-D006-2026Q1-C0021
tenant-demo,D006,经销商06,O-D006-2026Q2-C0021,D006-C0021,2026-05-11,2026Q2,false,48419.28,桂中,erp:order:O-D006-2026Q2-C0021
tenant-demo,D006,经销商06,O-D006-2026Q1-C0022,D006-C0022,2026-03-03,2026Q1,false,5413.07,桂中,erp:order:O-D006-2026Q1-C0022
tenant-demo,D006,经销商06,O-D006-2026Q2-C0022,D006-C0022,2026-06-23,2026Q2,false,24902.62,桂中,erp:order:O-D006-2026Q2-C0022
tenant-demo,D006,经销商06,O-D006-2026Q1-C0023,D006-C0023,2026-02-24,2026Q1,false,38583.79,桂中,erp:order:O-D006-2026Q1-C0023
tenant-demo,D006,经销商06,O-D006-2026Q2-C0023,D006-C0023,2026-05-10,2026Q2,false,45391.2,桂中,erp:order:O-D006-2026Q2-C0023
tenant-demo,D006,经销商06,O-D006-2026Q1-C0024,D006-C0024,2026-02-10,2026Q1,false,48391.93,桂中,erp:order:O-D006-2026Q1-C0024
tenant-demo,D006,经销商06,O-D006-2026Q2-C0024,D006-C0024,2026-06-02,2026Q2,false,10143.8,桂中,erp:order:O-D006-2026Q2-C0024
tenant-demo,D006,经销商06,O-D006-2026Q1-C0025,D006-C0025,2026-01-09,2026Q1,true,6000.47,桂中,erp:order:O-D006-2026Q1-C0025
tenant-demo,D006,经销商06,O-D006-2026Q2-C0025,D006-C0025,2026-05-25,2026Q2,false,12158.86,桂中,erp:order:O-D006-2026Q2-C0025
tenant-demo,D006,经销商06,O-D006-2026Q1-C0026,D006-C0026,2026-02-19,2026Q1,false,36939.03,桂中,erp:order:O-D006-2026Q1-C0026
tenant-demo,D006,经销商06,O-D006-2026Q2-C0026,D006-C0026,2026-05-13,2026Q2,true,23528.04,桂中,erp:order:O-D006-2026Q2-C0026
tenant-demo,D006,经销商06,O-D006-2026Q1-C0027,D006-C0027,2026-01-05,2026Q1,true,27676.02,桂中,erp:order:O-D006-2026Q1-C0027
tenant-demo,D006,经销商06,O-D006-2026Q2-C0027,D006-C0027,2026-06-22,2026Q2,false,31978.42,桂中,erp:order:O-D006-2026Q2-C0027
tenant-demo,D006,经销商06,O-D006-2026Q1-C0028,D006-C0028,2026-01-14,2026Q1,true,47418.99,桂中,erp:order:O-D006-2026Q1-C0028
tenant-demo,D006,经销商06,O-D006-2026Q2-C0028,D006-C0028,2026-06-13,2026Q2,false,33576.97,桂中,erp:order:O-D006-2026Q2-C0028
tenant-demo,D006,经销商06,O-D006-2026Q1-C0029,D006-C0029,2026-01-08,2026Q1,false,35180.08,桂中,erp:order:O-D006-2026Q1-C0029
tenant-demo,D006,经销商06,O-D006-2026Q2-C0029,D006-C0029,2026-04-16,2026Q2,false,14535.21,桂中,erp:order:O-D006-2026Q2-C0029
tenant-demo,D006,经销商06,O-D006-2026Q1-C0030,D006-C0030,2026-03-11,2026Q1,false,13553.18,桂中,erp:order:O-D006-2026Q1-C0030
tenant-demo,D006,经销商06,O-D006-2026Q2-C0030,D006-C0030,2026-04-06,2026Q2,false,6678.81,桂中,erp:order:O-D006-2026Q2-C0030
tenant-demo,D006,经销商06,O-D006-2026Q1-C0031,D006-C0031,2026-01-14,2026Q1,false,48007.78,桂中,erp:order:O-D006-2026Q1-C0031
tenant-demo,D006,经销商06,O-D006-2026Q2-C0031,D006-C0031,2026-04-22,2026Q2,false,19049.83,桂中,erp:order:O-D006-2026Q2-C0031
tenant-demo,D006,经销商06,O-D006-2026Q1-C0032,D006-C0032,2026-01-07,2026Q1,false,24682.64,桂中,erp:order:O-D006-2026Q1-C0032
tenant-demo,D006,经销商06,O-D006-2026Q2-C0032,D006-C0032,2026-06-01,2026Q2,false,27110.89,桂中,erp:order:O-D006-2026Q2-C0032
tenant-demo,D006,经销商06,O-D006-2026Q1-C0033,D006-C0033,2026-03-26,2026Q1,true,28057.62,桂中,erp:order:O-D006-2026Q1-C0033
tenant-demo,D006,经销商06,O-D006-2026Q2-C0033,D006-C0033,2026-06-28,2026Q2,false,28243.22,桂中,erp:order:O-D006-2026Q2-C0033
tenant-demo,D006,经销商06,O-D006-2026Q1-C0034,D006-C0034,2026-02-22,2026Q1,false,36610.68,桂中,erp:order:O-D006-2026Q1-C0034
tenant-demo,D006,经销商06,O-D006-2026Q2-C0034,D006-C0034,2026-06-08,2026Q2,false,39199.83,桂中,erp:order:O-D006-2026Q2-C0034
tenant-demo,D006,经销商06,O-D006-2026Q1-C0035,D006-C0035,2026-01-26,2026Q1,true,44152.33,桂中,erp:order:O-D006-2026Q1-C0035
tenant-demo,D006,经销商06,O-D006-2026Q2-C0035,D006-C0035,2026-05-14,2026Q2,true,19767.13,桂中,erp:order:O-D006-2026Q2-C0035
tenant-demo,D006,经销商06,O-D006-2026Q1-C0036,D006-C0036,2026-02-06,2026Q1,true,14448.31,桂中,erp:order:O-D006-2026Q1-C0036
tenant-demo,D006,经销商06,O-D006-2026Q2-C0036,D006-C0036,2026-04-28,2026Q2,true,48778.37,桂中,erp:order:O-D006-2026Q2-C0036
tenant-demo,D006,经销商06,O-D006-2026Q1-C0037,D006-C0037,2026-01-15,2026Q1,true,11532.2,桂中,erp:order:O-D006-2026Q1-C0037
tenant-demo,D006,经销商06,O-D006-2026Q2-C0037,D006-C0037,2026-04-08,2026Q2,false,21023.49,桂中,erp:order:O-D006-2026Q2-C0037
tenant-demo,D006,经销商06,O-D006-2026Q1-C0038,D006-C0038,2026-02-20,2026Q1,false,35055.59,桂中,erp:order:O-D006-2026Q1-C0038
tenant-demo,D006,经销商06,O-D006-2026Q2-C0038,D006-C0038,2026-05-14,2026Q2,true,47544.76,桂中,erp:order:O-D006-2026Q2-C0038
tenant-demo,D006,经销商06,O-D006-2026Q1-C0039,D006-C0039,2026-01-13,2026Q1,false,25164.82,桂中,erp:order:O-D006-2026Q1-C0039
tenant-demo,D006,经销商06,O-D006-2026Q2-C0039,D006-C0039,2026-05-17,2026Q2,false,47440.67,桂中,erp:order:O-D006-2026Q2-C0039
tenant-demo,D006,经销商06,O-D006-2026Q1-C0040,D006-C0040,2026-03-12,2026Q1,false,16337.93,桂中,erp:order:O-D006-2026Q1-C0040
tenant-demo,D006,经销商06,O-D006-2026Q2-C0040,D006-C0040,2026-05-26,2026Q2,false,18666.97,桂中,erp:order:O-D006-2026Q2-C0040
tenant-demo,D006,经销商06,O-D006-2026Q1-C0041,D006-C0041,2026-03-19,2026Q1,false,26691.03,桂中,erp:order:O-D006-2026Q1-C0041
tenant-demo,D006,经销商06,O-D006-2026Q2-C0041,D006-C0041,2026-05-25,2026Q2,true,33913.17,桂中,erp:order:O-D006-2026Q2-C0041
tenant-demo,D006,经销商06,O-D006-2026Q1-C0042,D006-C0042,2026-01-10,2026Q1,true,9468.78,桂中,erp:order:O-D006-2026Q1-C0042
tenant-demo,D006,经销商06,O-D006-2026Q2-C0042,D006-C0042,2026-06-17,2026Q2,true,41664.17,桂中,erp:order:O-D006-2026Q2-C0042
tenant-demo,D006,经销商06,O-D006-2026Q1-C0043,D006-C0043,2026-03-06,2026Q1,true,28480.32,桂中,erp:order:O-D006-2026Q1-C0043
tenant-demo,D006,经销商06,O-D006-2026Q2-C0043,D006-C0043,2026-05-16,2026Q2,false,8914.32,桂中,erp:order:O-D006-2026Q2-C0043
tenant-demo,D006,经销商06,O-D006-2026Q1-C0044,D006-C0044,2026-01-17,2026Q1,false,23304.37,桂中,erp:order:O-D006-2026Q1-C0044
tenant-demo,D006,经销商06,O-D006-2026Q2-C0044,D006-C0044,2026-06-16,2026Q2,false,29247.54,桂中,erp:order:O-D006-2026Q2-C0044
tenant-demo,D006,经销商06,O-D006-2026Q1-C0045,D006-C0045,2026-03-13,2026Q1,false,39604.51,桂中,erp:order:O-D006-2026Q1-C0045
tenant-demo,D006,经销商06,O-D006-2026Q2-C0045,D006-C0045,2026-05-15,2026Q2,false,21319.17,桂中,erp:order:O-D006-2026Q2-C0045
tenant-demo,D006,经销商06,O-D006-2026Q1-C0046,D006-C0046,2026-03-25,2026Q1,true,26295.13,桂中,erp:order:O-D006-2026Q1-C0046
tenant-demo,D006,经销商06,O-D006-2026Q2-C0046,D006-C0046,2026-05-16,2026Q2,false,25924.13,桂中,erp:order:O-D006-2026Q2-C0046
tenant-demo,D006,经销商06,O-D006-2026Q1-C0047,D006-C0047,2026-02-07,2026Q1,false,39073.01,桂中,erp:order:O-D006-2026Q1-C0047
tenant-demo,D006,经销商06,O-D006-2026Q2-C0047,D006-C0047,2026-06-18,2026Q2,false,45687.58,桂中,erp:order:O-D006-2026Q2-C0047
tenant-demo,D006,经销商06,O-D006-2026Q1-C0048,D006-C0048,2026-02-27,2026Q1,false,30052.89,桂中,erp:order:O-D006-2026Q1-C0048
tenant-demo,D006,经销商06,O-D006-2026Q2-C0048,D006-C0048,2026-04-11,2026Q2,true,10180.44,桂中,erp:order:O-D006-2026Q2-C0048
tenant-demo,D006,经销商06,O-D006-2026Q1-C0049,D006-C0049,2026-03-16,2026Q1,true,22355.43,桂中,erp:order:O-D006-2026Q1-C0049
tenant-demo,D006,经销商06,O-D006-2026Q2-C0049,D006-C0049,2026-04-04,2026Q2,false,9751.76,桂中,erp:order:O-D006-2026Q2-C0049
tenant-demo,D006,经销商06,O-D006-2026Q1-C0050,D006-C0050,2026-02-11,2026Q1,true,48445.52,桂中,erp:order:O-D006-2026Q1-C0050
tenant-demo,D006,经销商06,O-D006-2026Q2-C0050,D006-C0050,2026-04-12,2026Q2,false,17826.67,桂中,erp:order:O-D006-2026Q2-C0050
tenant-demo,D006,经销商06,O-D006-2026Q1-C0051,D006-C0051,2026-01-03,2026Q1,true,14130.02,桂中,erp:order:O-D006-2026Q1-C0051
tenant-demo,D006,经销商06,O-D006-2026Q2-C0051,D006-C0051,2026-05-22,2026Q2,true,25379.74,桂中,erp:order:O-D006-2026Q2-C0051
tenant-demo,D006,经销商06,O-D006-2026Q1-C0052,D006-C0052,2026-01-25,2026Q1,true,18599.4,桂中,erp:order:O-D006-2026Q1-C0052
tenant-demo,D006,经销商06,O-D006-2026Q2-C0052,D006-C0052,2026-04-28,2026Q2,false,22297.96,桂中,erp:order:O-D006-2026Q2-C0052
tenant-demo,D006,经销商06,O-D006-2026Q1-C0053,D006-C0053,2026-03-15,2026Q1,true,14823.19,桂中,erp:order:O-D006-2026Q1-C0053
tenant-demo,D006,经销商06,O-D006-2026Q2-C0053,D006-C0053,2026-05-04,2026Q2,true,37551.3,桂中,erp:order:O-D006-2026Q2-C0053
tenant-demo,D006,经销商06,O-D006-2026Q1-C0054,D006-C0054,2026-01-04,2026Q1,false,17935.79,桂中,erp:order:O-D006-2026Q1-C0054
tenant-demo,D006,经销商06,O-D006-2026Q2-C0054,D006-C0054,2026-05-02,2026Q2,false,26601.34,桂中,erp:order:O-D006-2026Q2-C0054
tenant-demo,D006,经销商06,O-D006-2026Q1-C0055,D006-C0055,2026-01-04,2026Q1,true,7011.01,桂中,erp:order:O-D006-2026Q1-C0055
tenant-demo,D006,经销商06,O-D006-2026Q2-C0055,D006-C0055,2026-06-04,2026Q2,false,17439.42,桂中,erp:order:O-D006-2026Q2-C0055
tenant-demo,D006,经销商06,O-D006-2026Q1-C0056,D006-C0056,2026-01-26,2026Q1,true,14340.12,桂中,erp:order:O-D006-2026Q1-C0056
tenant-demo,D006,经销商06,O-D006-2026Q2-C0056,D006-C0056,2026-06-01,2026Q2,true,46503.91,桂中,erp:order:O-D006-2026Q2-C0056
tenant-demo,D006,经销商06,O-D006-2026Q1-C0057,D006-C0057,2026-03-27,2026Q1,true,49532.17,桂中,erp:order:O-D006-2026Q1-C0057
tenant-demo,D006,经销商06,O-D006-2026Q2-C0057,D006-C0057,2026-04-10,2026Q2,true,29279.57,桂中,erp:order:O-D006-2026Q2-C0057
tenant-demo,D006,经销商06,O-D006-2026Q1-C0058,D006-C0058,2026-01-24,2026Q1,true,32620.12,桂中,erp:order:O-D006-2026Q1-C0058
tenant-demo,D006,经销商06,O-D006-2026Q2-C0058,D006-C0058,2026-04-06,2026Q2,true,36469.97,桂中,erp:order:O-D006-2026Q2-C0058
tenant-demo,D006,经销商06,O-D006-2026Q1-C0059,D006-C0059,2026-03-21,2026Q1,false,38194.34,桂中,erp:order:O-D006-2026Q1-C0059
tenant-demo,D006,经销商06,O-D006-2026Q2-C0059,D006-C0059,2026-04-26,2026Q2,false,35523.15,桂中,erp:order:O-D006-2026Q2-C0059
tenant-demo,D006,经销商06,O-D006-2026Q1-C0060,D006-C0060,2026-02-21,2026Q1,true,22806.01,桂中,erp:order:O-D006-2026Q1-C0060
tenant-demo,D006,经销商06,O-D006-2026Q2-C0060,D006-C0060,2026-06-03,2026Q2,false,49723.58,桂中,erp:order:O-D006-2026Q2-C0060
tenant-demo,D006,经销商06,O-D006-2026Q1-C0061,D006-C0061,2026-01-16,2026Q1,true,8110.52,桂中,erp:order:O-D006-2026Q1-C0061
tenant-demo,D006,经销商06,O-D006-2026Q2-C0061,D006-C0061,2026-05-02,2026Q2,true,46277.76,桂中,erp:order:O-D006-2026Q2-C0061
tenant-demo,D006,经销商06,O-D006-2026Q1-C0062,D006-C0062,2026-03-17,2026Q1,true,16768.79,桂中,erp:order:O-D006-2026Q1-C0062
tenant-demo,D006,经销商06,O-D006-2026Q2-C0062,D006-C0062,2026-06-17,2026Q2,true,12971.81,桂中,erp:order:O-D006-2026Q2-C0062
tenant-demo,D006,经销商06,O-D006-2026Q1-C0063,D006-C0063,2026-01-18,2026Q1,false,12293.71,桂中,erp:order:O-D006-2026Q1-C0063
tenant-demo,D006,经销商06,O-D006-2026Q2-C0063,D006-C0063,2026-06-14,2026Q2,true,43113.22,桂中,erp:order:O-D006-2026Q2-C0063
tenant-demo,D006,经销商06,O-D006-2026Q1-C0064,D006-C0064,2026-01-01,2026Q1,false,11681.31,桂中,erp:order:O-D006-2026Q1-C0064
tenant-demo,D006,经销商06,O-D006-2026Q2-C0064,D006-C0064,2026-06-02,2026Q2,false,18099.66,桂中,erp:order:O-D006-2026Q2-C0064
tenant-demo,D006,经销商06,O-D006-2026Q1-C0065,D006-C0065,2026-01-13,2026Q1,true,32153.59,桂中,erp:order:O-D006-2026Q1-C0065
tenant-demo,D006,经销商06,O-D006-2026Q2-C0065,D006-C0065,2026-06-17,2026Q2,false,25006.28,桂中,erp:order:O-D006-2026Q2-C0065
tenant-demo,D006,经销商06,O-D006-2026Q1-C0066,D006-C0066,2026-03-18,2026Q1,false,33019.92,桂中,erp:order:O-D006-2026Q1-C0066
tenant-demo,D006,经销商06,O-D006-2026Q2-C0066,D006-C0066,2026-04-04,2026Q2,false,43897.37,桂中,erp:order:O-D006-2026Q2-C0066
tenant-demo,D006,经销商06,O-D006-2026Q1-C0067,D006-C0067,2026-01-22,2026Q1,true,10705.2,桂中,erp:order:O-D006-2026Q1-C0067
tenant-demo,D006,经销商06,O-D006-2026Q2-C0067,D006-C0067,2026-04-18,2026Q2,true,16579.6,桂中,erp:order:O-D006-2026Q2-C0067
tenant-demo,D006,经销商06,O-D006-2026Q1-C0068,D006-C0068,2026-02-26,2026Q1,false,35225.27,桂中,erp:order:O-D006-2026Q1-C0068
tenant-demo,D006,经销商06,O-D006-2026Q2-C0068,D006-C0068,2026-06-10,2026Q2,false,19220.05,桂中,erp:order:O-D006-2026Q2-C0068
tenant-demo,D006,经销商06,O-D006-2026Q1-C0069,D006-C0069,2026-03-17,2026Q1,false,43648.15,桂中,erp:order:O-D006-2026Q1-C0069
tenant-demo,D006,经销商06,O-D006-2026Q2-C0069,D006-C0069,2026-05-01,2026Q2,false,6477.77,桂中,erp:order:O-D006-2026Q2-C0069
tenant-demo,D006,经销商06,O-D006-2026Q1-C0070,D006-C0070,2026-02-06,2026Q1,true,5226.37,桂中,erp:order:O-D006-2026Q1-C0070
tenant-demo,D006,经销商06,O-D006-2026Q2-C0070,D006-C0070,2026-06-13,2026Q2,true,35480.79,桂中,erp:order:O-D006-2026Q2-C0070
tenant-demo,D006,经销商06,O-D006-2026Q1-C0071,D006-C0071,2026-01-24,2026Q1,true,14701.14,桂中,erp:order:O-D006-2026Q1-C0071
tenant-demo,D006,经销商06,O-D006-2026Q2-C0071,D006-C0071,2026-04-24,2026Q2,false,48915.63,桂中,erp:order:O-D006-2026Q2-C0071
tenant-demo,D006,经销商06,O-D006-2026Q1-C0072,D006-C0072,2026-02-21,2026Q1,false,35588.77,桂中,erp:order:O-D006-2026Q1-C0072
tenant-demo,D006,经销商06,O-D006-2026Q2-C0072,D006-C0072,2026-05-14,2026Q2,false,7436.92,桂中,erp:order:O-D006-2026Q2-C0072
tenant-demo,D006,经销商06,O-D006-2026Q1-C0073,D006-C0073,2026-02-25,2026Q1,true,12774.43,桂中,erp:order:O-D006-2026Q1-C0073
tenant-demo,D006,经销商06,O-D006-2026Q2-C0073,D006-C0073,2026-04-17,2026Q2,true,35949.59,桂中,erp:order:O-D006-2026Q2-C0073
tenant-demo,D006,经销商06,O-D006-2026Q1-C0074,D006-C0074,2026-01-15,2026Q1,false,32751.25,桂中,erp:order:O-D006-2026Q1-C0074
tenant-demo,D006,经销商06,O-D006-2026Q2-C0074,D006-C0074,2026-04-20,2026Q2,true,45183.29,桂中,erp:order:O-D006-2026Q2-C0074
tenant-demo,D006,经销商06,O-D006-2026Q1-C0075,D006-C0075,2026-03-07,2026Q1,false,29940.51,桂中,erp:order:O-D006-2026Q1-C0075
tenant-demo,D006,经销商06,O-D006-2026Q2-C0075,D006-C0075,2026-05-01,2026Q2,false,5889.75,桂中,erp:order:O-D006-2026Q2-C0075
tenant-demo,D006,经销商06,O-D006-2026Q1-C0076,D006-C0076,2026-03-03,2026Q1,false,21350.73,桂中,erp:order:O-D006-2026Q1-C0076
tenant-demo,D006,经销商06,O-D006-2026Q2-C0076,D006-C0076,2026-05-19,2026Q2,true,19124.07,桂中,erp:order:O-D006-2026Q2-C0076
tenant-demo,D006,经销商06,O-D006-2026Q1-C0077,D006-C0077,2026-03-09,2026Q1,false,26350.18,桂中,erp:order:O-D006-2026Q1-C0077
tenant-demo,D006,经销商06,O-D006-2026Q2-C0077,D006-C0077,2026-06-10,2026Q2,true,8653.81,桂中,erp:order:O-D006-2026Q2-C0077
tenant-demo,D006,经销商06,O-D006-2026Q1-C0078,D006-C0078,2026-02-25,2026Q1,false,26316.3,桂中,erp:order:O-D006-2026Q1-C0078
tenant-demo,D006,经销商06,O-D006-2026Q2-C0078,D006-C0078,2026-06-20,2026Q2,true,45686.96,桂中,erp:order:O-D006-2026Q2-C0078
tenant-demo,D006,经销商06,O-D006-2026Q1-C0079,D006-C0079,2026-03-27,2026Q1,false,35889.39,桂中,erp:order:O-D006-2026Q1-C0079
tenant-demo,D006,经销商06,O-D006-2026Q2-C0079,D006-C0079,2026-04-15,2026Q2,false,25653.15,桂中,erp:order:O-D006-2026Q2-C0079
tenant-demo,D006,经销商06,O-D006-2026Q1-C0080,D006-C0080,2026-02-05,2026Q1,false,49714.65,桂中,erp:order:O-D006-2026Q1-C0080
tenant-demo,D006,经销商06,O-D006-2026Q2-C0080,D006-C0080,2026-05-02,2026Q2,false,33339.75,桂中,erp:order:O-D006-2026Q2-C0080
tenant-demo,D006,经销商06,O-D006-2026Q1-C0081,D006-C0081,2026-02-08,2026Q1,false,9268.62,桂中,erp:order:O-D006-2026Q1-C0081
tenant-demo,D006,经销商06,O-D006-2026Q2-C0081,D006-C0081,2026-04-14,2026Q2,false,41512.31,桂中,erp:order:O-D006-2026Q2-C0081
tenant-demo,D006,经销商06,O-D006-2026Q1-C0082,D006-C0082,2026-03-06,2026Q1,true,18546.74,桂中,erp:order:O-D006-2026Q1-C0082
tenant-demo,D006,经销商06,O-D006-2026Q2-C0082,D006-C0082,2026-06-11,2026Q2,false,49926.41,桂中,erp:order:O-D006-2026Q2-C0082
tenant-demo,D006,经销商06,O-D006-2026Q1-C0083,D006-C0083,2026-01-21,2026Q1,false,33670.8,桂中,erp:order:O-D006-2026Q1-C0083
tenant-demo,D006,经销商06,O-D006-2026Q2-C0083,D006-C0083,2026-05-19,2026Q2,true,21209.2,桂中,erp:order:O-D006-2026Q2-C0083
tenant-demo,D006,经销商06,O-D006-2026Q1-C0084,D006-C0084,2026-02-11,2026Q1,false,10459.71,桂中,erp:order:O-D006-2026Q1-C0084
tenant-demo,D006,经销商06,O-D006-2026Q2-C0084,D006-C0084,2026-04-20,2026Q2,false,37387.54,桂中,erp:order:O-D006-2026Q2-C0084
tenant-demo,D006,经销商06,O-D006-2026Q1-C0085,D006-C0085,2026-03-19,2026Q1,false,34066.02,桂中,erp:order:O-D006-2026Q1-C0085
tenant-demo,D006,经销商06,O-D006-2026Q2-C0085,D006-C0085,2026-06-19,2026Q2,true,15292.59,桂中,erp:order:O-D006-2026Q2-C0085
tenant-demo,D006,经销商06,O-D006-2026Q1-C0086,D006-C0086,2026-01-07,2026Q1,false,22679.02,桂中,erp:order:O-D006-2026Q1-C0086
tenant-demo,D006,经销商06,O-D006-2026Q2-C0086,D006-C0086,2026-04-03,2026Q2,false,43965.19,桂中,erp:order:O-D006-2026Q2-C0086
tenant-demo,D006,经销商06,O-D006-2026Q1-C0087,D006-C0087,2026-03-07,2026Q1,false,28247.35,桂中,erp:order:O-D006-2026Q1-C0087
tenant-demo,D006,经销商06,O-D006-2026Q2-C0087,D006-C0087,2026-06-20,2026Q2,true,42988.89,桂中,erp:order:O-D006-2026Q2-C0087
tenant-demo,D006,经销商06,O-D006-2026Q1-C0088,D006-C0088,2026-01-14,2026Q1,false,33947.16,桂中,erp:order:O-D006-2026Q1-C0088
tenant-demo,D006,经销商06,O-D006-2026Q2-C0088,D006-C0088,2026-05-14,2026Q2,true,30080.27,桂中,erp:order:O-D006-2026Q2-C0088
tenant-demo,D006,经销商06,O-D006-2026Q1-C0089,D006-C0089,2026-01-16,2026Q1,true,47858.05,桂中,erp:order:O-D006-2026Q1-C0089
tenant-demo,D006,经销商06,O-D006-2026Q2-C0089,D006-C0089,2026-04-21,2026Q2,false,24396.4,桂中,erp:order:O-D006-2026Q2-C0089
tenant-demo,D006,经销商06,O-D006-2026Q1-C0090,D006-C0090,2026-02-09,2026Q1,false,25563.62,桂中,erp:order:O-D006-2026Q1-C0090
tenant-demo,D006,经销商06,O-D006-2026Q2-C0090,D006-C0090,2026-05-01,2026Q2,false,5147.64,桂中,erp:order:O-D006-2026Q2-C0090
tenant-demo,D006,经销商06,O-D006-2026Q1-C0091,D006-C0091,2026-02-24,2026Q1,true,17728.85,桂中,erp:order:O-D006-2026Q1-C0091
tenant-demo,D006,经销商06,O-D006-2026Q2-C0091,D006-C0091,2026-05-18,2026Q2,false,11904.18,桂中,erp:order:O-D006-2026Q2-C0091
tenant-demo,D006,经销商06,O-D006-2026Q1-C0092,D006-C0092,2026-03-03,2026Q1,true,41739.07,桂中,erp:order:O-D006-2026Q1-C0092
tenant-demo,D006,经销商06,O-D006-2026Q2-C0092,D006-C0092,2026-06-13,2026Q2,false,49377.51,桂中,erp:order:O-D006-2026Q2-C0092
tenant-demo,D006,经销商06,O-D006-2026Q1-C0093,D006-C0093,2026-03-26,2026Q1,true,45158.3,桂中,erp:order:O-D006-2026Q1-C0093
tenant-demo,D006,经销商06,O-D006-2026Q2-C0093,D006-C0093,2026-06-15,2026Q2,true,5562.29,桂中,erp:order:O-D006-2026Q2-C0093
tenant-demo,D006,经销商06,O-D006-2026Q1-C0094,D006-C0094,2026-03-05,2026Q1,true,27199.09,桂中,erp:order:O-D006-2026Q1-C0094
tenant-demo,D006,经销商06,O-D006-2026Q2-C0094,D006-C0094,2026-06-26,2026Q2,false,42300.96,桂中,erp:order:O-D006-2026Q2-C0094
tenant-demo,D006,经销商06,O-D006-2026Q1-C0095,D006-C0095,2026-01-25,2026Q1,false,37927.19,桂中,erp:order:O-D006-2026Q1-C0095
tenant-demo,D006,经销商06,O-D006-2026Q2-C0095,D006-C0095,2026-04-21,2026Q2,false,20457.81,桂中,erp:order:O-D006-2026Q2-C0095
tenant-demo,D006,经销商06,O-D006-2026Q1-C0096,D006-C0096,2026-01-22,2026Q1,false,10816.64,桂中,erp:order:O-D006-2026Q1-C0096
tenant-demo,D006,经销商06,O-D006-2026Q2-C0096,D006-C0096,2026-06-05,2026Q2,false,21796.0,桂中,erp:order:O-D006-2026Q2-C0096
tenant-demo,D006,经销商06,O-D006-2026Q1-C0097,D006-C0097,2026-02-10,2026Q1,false,7498.46,桂中,erp:order:O-D006-2026Q1-C0097
tenant-demo,D006,经销商06,O-D006-2026Q2-C0097,D006-C0097,2026-05-14,2026Q2,true,46237.68,桂中,erp:order:O-D006-2026Q2-C0097
tenant-demo,D006,经销商06,O-D006-2026Q1-C0098,D006-C0098,2026-03-01,2026Q1,false,8548.17,桂中,erp:order:O-D006-2026Q1-C0098
tenant-demo,D006,经销商06,O-D006-2026Q2-C0098,D006-C0098,2026-04-10,2026Q2,false,48357.74,桂中,erp:order:O-D006-2026Q2-C0098
tenant-demo,D006,经销商06,O-D006-2026Q1-C0099,D006-C0099,2026-03-22,2026Q1,false,7667.27,桂中,erp:order:O-D006-2026Q1-C0099
tenant-demo,D006,经销商06,O-D006-2026Q2-C0099,D006-C0099,2026-06-27,2026Q2,false,14406.78,桂中,erp:order:O-D006-2026Q2-C0099
tenant-demo,D006,经销商06,O-D006-2026Q1-C0100,D006-C0100,2026-02-07,2026Q1,true,6975.07,桂中,erp:order:O-D006-2026Q1-C0100
tenant-demo,D006,经销商06,O-D006-2026Q2-C0100,D006-C0100,2026-04-01,2026Q2,false,5696.15,桂中,erp:order:O-D006-2026Q2-C0100
tenant-demo,D006,经销商06,O-D006-2026Q1-C0101,D006-C0101,2026-02-15,2026Q1,false,37881.94,桂中,erp:order:O-D006-2026Q1-C0101
tenant-demo,D006,经销商06,O-D006-2026Q2-C0101,D006-C0101,2026-06-16,2026Q2,true,14048.97,桂中,erp:order:O-D006-2026Q2-C0101
tenant-demo,D006,经销商06,O-D006-2026Q1-C0102,D006-C0102,2026-03-24,2026Q1,false,48617.25,桂中,erp:order:O-D006-2026Q1-C0102
tenant-demo,D006,经销商06,O-D006-2026Q2-C0102,D006-C0102,2026-05-17,2026Q2,true,38094.34,桂中,erp:order:O-D006-2026Q2-C0102
tenant-demo,D006,经销商06,O-D006-2026Q1-C0103,D006-C0103,2026-02-22,2026Q1,true,7038.26,桂中,erp:order:O-D006-2026Q1-C0103
tenant-demo,D006,经销商06,O-D006-2026Q2-C0103,D006-C0103,2026-04-08,2026Q2,true,38184.39,桂中,erp:order:O-D006-2026Q2-C0103
tenant-demo,D006,经销商06,O-D006-2026Q1-C0104,D006-C0104,2026-03-19,2026Q1,false,17503.47,桂中,erp:order:O-D006-2026Q1-C0104
tenant-demo,D006,经销商06,O-D006-2026Q2-C0104,D006-C0104,2026-04-25,2026Q2,true,15717.5,桂中,erp:order:O-D006-2026Q2-C0104
tenant-demo,D006,经销商06,O-D006-2026Q1-C0105,D006-C0105,2026-03-15,2026Q1,true,37911.28,桂中,erp:order:O-D006-2026Q1-C0105
tenant-demo,D006,经销商06,O-D006-2026Q2-C0105,D006-C0105,2026-04-24,2026Q2,false,12056.88,桂中,erp:order:O-D006-2026Q2-C0105
tenant-demo,D006,经销商06,O-D006-2026Q1-C0106,D006-C0106,2026-01-28,2026Q1,false,11611.98,桂中,erp:order:O-D006-2026Q1-C0106
tenant-demo,D006,经销商06,O-D006-2026Q2-C0106,D006-C0106,2026-05-26,2026Q2,false,12208.28,桂中,erp:order:O-D006-2026Q2-C0106
tenant-demo,D006,经销商06,O-D006-2026Q1-C0107,D006-C0107,2026-01-01,2026Q1,false,36205.37,桂中,erp:order:O-D006-2026Q1-C0107
tenant-demo,D006,经销商06,O-D006-2026Q2-C0107,D006-C0107,2026-05-03,2026Q2,false,43367.63,桂中,erp:order:O-D006-2026Q2-C0107
tenant-demo,D006,经销商06,O-D006-2026Q1-C0108,D006-C0108,2026-02-26,2026Q1,true,40128.06,桂中,erp:order:O-D006-2026Q1-C0108
tenant-demo,D006,经销商06,O-D006-2026Q2-C0108,D006-C0108,2026-06-10,2026Q2,false,22814.74,桂中,erp:order:O-D006-2026Q2-C0108
tenant-demo,D006,经销商06,O-D006-2026Q1-C0109,D006-C0109,2026-03-12,2026Q1,false,36939.69,桂中,erp:order:O-D006-2026Q1-C0109
tenant-demo,D006,经销商06,O-D006-2026Q2-C0109,D006-C0109,2026-06-08,2026Q2,false,37107.62,桂中,erp:order:O-D006-2026Q2-C0109
tenant-demo,D006,经销商06,O-D006-2026Q1-C0110,D006-C0110,2026-01-01,2026Q1,true,33830.94,桂中,erp:order:O-D006-2026Q1-C0110
tenant-demo,D006,经销商06,O-D006-2026Q2-C0110,D006-C0110,2026-06-09,2026Q2,true,16929.24,桂中,erp:order:O-D006-2026Q2-C0110
tenant-demo,D006,经销商06,O-D006-2026Q1-C0111,D006-C0111,2026-02-20,2026Q1,true,47438.37,桂中,erp:order:O-D006-2026Q1-C0111
tenant-demo,D006,经销商06,O-D006-2026Q2-C0111,D006-C0111,2026-04-07,2026Q2,false,28189.27,桂中,erp:order:O-D006-2026Q2-C0111
tenant-demo,D006,经销商06,O-D006-2026Q1-C0112,D006-C0112,2026-01-25,2026Q1,false,48888.6,桂中,erp:order:O-D006-2026Q1-C0112
tenant-demo,D006,经销商06,O-D006-2026Q2-C0112,D006-C0112,2026-06-20,2026Q2,true,13873.68,桂中,erp:order:O-D006-2026Q2-C0112
tenant-demo,D006,经销商06,O-D006-2026Q1-C0113,D006-C0113,2026-02-09,2026Q1,false,27956.19,桂中,erp:order:O-D006-2026Q1-C0113
tenant-demo,D006,经销商06,O-D006-2026Q2-C0113,D006-C0113,2026-06-23,2026Q2,true,41146.05,桂中,erp:order:O-D006-2026Q2-C0113
tenant-demo,D006,经销商06,O-D006-2026Q1-C0114,D006-C0114,2026-03-12,2026Q1,false,15390.07,桂中,erp:order:O-D006-2026Q1-C0114
tenant-demo,D006,经销商06,O-D006-2026Q2-C0114,D006-C0114,2026-04-09,2026Q2,false,9460.12,桂中,erp:order:O-D006-2026Q2-C0114
tenant-demo,D006,经销商06,O-D006-2026Q1-C0115,D006-C0115,2026-02-13,2026Q1,false,10198.35,桂中,erp:order:O-D006-2026Q1-C0115
tenant-demo,D006,经销商06,O-D006-2026Q2-C0115,D006-C0115,2026-06-12,2026Q2,false,32771.48,桂中,erp:order:O-D006-2026Q2-C0115
tenant-demo,D006,经销商06,O-D006-2026Q1-C0116,D006-C0116,2026-03-22,2026Q1,false,30915.32,桂中,erp:order:O-D006-2026Q1-C0116
tenant-demo,D006,经销商06,O-D006-2026Q2-C0116,D006-C0116,2026-04-17,2026Q2,false,16991.22,桂中,erp:order:O-D006-2026Q2-C0116
tenant-demo,D006,经销商06,O-D006-2026Q1-C0117,D006-C0117,2026-03-19,2026Q1,true,21653.09,桂中,erp:order:O-D006-2026Q1-C0117
tenant-demo,D006,经销商06,O-D006-2026Q2-C0117,D006-C0117,2026-04-06,2026Q2,false,44692.39,桂中,erp:order:O-D006-2026Q2-C0117
tenant-demo,D006,经销商06,O-D006-2026Q1-C0118,D006-C0118,2026-01-03,2026Q1,true,12670.99,桂中,erp:order:O-D006-2026Q1-C0118
tenant-demo,D006,经销商06,O-D006-2026Q2-C0118,D006-C0118,2026-04-14,2026Q2,false,21435.58,桂中,erp:order:O-D006-2026Q2-C0118
tenant-demo,D006,经销商06,O-D006-2026Q1-C0119,D006-C0119,2026-03-23,2026Q1,false,45770.45,桂中,erp:order:O-D006-2026Q1-C0119
tenant-demo,D006,经销商06,O-D006-2026Q2-C0119,D006-C0119,2026-04-04,2026Q2,false,43395.22,桂中,erp:order:O-D006-2026Q2-C0119
tenant-demo,D006,经销商06,O-D006-2026Q1-C0120,D006-C0120,2026-02-07,2026Q1,false,39927.12,桂中,erp:order:O-D006-2026Q1-C0120
tenant-demo,D006,经销商06,O-D006-2026Q2-C0120,D006-C0120,2026-05-13,2026Q2,false,26464.17,桂中,erp:order:O-D006-2026Q2-C0120
tenant-demo,D006,经销商06,O-D006-2026Q1-C0121,D006-C0121,2026-03-21,2026Q1,false,46368.75,桂中,erp:order:O-D006-2026Q1-C0121
tenant-demo,D006,经销商06,O-D006-2026Q2-C0121,D006-C0121,2026-05-19,2026Q2,false,40765.22,桂中,erp:order:O-D006-2026Q2-C0121
tenant-demo,D006,经销商06,O-D006-2026Q1-C0122,D006-C0122,2026-01-06,2026Q1,true,21668.12,桂中,erp:order:O-D006-2026Q1-C0122
tenant-demo,D006,经销商06,O-D006-2026Q2-C0122,D006-C0122,2026-04-14,2026Q2,false,24358.76,桂中,erp:order:O-D006-2026Q2-C0122
tenant-demo,D006,经销商06,O-D006-2026Q1-C0123,D006-C0123,2026-01-18,2026Q1,true,22117.98,桂中,erp:order:O-D006-2026Q1-C0123
tenant-demo,D006,经销商06,O-D006-2026Q2-C0123,D006-C0123,2026-04-17,2026Q2,true,22665.2,桂中,erp:order:O-D006-2026Q2-C0123
tenant-demo,D006,经销商06,O-D006-2026Q1-C0124,D006-C0124,2026-03-24,2026Q1,false,12953.91,桂中,erp:order:O-D006-2026Q1-C0124
tenant-demo,D006,经销商06,O-D006-2026Q2-C0124,D006-C0124,2026-06-07,2026Q2,false,25138.53,桂中,erp:order:O-D006-2026Q2-C0124
tenant-demo,D006,经销商06,O-D006-2026Q1-C0125,D006-C0125,2026-02-05,2026Q1,false,12569.47,桂中,erp:order:O-D006-2026Q1-C0125
tenant-demo,D006,经销商06,O-D006-2026Q2-C0125,D006-C0125,2026-04-18,2026Q2,true,29470.34,桂中,erp:order:O-D006-2026Q2-C0125
tenant-demo,D006,经销商06,O-D006-2026Q1-C0126,D006-C0126,2026-02-25,2026Q1,true,29551.09,桂中,erp:order:O-D006-2026Q1-C0126
tenant-demo,D006,经销商06,O-D006-2026Q2-C0126,D006-C0126,2026-06-05,2026Q2,false,32828.95,桂中,erp:order:O-D006-2026Q2-C0126
tenant-demo,D006,经销商06,O-D006-2026Q1-C0127,D006-C0127,2026-01-12,2026Q1,false,49171.49,桂中,erp:order:O-D006-2026Q1-C0127
tenant-demo,D006,经销商06,O-D006-2026Q2-C0127,D006-C0127,2026-04-02,2026Q2,false,36925.59,桂中,erp:order:O-D006-2026Q2-C0127
tenant-demo,D006,经销商06,O-D006-2026Q1-C0128,D006-C0128,2026-01-05,2026Q1,true,47230.93,桂中,erp:order:O-D006-2026Q1-C0128
tenant-demo,D006,经销商06,O-D006-2026Q2-C0128,D006-C0128,2026-06-01,2026Q2,true,14270.47,桂中,erp:order:O-D006-2026Q2-C0128
tenant-demo,D006,经销商06,O-D006-2026Q1-C0129,D006-C0129,2026-02-02,2026Q1,false,28832.9,桂中,erp:order:O-D006-2026Q1-C0129
tenant-demo,D006,经销商06,O-D006-2026Q2-C0129,D006-C0129,2026-05-11,2026Q2,true,38024.01,桂中,erp:order:O-D006-2026Q2-C0129
tenant-demo,D006,经销商06,O-D006-2026Q1-C0130,D006-C0130,2026-03-28,2026Q1,false,41788.34,桂中,erp:order:O-D006-2026Q1-C0130
tenant-demo,D006,经销商06,O-D006-2026Q2-C0130,D006-C0130,2026-04-16,2026Q2,true,28651.13,桂中,erp:order:O-D006-2026Q2-C0130
tenant-demo,D006,经销商06,O-D006-2026Q1-C0131,D006-C0131,2026-01-27,2026Q1,false,32114.74,桂中,erp:order:O-D006-2026Q1-C0131
tenant-demo,D006,经销商06,O-D006-2026Q2-C0131,D006-C0131,2026-04-14,2026Q2,false,27656.03,桂中,erp:order:O-D006-2026Q2-C0131
tenant-demo,D006,经销商06,O-D006-2026Q1-C0132,D006-C0132,2026-02-17,2026Q1,false,15255.07,桂中,erp:order:O-D006-2026Q1-C0132
tenant-demo,D006,经销商06,O-D006-2026Q2-C0132,D006-C0132,2026-05-01,2026Q2,true,36657.35,桂中,erp:order:O-D006-2026Q2-C0132
tenant-demo,D006,经销商06,O-D006-2026Q1-C0133,D006-C0133,2026-02-19,2026Q1,true,48685.7,桂中,erp:order:O-D006-2026Q1-C0133
tenant-demo,D006,经销商06,O-D006-2026Q2-C0133,D006-C0133,2026-04-24,2026Q2,true,9739.78,桂中,erp:order:O-D006-2026Q2-C0133
tenant-demo,D006,经销商06,O-D006-2026Q1-C0134,D006-C0134,2026-03-28,2026Q1,false,44244.41,桂中,erp:order:O-D006-2026Q1-C0134
tenant-demo,D006,经销商06,O-D006-2026Q2-C0134,D006-C0134,2026-04-16,2026Q2,false,17845.87,桂中,erp:order:O-D006-2026Q2-C0134
tenant-demo,D006,经销商06,O-D006-2026Q1-C0135,D006-C0135,2026-02-23,2026Q1,true,29428.63,桂中,erp:order:O-D006-2026Q1-C0135
tenant-demo,D006,经销商06,O-D006-2026Q2-C0135,D006-C0135,2026-06-17,2026Q2,false,21899.17,桂中,erp:order:O-D006-2026Q2-C0135
tenant-demo,D006,经销商06,O-D006-2026Q1-C0136,D006-C0136,2026-03-17,2026Q1,true,48493.01,桂中,erp:order:O-D006-2026Q1-C0136
tenant-demo,D006,经销商06,O-D006-2026Q2-C0136,D006-C0136,2026-04-09,2026Q2,true,38376.39,桂中,erp:order:O-D006-2026Q2-C0136
tenant-demo,D006,经销商06,O-D006-2026Q1-C0137,D006-C0137,2026-03-27,2026Q1,true,18008.04,桂中,erp:order:O-D006-2026Q1-C0137
tenant-demo,D006,经销商06,O-D006-2026Q2-C0137,D006-C0137,2026-04-07,2026Q2,false,25184.51,桂中,erp:order:O-D006-2026Q2-C0137
tenant-demo,D006,经销商06,O-D006-2026Q1-C0138,D006-C0138,2026-03-10,2026Q1,true,41107.21,桂中,erp:order:O-D006-2026Q1-C0138
tenant-demo,D006,经销商06,O-D006-2026Q2-C0138,D006-C0138,2026-05-19,2026Q2,false,47987.82,桂中,erp:order:O-D006-2026Q2-C0138
tenant-demo,D006,经销商06,O-D006-2026Q1-C0139,D006-C0139,2026-03-26,2026Q1,false,17356.74,桂中,erp:order:O-D006-2026Q1-C0139
tenant-demo,D006,经销商06,O-D006-2026Q2-C0139,D006-C0139,2026-06-28,2026Q2,true,37733.93,桂中,erp:order:O-D006-2026Q2-C0139
tenant-demo,D006,经销商06,O-D006-2026Q1-C0140,D006-C0140,2026-03-19,2026Q1,false,18395.02,桂中,erp:order:O-D006-2026Q1-C0140
tenant-demo,D006,经销商06,O-D006-2026Q2-C0140,D006-C0140,2026-05-10,2026Q2,true,43438.32,桂中,erp:order:O-D006-2026Q2-C0140
tenant-demo,D006,经销商06,O-D006-2026Q1-C0141,D006-C0141,2026-03-03,2026Q1,false,28293.24,桂中,erp:order:O-D006-2026Q1-C0141
tenant-demo,D006,经销商06,O-D006-2026Q2-C0141,D006-C0141,2026-05-25,2026Q2,false,11664.76,桂中,erp:order:O-D006-2026Q2-C0141
tenant-demo,D006,经销商06,O-D006-2026Q1-C0142,D006-C0142,2026-02-05,2026Q1,false,18719.29,桂中,erp:order:O-D006-2026Q1-C0142
tenant-demo,D006,经销商06,O-D006-2026Q2-C0142,D006-C0142,2026-04-17,2026Q2,true,41709.75,桂中,erp:order:O-D006-2026Q2-C0142
tenant-demo,D006,经销商06,O-D006-2026Q1-C0143,D006-C0143,2026-03-24,2026Q1,true,48194.57,桂中,erp:order:O-D006-2026Q1-C0143
tenant-demo,D006,经销商06,O-D006-2026Q2-C0143,D006-C0143,2026-04-04,2026Q2,false,47914.78,桂中,erp:order:O-D006-2026Q2-C0143
tenant-demo,D006,经销商06,O-D006-2026Q1-C0144,D006-C0144,2026-03-18,2026Q1,false,28996.75,桂中,erp:order:O-D006-2026Q1-C0144
tenant-demo,D006,经销商06,O-D006-2026Q2-C0144,D006-C0144,2026-06-15,2026Q2,true,39159.21,桂中,erp:order:O-D006-2026Q2-C0144
tenant-demo,D006,经销商06,O-D006-2026Q1-C0145,D006-C0145,2026-02-06,2026Q1,false,36733.96,桂中,erp:order:O-D006-2026Q1-C0145
tenant-demo,D006,经销商06,O-D006-2026Q2-C0145,D006-C0145,2026-04-21,2026Q2,false,14236.02,桂中,erp:order:O-D006-2026Q2-C0145
tenant-demo,D006,经销商06,O-D006-2026Q1-C0146,D006-C0146,2026-03-15,2026Q1,false,31942.59,桂中,erp:order:O-D006-2026Q1-C0146
tenant-demo,D006,经销商06,O-D006-2026Q2-C0146,D006-C0146,2026-04-12,2026Q2,true,39116.72,桂中,erp:order:O-D006-2026Q2-C0146
tenant-demo,D006,经销商06,O-D006-2026Q1-C0147,D006-C0147,2026-03-06,2026Q1,false,17108.43,桂中,erp:order:O-D006-2026Q1-C0147
tenant-demo,D006,经销商06,O-D006-2026Q2-C0147,D006-C0147,2026-05-07,2026Q2,false,9051.15,桂中,erp:order:O-D006-2026Q2-C0147
tenant-demo,D006,经销商06,O-D006-2026Q1-C0148,D006-C0148,2026-02-13,2026Q1,false,39604.61,桂中,erp:order:O-D006-2026Q1-C0148
tenant-demo,D006,经销商06,O-D006-2026Q2-C0148,D006-C0148,2026-04-19,2026Q2,true,20219.58,桂中,erp:order:O-D006-2026Q2-C0148
tenant-demo,D006,经销商06,O-D006-2026Q1-C0149,D006-C0149,2026-01-25,2026Q1,false,28640.67,桂中,erp:order:O-D006-2026Q1-C0149
tenant-demo,D006,经销商06,O-D006-2026Q2-C0149,D006-C0149,2026-05-25,2026Q2,true,42544.89,桂中,erp:order:O-D006-2026Q2-C0149
tenant-demo,D006,经销商06,O-D006-2026Q1-C0150,D006-C0150,2026-03-28,2026Q1,false,44725.87,桂中,erp:order:O-D006-2026Q1-C0150
tenant-demo,D006,经销商06,O-D006-2026Q2-C0150,D006-C0150,2026-05-17,2026Q2,false,21326.11,桂中,erp:order:O-D006-2026Q2-C0150
tenant-demo,D006,经销商06,O-D006-2026Q1-C0151,D006-C0151,2026-01-13,2026Q1,true,10332.37,桂中,erp:order:O-D006-2026Q1-C0151
tenant-demo,D006,经销商06,O-D006-2026Q2-C0151,D006-C0151,2026-05-22,2026Q2,false,39131.7,桂中,erp:order:O-D006-2026Q2-C0151
tenant-demo,D006,经销商06,O-D006-2026Q1-C0152,D006-C0152,2026-03-22,2026Q1,false,25687.72,桂中,erp:order:O-D006-2026Q1-C0152
tenant-demo,D006,经销商06,O-D006-2026Q2-C0152,D006-C0152,2026-05-17,2026Q2,true,41191.8,桂中,erp:order:O-D006-2026Q2-C0152
tenant-demo,D006,经销商06,O-D006-2026Q1-C0153,D006-C0153,2026-02-27,2026Q1,true,13417.12,桂中,erp:order:O-D006-2026Q1-C0153
tenant-demo,D006,经销商06,O-D006-2026Q2-C0153,D006-C0153,2026-04-11,2026Q2,false,19911.48,桂中,erp:order:O-D006-2026Q2-C0153
tenant-demo,D006,经销商06,O-D006-2026Q1-C0154,D006-C0154,2026-01-26,2026Q1,false,39348.8,桂中,erp:order:O-D006-2026Q1-C0154
tenant-demo,D006,经销商06,O-D006-2026Q2-C0154,D006-C0154,2026-04-15,2026Q2,false,48067.64,桂中,erp:order:O-D006-2026Q2-C0154
tenant-demo,D006,经销商06,O-D006-2026Q1-C0155,D006-C0155,2026-03-06,2026Q1,false,29185.37,桂中,erp:order:O-D006-2026Q1-C0155
tenant-demo,D006,经销商06,O-D006-2026Q2-C0155,D006-C0155,2026-06-26,2026Q2,false,14960.07,桂中,erp:order:O-D006-2026Q2-C0155
tenant-demo,D006,经销商06,O-D006-2026Q1-C0156,D006-C0156,2026-02-04,2026Q1,true,15001.65,桂中,erp:order:O-D006-2026Q1-C0156
tenant-demo,D006,经销商06,O-D006-2026Q2-C0156,D006-C0156,2026-04-21,2026Q2,false,35411.13,桂中,erp:order:O-D006-2026Q2-C0156
tenant-demo,D006,经销商06,O-D006-2026Q1-C0157,D006-C0157,2026-02-01,2026Q1,false,44593.8,桂中,erp:order:O-D006-2026Q1-C0157
tenant-demo,D006,经销商06,O-D006-2026Q2-C0157,D006-C0157,2026-05-26,2026Q2,true,45097.12,桂中,erp:order:O-D006-2026Q2-C0157
tenant-demo,D006,经销商06,O-D006-2026Q1-C0158,D006-C0158,2026-02-17,2026Q1,true,38584.34,桂中,erp:order:O-D006-2026Q1-C0158
tenant-demo,D006,经销商06,O-D006-2026Q2-C0158,D006-C0158,2026-05-18,2026Q2,false,45416.64,桂中,erp:order:O-D006-2026Q2-C0158
tenant-demo,D006,经销商06,O-D006-2026Q1-C0159,D006-C0159,2026-01-01,2026Q1,false,38579.66,桂中,erp:order:O-D006-2026Q1-C0159
tenant-demo,D006,经销商06,O-D006-2026Q2-C0159,D006-C0159,2026-06-16,2026Q2,false,22259.61,桂中,erp:order:O-D006-2026Q2-C0159
tenant-demo,D006,经销商06,O-D006-2026Q1-C0160,D006-C0160,2026-03-02,2026Q1,true,5507.08,桂中,erp:order:O-D006-2026Q1-C0160
tenant-demo,D006,经销商06,O-D006-2026Q2-C0160,D006-C0160,2026-05-03,2026Q2,false,43379.62,桂中,erp:order:O-D006-2026Q2-C0160
tenant-demo,D006,经销商06,O-D006-2026Q1-C0161,D006-C0161,2026-01-24,2026Q1,false,23054.29,桂中,erp:order:O-D006-2026Q1-C0161
tenant-demo,D006,经销商06,O-D006-2026Q2-C0161,D006-C0161,2026-04-02,2026Q2,true,36073.46,桂中,erp:order:O-D006-2026Q2-C0161
tenant-demo,D006,经销商06,O-D006-2026Q1-C0162,D006-C0162,2026-03-08,2026Q1,false,30113.1,桂中,erp:order:O-D006-2026Q1-C0162
tenant-demo,D006,经销商06,O-D006-2026Q2-C0162,D006-C0162,2026-04-14,2026Q2,false,12313.04,桂中,erp:order:O-D006-2026Q2-C0162
tenant-demo,D006,经销商06,O-D006-2026Q1-C0163,D006-C0163,2026-02-01,2026Q1,true,19852.76,桂中,erp:order:O-D006-2026Q1-C0163
tenant-demo,D006,经销商06,O-D006-2026Q2-C0163,D006-C0163,2026-06-11,2026Q2,true,47061.59,桂中,erp:order:O-D006-2026Q2-C0163
tenant-demo,D006,经销商06,O-D006-2026Q1-C0164,D006-C0164,2026-02-07,2026Q1,true,8879.36,桂中,erp:order:O-D006-2026Q1-C0164
tenant-demo,D006,经销商06,O-D006-2026Q2-C0164,D006-C0164,2026-05-18,2026Q2,false,11013.08,桂中,erp:order:O-D006-2026Q2-C0164
tenant-demo,D006,经销商06,O-D006-2026Q1-C0165,D006-C0165,2026-03-08,2026Q1,false,21855.93,桂中,erp:order:O-D006-2026Q1-C0165
tenant-demo,D006,经销商06,O-D006-2026Q2-C0165,D006-C0165,2026-05-11,2026Q2,true,13390.13,桂中,erp:order:O-D006-2026Q2-C0165
tenant-demo,D006,经销商06,O-D006-2026Q1-C0166,D006-C0166,2026-01-12,2026Q1,true,18930.23,桂中,erp:order:O-D006-2026Q1-C0166
tenant-demo,D006,经销商06,O-D006-2026Q2-C0166,D006-C0166,2026-04-16,2026Q2,false,40183.95,桂中,erp:order:O-D006-2026Q2-C0166
tenant-demo,D006,经销商06,O-D006-2026Q1-C0167,D006-C0167,2026-02-25,2026Q1,true,8132.56,桂中,erp:order:O-D006-2026Q1-C0167
tenant-demo,D006,经销商06,O-D006-2026Q2-C0167,D006-C0167,2026-04-22,2026Q2,true,26145.12,桂中,erp:order:O-D006-2026Q2-C0167
tenant-demo,D006,经销商06,O-D006-2026Q1-C0168,D006-C0168,2026-03-25,2026Q1,true,19657.67,桂中,erp:order:O-D006-2026Q1-C0168
tenant-demo,D006,经销商06,O-D006-2026Q2-C0168,D006-C0168,2026-05-27,2026Q2,false,19904.1,桂中,erp:order:O-D006-2026Q2-C0168
tenant-demo,D006,经销商06,O-D006-2026Q1-C0169,D006-C0169,2026-03-19,2026Q1,false,35214.86,桂中,erp:order:O-D006-2026Q1-C0169
tenant-demo,D006,经销商06,O-D006-2026Q2-C0169,D006-C0169,2026-05-06,2026Q2,false,43076.36,桂中,erp:order:O-D006-2026Q2-C0169
tenant-demo,D006,经销商06,O-D006-2026Q1-C0170,D006-C0170,2026-02-24,2026Q1,true,38596.74,桂中,erp:order:O-D006-2026Q1-C0170
tenant-demo,D006,经销商06,O-D006-2026Q2-C0170,D006-C0170,2026-04-15,2026Q2,false,6928.9,桂中,erp:order:O-D006-2026Q2-C0170
tenant-demo,D006,经销商06,O-D006-2026Q1-C0171,D006-C0171,2026-03-21,2026Q1,true,48897.4,桂中,erp:order:O-D006-2026Q1-C0171
tenant-demo,D006,经销商06,O-D006-2026Q2-C0171,D006-C0171,2026-04-08,2026Q2,true,30898.35,桂中,erp:order:O-D006-2026Q2-C0171
tenant-demo,D006,经销商06,O-D006-2026Q1-C0172,D006-C0172,2026-03-17,2026Q1,true,6876.82,桂中,erp:order:O-D006-2026Q1-C0172
tenant-demo,D006,经销商06,O-D006-2026Q2-C0172,D006-C0172,2026-06-20,2026Q2,true,21257.73,桂中,erp:order:O-D006-2026Q2-C0172
tenant-demo,D006,经销商06,O-D006-2026Q1-C0173,D006-C0173,2026-02-20,2026Q1,true,36586.04,桂中,erp:order:O-D006-2026Q1-C0173
tenant-demo,D006,经销商06,O-D006-2026Q2-C0173,D006-C0173,2026-06-24,2026Q2,false,44134.58,桂中,erp:order:O-D006-2026Q2-C0173
tenant-demo,D006,经销商06,O-D006-2026Q1-C0174,D006-C0174,2026-01-08,2026Q1,true,42338.5,桂中,erp:order:O-D006-2026Q1-C0174
tenant-demo,D006,经销商06,O-D006-2026Q2-C0174,D006-C0174,2026-05-02,2026Q2,false,18543.9,桂中,erp:order:O-D006-2026Q2-C0174
tenant-demo,D006,经销商06,O-D006-2026Q1-C0175,D006-C0175,2026-03-04,2026Q1,false,19642.65,桂中,erp:order:O-D006-2026Q1-C0175
tenant-demo,D006,经销商06,O-D006-2026Q2-C0175,D006-C0175,2026-04-19,2026Q2,true,15126.22,桂中,erp:order:O-D006-2026Q2-C0175
tenant-demo,D006,经销商06,O-D006-2026Q1-C0176,D006-C0176,2026-03-05,2026Q1,false,8141.02,桂中,erp:order:O-D006-2026Q1-C0176
tenant-demo,D006,经销商06,O-D006-2026Q2-C0176,D006-C0176,2026-06-16,2026Q2,false,14987.54,桂中,erp:order:O-D006-2026Q2-C0176
tenant-demo,D006,经销商06,O-D006-2026Q1-C0177,D006-C0177,2026-03-19,2026Q1,false,28418.28,桂中,erp:order:O-D006-2026Q1-C0177
tenant-demo,D006,经销商06,O-D006-2026Q2-C0177,D006-C0177,2026-04-28,2026Q2,true,35827.64,桂中,erp:order:O-D006-2026Q2-C0177
tenant-demo,D006,经销商06,O-D006-2026Q1-C0178,D006-C0178,2026-03-11,2026Q1,false,10833.95,桂中,erp:order:O-D006-2026Q1-C0178
tenant-demo,D006,经销商06,O-D006-2026Q2-C0178,D006-C0178,2026-05-20,2026Q2,true,46814.44,桂中,erp:order:O-D006-2026Q2-C0178
tenant-demo,D006,经销商06,O-D006-2026Q1-C0179,D006-C0179,2026-01-05,2026Q1,false,19952.94,桂中,erp:order:O-D006-2026Q1-C0179
tenant-demo,D006,经销商06,O-D006-2026Q2-C0179,D006-C0179,2026-05-28,2026Q2,false,14303.3,桂中,erp:order:O-D006-2026Q2-C0179
tenant-demo,D006,经销商06,O-D006-2026Q1-C0180,D006-C0180,2026-03-23,2026Q1,true,49067.52,桂中,erp:order:O-D006-2026Q1-C0180
tenant-demo,D006,经销商06,O-D006-2026Q2-C0180,D006-C0180,2026-05-15,2026Q2,true,35070.95,桂中,erp:order:O-D006-2026Q2-C0180
tenant-demo,D006,经销商06,O-D006-2026Q1-C0181,D006-C0181,2026-01-15,2026Q1,true,21405.04,桂中,erp:order:O-D006-2026Q1-C0181
tenant-demo,D006,经销商06,O-D006-2026Q2-C0181,D006-C0181,2026-06-09,2026Q2,true,24602.58,桂中,erp:order:O-D006-2026Q2-C0181
tenant-demo,D006,经销商06,O-D006-2026Q1-C0182,D006-C0182,2026-03-02,2026Q1,false,32123.97,桂中,erp:order:O-D006-2026Q1-C0182
tenant-demo,D006,经销商06,O-D006-2026Q2-C0182,D006-C0182,2026-05-04,2026Q2,false,5348.52,桂中,erp:order:O-D006-2026Q2-C0182
tenant-demo,D006,经销商06,O-D006-2026Q1-C0183,D006-C0183,2026-01-02,2026Q1,false,13773.0,桂中,erp:order:O-D006-2026Q1-C0183
tenant-demo,D006,经销商06,O-D006-2026Q2-C0183,D006-C0183,2026-04-21,2026Q2,true,9594.06,桂中,erp:order:O-D006-2026Q2-C0183
tenant-demo,D006,经销商06,O-D006-2026Q1-C0184,D006-C0184,2026-02-25,2026Q1,false,28901.9,桂中,erp:order:O-D006-2026Q1-C0184
tenant-demo,D006,经销商06,O-D006-2026Q2-C0184,D006-C0184,2026-06-01,2026Q2,false,39750.57,桂中,erp:order:O-D006-2026Q2-C0184
tenant-demo,D006,经销商06,O-D006-2026Q1-C0185,D006-C0185,2026-03-08,2026Q1,false,46700.89,桂中,erp:order:O-D006-2026Q1-C0185
tenant-demo,D006,经销商06,O-D006-2026Q2-C0185,D006-C0185,2026-06-06,2026Q2,true,25493.83,桂中,erp:order:O-D006-2026Q2-C0185
tenant-demo,D006,经销商06,O-D006-2026Q1-C0186,D006-C0186,2026-01-04,2026Q1,true,17133.99,桂中,erp:order:O-D006-2026Q1-C0186
tenant-demo,D006,经销商06,O-D006-2026Q2-C0186,D006-C0186,2026-06-04,2026Q2,true,48299.14,桂中,erp:order:O-D006-2026Q2-C0186
tenant-demo,D006,经销商06,O-D006-2026Q1-C0187,D006-C0187,2026-01-17,2026Q1,false,30176.24,桂中,erp:order:O-D006-2026Q1-C0187
tenant-demo,D006,经销商06,O-D006-2026Q2-C0187,D006-C0187,2026-05-28,2026Q2,false,14827.32,桂中,erp:order:O-D006-2026Q2-C0187
tenant-demo,D006,经销商06,O-D006-2026Q1-C0188,D006-C0188,2026-02-02,2026Q1,true,26078.18,桂中,erp:order:O-D006-2026Q1-C0188
tenant-demo,D006,经销商06,O-D006-2026Q2-C0188,D006-C0188,2026-04-08,2026Q2,false,48684.26,桂中,erp:order:O-D006-2026Q2-C0188
tenant-demo,D006,经销商06,O-D006-2026Q1-C0189,D006-C0189,2026-02-05,2026Q1,true,9593.06,桂中,erp:order:O-D006-2026Q1-C0189
tenant-demo,D006,经销商06,O-D006-2026Q2-C0189,D006-C0189,2026-06-23,2026Q2,true,22359.72,桂中,erp:order:O-D006-2026Q2-C0189
tenant-demo,D006,经销商06,O-D006-2026Q1-C0190,D006-C0190,2026-01-09,2026Q1,true,48762.28,桂中,erp:order:O-D006-2026Q1-C0190
tenant-demo,D006,经销商06,O-D006-2026Q2-C0190,D006-C0190,2026-04-04,2026Q2,true,47341.95,桂中,erp:order:O-D006-2026Q2-C0190
tenant-demo,D006,经销商06,O-D006-2026Q1-C0191,D006-C0191,2026-01-21,2026Q1,false,18272.66,桂中,erp:order:O-D006-2026Q1-C0191
tenant-demo,D006,经销商06,O-D006-2026Q2-C0191,D006-C0191,2026-04-07,2026Q2,false,6490.88,桂中,erp:order:O-D006-2026Q2-C0191
tenant-demo,D006,经销商06,O-D006-2026Q1-C0192,D006-C0192,2026-03-14,2026Q1,false,20550.12,桂中,erp:order:O-D006-2026Q1-C0192
tenant-demo,D006,经销商06,O-D006-2026Q2-C0192,D006-C0192,2026-06-26,2026Q2,true,38852.58,桂中,erp:order:O-D006-2026Q2-C0192
tenant-demo,D006,经销商06,O-D006-2026Q1-C0193,D006-C0193,2026-01-19,2026Q1,false,29071.67,桂中,erp:order:O-D006-2026Q1-C0193
tenant-demo,D006,经销商06,O-D006-2026Q2-C0193,D006-C0193,2026-04-10,2026Q2,true,33864.82,桂中,erp:order:O-D006-2026Q2-C0193
tenant-demo,D006,经销商06,O-D006-2026Q1-C0194,D006-C0194,2026-03-24,2026Q1,false,43012.46,桂中,erp:order:O-D006-2026Q1-C0194
tenant-demo,D006,经销商06,O-D006-2026Q2-C0194,D006-C0194,2026-04-26,2026Q2,false,16779.82,桂中,erp:order:O-D006-2026Q2-C0194
tenant-demo,D006,经销商06,O-D006-2026Q1-C0195,D006-C0195,2026-02-10,2026Q1,true,38056.18,桂中,erp:order:O-D006-2026Q1-C0195
tenant-demo,D006,经销商06,O-D006-2026Q2-C0195,D006-C0195,2026-06-10,2026Q2,false,47680.2,桂中,erp:order:O-D006-2026Q2-C0195
tenant-demo,D006,经销商06,O-D006-2026Q1-C0196,D006-C0196,2026-03-16,2026Q1,true,36427.59,桂中,erp:order:O-D006-2026Q1-C0196
tenant-demo,D006,经销商06,O-D006-2026Q2-C0196,D006-C0196,2026-06-09,2026Q2,true,31160.96,桂中,erp:order:O-D006-2026Q2-C0196
tenant-demo,D006,经销商06,O-D006-2026Q1-C0197,D006-C0197,2026-01-22,2026Q1,true,47409.73,桂中,erp:order:O-D006-2026Q1-C0197
tenant-demo,D006,经销商06,O-D006-2026Q2-C0197,D006-C0197,2026-06-26,2026Q2,false,20612.43,桂中,erp:order:O-D006-2026Q2-C0197
tenant-demo,D006,经销商06,O-D006-2026Q1-C0198,D006-C0198,2026-01-19,2026Q1,false,33247.81,桂中,erp:order:O-D006-2026Q1-C0198
tenant-demo,D006,经销商06,O-D006-2026Q2-C0198,D006-C0198,2026-04-03,2026Q2,false,5529.66,桂中,erp:order:O-D006-2026Q2-C0198
tenant-demo,D006,经销商06,O-D006-2026Q1-C0199,D006-C0199,2026-02-27,2026Q1,false,10997.72,桂中,erp:order:O-D006-2026Q1-C0199
tenant-demo,D006,经销商06,O-D006-2026Q2-C0199,D006-C0199,2026-04-04,2026Q2,false,41129.07,桂中,erp:order:O-D006-2026Q2-C0199
tenant-demo,D006,经销商06,O-D006-2026Q1-C0200,D006-C0200,2026-01-05,2026Q1,false,40593.47,桂中,erp:order:O-D006-2026Q1-C0200
tenant-demo,D006,经销商06,O-D006-2026Q2-C0200,D006-C0200,2026-04-11,2026Q2,true,31002.43,桂中,erp:order:O-D006-2026Q2-C0200
tenant-demo,D006,经销商06,O-D006-2026Q1-C0201,D006-C0201,2026-03-13,2026Q1,true,48393.27,桂中,erp:order:O-D006-2026Q1-C0201
tenant-demo,D006,经销商06,O-D006-2026Q2-C0201,D006-C0201,2026-05-02,2026Q2,true,10211.5,桂中,erp:order:O-D006-2026Q2-C0201
tenant-demo,D006,经销商06,O-D006-2026Q1-C0202,D006-C0202,2026-03-04,2026Q1,false,16592.13,桂中,erp:order:O-D006-2026Q1-C0202
tenant-demo,D006,经销商06,O-D006-2026Q2-C0202,D006-C0202,2026-04-13,2026Q2,true,13787.82,桂中,erp:order:O-D006-2026Q2-C0202
tenant-demo,D006,经销商06,O-D006-2026Q1-C0203,D006-C0203,2026-02-20,2026Q1,false,16327.54,桂中,erp:order:O-D006-2026Q1-C0203
tenant-demo,D006,经销商06,O-D006-2026Q2-C0203,D006-C0203,2026-06-05,2026Q2,false,41633.91,桂中,erp:order:O-D006-2026Q2-C0203
tenant-demo,D006,经销商06,O-D006-2026Q1-C0204,D006-C0204,2026-03-01,2026Q1,false,41470.58,桂中,erp:order:O-D006-2026Q1-C0204
tenant-demo,D006,经销商06,O-D006-2026Q2-C0204,D006-C0204,2026-05-03,2026Q2,true,28321.59,桂中,erp:order:O-D006-2026Q2-C0204
tenant-demo,D006,经销商06,O-D006-2026Q1-C0205,D006-C0205,2026-01-20,2026Q1,true,25368.47,桂中,erp:order:O-D006-2026Q1-C0205
tenant-demo,D006,经销商06,O-D006-2026Q2-C0205,D006-C0205,2026-05-09,2026Q2,true,22496.88,桂中,erp:order:O-D006-2026Q2-C0205
tenant-demo,D006,经销商06,O-D006-2026Q1-C0206,D006-C0206,2026-02-21,2026Q1,false,48674.65,桂中,erp:order:O-D006-2026Q1-C0206
tenant-demo,D006,经销商06,O-D006-2026Q2-C0206,D006-C0206,2026-04-23,2026Q2,false,42448.87,桂中,erp:order:O-D006-2026Q2-C0206
tenant-demo,D006,经销商06,O-D006-2026Q1-C0207,D006-C0207,2026-02-23,2026Q1,true,9056.9,桂中,erp:order:O-D006-2026Q1-C0207
tenant-demo,D006,经销商06,O-D006-2026Q2-C0207,D006-C0207,2026-05-20,2026Q2,false,42431.04,桂中,erp:order:O-D006-2026Q2-C0207
tenant-demo,D006,经销商06,O-D006-2026Q1-C0208,D006-C0208,2026-03-23,2026Q1,true,10950.48,桂中,erp:order:O-D006-2026Q1-C0208
tenant-demo,D006,经销商06,O-D006-2026Q2-C0208,D006-C0208,2026-04-24,2026Q2,true,5458.54,桂中,erp:order:O-D006-2026Q2-C0208
tenant-demo,D006,经销商06,O-D006-2026Q1-C0209,D006-C0209,2026-03-24,2026Q1,false,44555.06,桂中,erp:order:O-D006-2026Q1-C0209
tenant-demo,D006,经销商06,O-D006-2026Q2-C0209,D006-C0209,2026-04-21,2026Q2,false,46204.25,桂中,erp:order:O-D006-2026Q2-C0209
tenant-demo,D006,经销商06,O-D006-2026Q1-C0210,D006-C0210,2026-02-17,2026Q1,true,32308.73,桂中,erp:order:O-D006-2026Q1-C0210
tenant-demo,D006,经销商06,O-D006-2026Q2-C0210,D006-C0210,2026-05-07,2026Q2,false,30860.15,桂中,erp:order:O-D006-2026Q2-C0210
tenant-demo,D006,经销商06,O-D006-2026Q1-C0211,D006-C0211,2026-02-17,2026Q1,true,46920.59,桂中,erp:order:O-D006-2026Q1-C0211
tenant-demo,D006,经销商06,O-D006-2026Q2-C0211,D006-C0211,2026-06-15,2026Q2,true,17407.3,桂中,erp:order:O-D006-2026Q2-C0211
tenant-demo,D006,经销商06,O-D006-2026Q1-C0212,D006-C0212,2026-02-22,2026Q1,false,13946.96,桂中,erp:order:O-D006-2026Q1-C0212
tenant-demo,D006,经销商06,O-D006-2026Q2-C0212,D006-C0212,2026-04-18,2026Q2,false,9067.9,桂中,erp:order:O-D006-2026Q2-C0212
tenant-demo,D006,经销商06,O-D006-2026Q1-C0213,D006-C0213,2026-03-09,2026Q1,false,15750.81,桂中,erp:order:O-D006-2026Q1-C0213
tenant-demo,D006,经销商06,O-D006-2026Q2-C0213,D006-C0213,2026-04-17,2026Q2,false,10957.4,桂中,erp:order:O-D006-2026Q2-C0213
tenant-demo,D006,经销商06,O-D006-2026Q1-C0214,D006-C0214,2026-03-05,2026Q1,false,39902.66,桂中,erp:order:O-D006-2026Q1-C0214
tenant-demo,D006,经销商06,O-D006-2026Q2-C0214,D006-C0214,2026-05-27,2026Q2,true,30255.5,桂中,erp:order:O-D006-2026Q2-C0214
tenant-demo,D006,经销商06,O-D006-2026Q1-C0215,D006-C0215,2026-01-22,2026Q1,true,6251.73,桂中,erp:order:O-D006-2026Q1-C0215
tenant-demo,D006,经销商06,O-D006-2026Q2-C0215,D006-C0215,2026-04-26,2026Q2,true,40198.37,桂中,erp:order:O-D006-2026Q2-C0215
tenant-demo,D006,经销商06,O-D006-2026Q1-C0216,D006-C0216,2026-02-15,2026Q1,false,20368.65,桂中,erp:order:O-D006-2026Q1-C0216
tenant-demo,D006,经销商06,O-D006-2026Q2-C0216,D006-C0216,2026-05-03,2026Q2,false,20184.19,桂中,erp:order:O-D006-2026Q2-C0216
tenant-demo,D006,经销商06,O-D006-2026Q1-C0217,D006-C0217,2026-01-08,2026Q1,false,31173.9,桂中,erp:order:O-D006-2026Q1-C0217
tenant-demo,D006,经销商06,O-D006-2026Q2-C0217,D006-C0217,2026-06-20,2026Q2,true,25898.45,桂中,erp:order:O-D006-2026Q2-C0217
tenant-demo,D006,经销商06,O-D006-2026Q1-C0218,D006-C0218,2026-03-20,2026Q1,false,45922.14,桂中,erp:order:O-D006-2026Q1-C0218
tenant-demo,D006,经销商06,O-D006-2026Q2-C0218,D006-C0218,2026-04-13,2026Q2,false,41128.84,桂中,erp:order:O-D006-2026Q2-C0218
tenant-demo,D006,经销商06,O-D006-2026Q1-C0219,D006-C0219,2026-03-21,2026Q1,true,7763.87,桂中,erp:order:O-D006-2026Q1-C0219
tenant-demo,D006,经销商06,O-D006-2026Q2-C0219,D006-C0219,2026-05-27,2026Q2,false,22450.55,桂中,erp:order:O-D006-2026Q2-C0219
tenant-demo,D006,经销商06,O-D006-2026Q1-C0220,D006-C0220,2026-03-20,2026Q1,false,44724.35,桂中,erp:order:O-D006-2026Q1-C0220
tenant-demo,D006,经销商06,O-D006-2026Q2-C0220,D006-C0220,2026-05-18,2026Q2,false,47445.29,桂中,erp:order:O-D006-2026Q2-C0220
tenant-demo,D006,经销商06,O-D006-2026Q1-C0221,D006-C0221,2026-01-09,2026Q1,true,41856.54,桂中,erp:order:O-D006-2026Q1-C0221
tenant-demo,D006,经销商06,O-D006-2026Q2-C0221,D006-C0221,2026-05-07,2026Q2,true,38836.37,桂中,erp:order:O-D006-2026Q2-C0221
tenant-demo,D006,经销商06,O-D006-2026Q1-C0222,D006-C0222,2026-03-13,2026Q1,false,21939.14,桂中,erp:order:O-D006-2026Q1-C0222
tenant-demo,D006,经销商06,O-D006-2026Q2-C0222,D006-C0222,2026-05-08,2026Q2,true,24495.64,桂中,erp:order:O-D006-2026Q2-C0222
tenant-demo,D006,经销商06,O-D006-2026Q1-C0223,D006-C0223,2026-01-11,2026Q1,true,8988.33,桂中,erp:order:O-D006-2026Q1-C0223
tenant-demo,D006,经销商06,O-D006-2026Q2-C0223,D006-C0223,2026-06-06,2026Q2,true,14137.6,桂中,erp:order:O-D006-2026Q2-C0223
tenant-demo,D006,经销商06,O-D006-2026Q1-C0224,D006-C0224,2026-02-10,2026Q1,true,48100.23,桂中,erp:order:O-D006-2026Q1-C0224
tenant-demo,D006,经销商06,O-D006-2026Q2-C0224,D006-C0224,2026-06-14,2026Q2,false,45993.24,桂中,erp:order:O-D006-2026Q2-C0224
tenant-demo,D006,经销商06,O-D006-2026Q1-C0225,D006-C0225,2026-01-20,2026Q1,false,21316.07,桂中,erp:order:O-D006-2026Q1-C0225
tenant-demo,D006,经销商06,O-D006-2026Q2-C0225,D006-C0225,2026-06-02,2026Q2,true,24218.46,桂中,erp:order:O-D006-2026Q2-C0225
tenant-demo,D006,经销商06,O-D006-2026Q1-C0226,D006-C0226,2026-03-22,2026Q1,false,9977.73,桂中,erp:order:O-D006-2026Q1-C0226
tenant-demo,D006,经销商06,O-D006-2026Q2-C0226,D006-C0226,2026-05-24,2026Q2,false,21894.71,桂中,erp:order:O-D006-2026Q2-C0226
tenant-demo,D006,经销商06,O-D006-2026Q1-C0227,D006-C0227,2026-01-02,2026Q1,false,48473.06,桂中,erp:order:O-D006-2026Q1-C0227
tenant-demo,D006,经销商06,O-D006-2026Q2-C0227,D006-C0227,2026-06-11,2026Q2,false,32010.45,桂中,erp:order:O-D006-2026Q2-C0227
tenant-demo,D006,经销商06,O-D006-2026Q1-C0228,D006-C0228,2026-03-11,2026Q1,true,11513.86,桂中,erp:order:O-D006-2026Q1-C0228
tenant-demo,D006,经销商06,O-D006-2026Q2-C0228,D006-C0228,2026-05-24,2026Q2,false,12943.31,桂中,erp:order:O-D006-2026Q2-C0228
tenant-demo,D006,经销商06,O-D006-2026Q1-C0229,D006-C0229,2026-02-07,2026Q1,false,6843.13,桂中,erp:order:O-D006-2026Q1-C0229
tenant-demo,D006,经销商06,O-D006-2026Q2-C0229,D006-C0229,2026-06-05,2026Q2,true,10465.14,桂中,erp:order:O-D006-2026Q2-C0229
tenant-demo,D006,经销商06,O-D006-2026Q1-C0230,D006-C0230,2026-01-12,2026Q1,false,32883.04,桂中,erp:order:O-D006-2026Q1-C0230
tenant-demo,D006,经销商06,O-D006-2026Q2-C0230,D006-C0230,2026-05-13,2026Q2,true,13268.74,桂中,erp:order:O-D006-2026Q2-C0230
tenant-demo,D006,经销商06,O-D006-2026Q1-C0231,D006-C0231,2026-02-21,2026Q1,true,39545.15,桂中,erp:order:O-D006-2026Q1-C0231
tenant-demo,D006,经销商06,O-D006-2026Q2-C0231,D006-C0231,2026-05-10,2026Q2,false,27675.03,桂中,erp:order:O-D006-2026Q2-C0231
tenant-demo,D006,经销商06,O-D006-2026Q1-C0232,D006-C0232,2026-03-27,2026Q1,true,29325.54,桂中,erp:order:O-D006-2026Q1-C0232
tenant-demo,D006,经销商06,O-D006-2026Q2-C0232,D006-C0232,2026-04-25,2026Q2,false,18141.08,桂中,erp:order:O-D006-2026Q2-C0232
tenant-demo,D006,经销商06,O-D006-2026Q1-C0233,D006-C0233,2026-01-17,2026Q1,false,49075.1,桂中,erp:order:O-D006-2026Q1-C0233
tenant-demo,D006,经销商06,O-D006-2026Q2-C0233,D006-C0233,2026-06-11,2026Q2,false,44347.25,桂中,erp:order:O-D006-2026Q2-C0233
tenant-demo,D006,经销商06,O-D006-2026Q1-C0234,D006-C0234,2026-03-09,2026Q1,false,19394.05,桂中,erp:order:O-D006-2026Q1-C0234
tenant-demo,D006,经销商06,O-D006-2026Q2-C0234,D006-C0234,2026-06-08,2026Q2,false,44515.21,桂中,erp:order:O-D006-2026Q2-C0234
tenant-demo,D006,经销商06,O-D006-2026Q1-C0235,D006-C0235,2026-01-14,2026Q1,false,7570.08,桂中,erp:order:O-D006-2026Q1-C0235
tenant-demo,D006,经销商06,O-D006-2026Q2-C0235,D006-C0235,2026-05-28,2026Q2,true,47258.62,桂中,erp:order:O-D006-2026Q2-C0235
tenant-demo,D006,经销商06,O-D006-2026Q1-C0236,D006-C0236,2026-02-16,2026Q1,true,6812.23,桂中,erp:order:O-D006-2026Q1-C0236
tenant-demo,D006,经销商06,O-D006-2026Q2-C0236,D006-C0236,2026-05-16,2026Q2,true,24184.78,桂中,erp:order:O-D006-2026Q2-C0236
tenant-demo,D006,经销商06,O-D006-2026Q1-C0237,D006-C0237,2026-02-18,2026Q1,true,27725.57,桂中,erp:order:O-D006-2026Q1-C0237
tenant-demo,D006,经销商06,O-D006-2026Q2-C0237,D006-C0237,2026-04-21,2026Q2,true,9719.79,桂中,erp:order:O-D006-2026Q2-C0237
tenant-demo,D006,经销商06,O-D006-2026Q1-C0238,D006-C0238,2026-03-26,2026Q1,true,8316.25,桂中,erp:order:O-D006-2026Q1-C0238
tenant-demo,D006,经销商06,O-D006-2026Q2-C0238,D006-C0238,2026-04-13,2026Q2,false,21822.72,桂中,erp:order:O-D006-2026Q2-C0238
tenant-demo,D006,经销商06,O-D006-2026Q1-C0239,D006-C0239,2026-03-26,2026Q1,false,16460.79,桂中,erp:order:O-D006-2026Q1-C0239
tenant-demo,D006,经销商06,O-D006-2026Q2-C0239,D006-C0239,2026-05-09,2026Q2,false,36709.99,桂中,erp:order:O-D006-2026Q2-C0239
tenant-demo,D006,经销商06,O-D006-2026Q1-C0240,D006-C0240,2026-02-09,2026Q1,false,17586.1,桂中,erp:order:O-D006-2026Q1-C0240
tenant-demo,D006,经销商06,O-D006-2026Q2-C0240,D006-C0240,2026-04-12,2026Q2,true,44396.5,桂中,erp:order:O-D006-2026Q2-C0240
tenant-demo,D006,经销商06,O-D006-2026Q1-C0241,D006-C0241,2026-02-12,2026Q1,false,38118.11,桂中,erp:order:O-D006-2026Q1-C0241
tenant-demo,D006,经销商06,O-D006-2026Q2-C0241,D006-C0241,2026-04-22,2026Q2,false,8415.33,桂中,erp:order:O-D006-2026Q2-C0241
tenant-demo,D006,经销商06,O-D006-2026Q1-C0242,D006-C0242,2026-01-24,2026Q1,true,26798.16,桂中,erp:order:O-D006-2026Q1-C0242
tenant-demo,D006,经销商06,O-D006-2026Q2-C0242,D006-C0242,2026-05-10,2026Q2,true,19834.8,桂中,erp:order:O-D006-2026Q2-C0242
tenant-demo,D006,经销商06,O-D006-2026Q1-C0243,D006-C0243,2026-02-03,2026Q1,false,35555.99,桂中,erp:order:O-D006-2026Q1-C0243
tenant-demo,D006,经销商06,O-D006-2026Q2-C0243,D006-C0243,2026-06-23,2026Q2,false,13912.32,桂中,erp:order:O-D006-2026Q2-C0243
tenant-demo,D006,经销商06,O-D006-2026Q1-C0244,D006-C0244,2026-03-16,2026Q1,true,19334.82,桂中,erp:order:O-D006-2026Q1-C0244
tenant-demo,D006,经销商06,O-D006-2026Q2-C0244,D006-C0244,2026-06-24,2026Q2,false,30952.92,桂中,erp:order:O-D006-2026Q2-C0244
tenant-demo,D006,经销商06,O-D006-2026Q1-C0245,D006-C0245,2026-01-26,2026Q1,false,33927.95,桂中,erp:order:O-D006-2026Q1-C0245
tenant-demo,D006,经销商06,O-D006-2026Q2-C0245,D006-C0245,2026-04-19,2026Q2,true,41647.64,桂中,erp:order:O-D006-2026Q2-C0245
tenant-demo,D006,经销商06,O-D006-2026Q1-C0246,D006-C0246,2026-03-07,2026Q1,true,34277.38,桂中,erp:order:O-D006-2026Q1-C0246
tenant-demo,D006,经销商06,O-D006-2026Q2-C0246,D006-C0246,2026-05-28,2026Q2,false,28319.71,桂中,erp:order:O-D006-2026Q2-C0246
tenant-demo,D006,经销商06,O-D006-2026Q1-C0247,D006-C0247,2026-01-22,2026Q1,false,7860.1,桂中,erp:order:O-D006-2026Q1-C0247
tenant-demo,D006,经销商06,O-D006-2026Q2-C0247,D006-C0247,2026-04-20,2026Q2,true,18428.33,桂中,erp:order:O-D006-2026Q2-C0247
tenant-demo,D006,经销商06,O-D006-2026Q1-C0248,D006-C0248,2026-03-25,2026Q1,false,17659.18,桂中,erp:order:O-D006-2026Q1-C0248
tenant-demo,D006,经销商06,O-D006-2026Q2-C0248,D006-C0248,2026-04-24,2026Q2,true,43778.27,桂中,erp:order:O-D006-2026Q2-C0248
tenant-demo,D006,经销商06,O-D006-2026Q1-C0249,D006-C0249,2026-03-02,2026Q1,false,47784.17,桂中,erp:order:O-D006-2026Q1-C0249
tenant-demo,D006,经销商06,O-D006-2026Q2-C0249,D006-C0249,2026-06-10,2026Q2,false,16161.33,桂中,erp:order:O-D006-2026Q2-C0249
tenant-demo,D006,经销商06,O-D006-2026Q1-C0250,D006-C0250,2026-03-10,2026Q1,false,9185.44,桂中,erp:order:O-D006-2026Q1-C0250
tenant-demo,D006,经销商06,O-D006-2026Q2-C0250,D006-C0250,2026-04-15,2026Q2,false,36498.64,桂中,erp:order:O-D006-2026Q2-C0250
tenant-demo,D006,经销商06,O-D006-2026Q1-C0251,D006-C0251,2026-03-15,2026Q1,false,11089.94,桂中,erp:order:O-D006-2026Q1-C0251
tenant-demo,D006,经销商06,O-D006-2026Q2-C0251,D006-C0251,2026-04-28,2026Q2,true,37842.43,桂中,erp:order:O-D006-2026Q2-C0251
tenant-demo,D006,经销商06,O-D006-2026Q1-C0252,D006-C0252,2026-01-21,2026Q1,false,10510.31,桂中,erp:order:O-D006-2026Q1-C0252
tenant-demo,D006,经销商06,O-D006-2026Q2-C0252,D006-C0252,2026-06-10,2026Q2,false,6108.47,桂中,erp:order:O-D006-2026Q2-C0252
tenant-demo,D006,经销商06,O-D006-2026Q1-C0253,D006-C0253,2026-03-27,2026Q1,false,8465.81,桂中,erp:order:O-D006-2026Q1-C0253
tenant-demo,D006,经销商06,O-D006-2026Q2-C0253,D006-C0253,2026-06-21,2026Q2,false,25660.67,桂中,erp:order:O-D006-2026Q2-C0253
tenant-demo,D006,经销商06,O-D006-2026Q1-C0254,D006-C0254,2026-02-19,2026Q1,false,39088.32,桂中,erp:order:O-D006-2026Q1-C0254
tenant-demo,D006,经销商06,O-D006-2026Q2-C0254,D006-C0254,2026-05-17,2026Q2,false,41067.2,桂中,erp:order:O-D006-2026Q2-C0254
tenant-demo,D006,经销商06,O-D006-2026Q1-C0255,D006-C0255,2026-01-18,2026Q1,false,36087.9,桂中,erp:order:O-D006-2026Q1-C0255
tenant-demo,D006,经销商06,O-D006-2026Q2-C0255,D006-C0255,2026-04-16,2026Q2,true,8173.74,桂中,erp:order:O-D006-2026Q2-C0255
tenant-demo,D006,经销商06,O-D006-2026Q1-C0256,D006-C0256,2026-01-13,2026Q1,false,26377.26,桂中,erp:order:O-D006-2026Q1-C0256
tenant-demo,D006,经销商06,O-D006-2026Q2-C0256,D006-C0256,2026-05-01,2026Q2,false,30711.73,桂中,erp:order:O-D006-2026Q2-C0256
tenant-demo,D006,经销商06,O-D006-2026Q1-C0257,D006-C0257,2026-02-09,2026Q1,false,40650.19,桂中,erp:order:O-D006-2026Q1-C0257
tenant-demo,D006,经销商06,O-D006-2026Q2-C0257,D006-C0257,2026-04-26,2026Q2,true,29016.79,桂中,erp:order:O-D006-2026Q2-C0257
tenant-demo,D006,经销商06,O-D006-2026Q1-C0258,D006-C0258,2026-03-06,2026Q1,true,17189.64,桂中,erp:order:O-D006-2026Q1-C0258
tenant-demo,D006,经销商06,O-D006-2026Q2-C0258,D006-C0258,2026-06-17,2026Q2,false,32822.25,桂中,erp:order:O-D006-2026Q2-C0258
tenant-demo,D006,经销商06,O-D006-2026Q1-C0259,D006-C0259,2026-03-01,2026Q1,false,14038.06,桂中,erp:order:O-D006-2026Q1-C0259
tenant-demo,D006,经销商06,O-D006-2026Q2-C0259,D006-C0259,2026-04-17,2026Q2,true,37867.35,桂中,erp:order:O-D006-2026Q2-C0259
tenant-demo,D006,经销商06,O-D006-2026Q1-C0260,D006-C0260,2026-02-14,2026Q1,false,39937.95,桂中,erp:order:O-D006-2026Q1-C0260
tenant-demo,D006,经销商06,O-D006-2026Q2-C0260,D006-C0260,2026-05-07,2026Q2,true,11710.54,桂中,erp:order:O-D006-2026Q2-C0260
tenant-demo,D006,经销商06,O-D006-2026Q1-C0261,D006-C0261,2026-03-05,2026Q1,false,25307.67,桂中,erp:order:O-D006-2026Q1-C0261
tenant-demo,D006,经销商06,O-D006-2026Q2-C0261,D006-C0261,2026-06-21,2026Q2,false,32018.11,桂中,erp:order:O-D006-2026Q2-C0261
tenant-demo,D006,经销商06,O-D006-2026Q1-C0262,D006-C0262,2026-03-15,2026Q1,true,44707.2,桂中,erp:order:O-D006-2026Q1-C0262
tenant-demo,D006,经销商06,O-D006-2026Q2-C0262,D006-C0262,2026-06-21,2026Q2,false,22600.2,桂中,erp:order:O-D006-2026Q2-C0262
tenant-demo,D006,经销商06,O-D006-2026Q1-C0263,D006-C0263,2026-01-17,2026Q1,true,5220.09,桂中,erp:order:O-D006-2026Q1-C0263
tenant-demo,D006,经销商06,O-D006-2026Q2-C0263,D006-C0263,2026-05-12,2026Q2,true,9195.3,桂中,erp:order:O-D006-2026Q2-C0263
tenant-demo,D006,经销商06,O-D006-2026Q1-C0264,D006-C0264,2026-03-01,2026Q1,false,37993.39,桂中,erp:order:O-D006-2026Q1-C0264
tenant-demo,D006,经销商06,O-D006-2026Q2-C0264,D006-C0264,2026-06-22,2026Q2,true,22880.64,桂中,erp:order:O-D006-2026Q2-C0264
tenant-demo,D006,经销商06,O-D006-2026Q1-C0265,D006-C0265,2026-01-20,2026Q1,true,28542.97,桂中,erp:order:O-D006-2026Q1-C0265
tenant-demo,D006,经销商06,O-D006-2026Q2-C0265,D006-C0265,2026-05-18,2026Q2,false,29409.84,桂中,erp:order:O-D006-2026Q2-C0265
tenant-demo,D006,经销商06,O-D006-2026Q1-C0266,D006-C0266,2026-03-01,2026Q1,true,35066.67,桂中,erp:order:O-D006-2026Q1-C0266
tenant-demo,D006,经销商06,O-D006-2026Q2-C0266,D006-C0266,2026-05-20,2026Q2,true,38743.27,桂中,erp:order:O-D006-2026Q2-C0266
tenant-demo,D006,经销商06,O-D006-2026Q1-C0267,D006-C0267,2026-03-27,2026Q1,true,40241.79,桂中,erp:order:O-D006-2026Q1-C0267
tenant-demo,D006,经销商06,O-D006-2026Q2-C0267,D006-C0267,2026-06-26,2026Q2,false,20628.46,桂中,erp:order:O-D006-2026Q2-C0267
tenant-demo,D006,经销商06,O-D006-2026Q1-C0268,D006-C0268,2026-03-18,2026Q1,true,42980.67,桂中,erp:order:O-D006-2026Q1-C0268
tenant-demo,D006,经销商06,O-D006-2026Q2-C0268,D006-C0268,2026-06-03,2026Q2,false,27045.16,桂中,erp:order:O-D006-2026Q2-C0268
tenant-demo,D006,经销商06,O-D006-2026Q1-C0269,D006-C0269,2026-03-11,2026Q1,false,43497.16,桂中,erp:order:O-D006-2026Q1-C0269
tenant-demo,D006,经销商06,O-D006-2026Q2-C0269,D006-C0269,2026-05-17,2026Q2,false,8076.38,桂中,erp:order:O-D006-2026Q2-C0269
tenant-demo,D006,经销商06,O-D006-2026Q1-C0270,D006-C0270,2026-03-25,2026Q1,true,10997.93,桂中,erp:order:O-D006-2026Q1-C0270
tenant-demo,D006,经销商06,O-D006-2026Q2-C0270,D006-C0270,2026-04-22,2026Q2,true,42478.91,桂中,erp:order:O-D006-2026Q2-C0270
tenant-demo,D006,经销商06,O-D006-2026Q1-C0271,D006-C0271,2026-03-06,2026Q1,false,28103.28,桂中,erp:order:O-D006-2026Q1-C0271
tenant-demo,D006,经销商06,O-D006-2026Q2-C0271,D006-C0271,2026-06-08,2026Q2,true,35259.62,桂中,erp:order:O-D006-2026Q2-C0271
tenant-demo,D006,经销商06,O-D006-2026Q1-C0272,D006-C0272,2026-03-25,2026Q1,false,33195.57,桂中,erp:order:O-D006-2026Q1-C0272
tenant-demo,D006,经销商06,O-D006-2026Q2-C0272,D006-C0272,2026-05-24,2026Q2,true,10871.76,桂中,erp:order:O-D006-2026Q2-C0272
tenant-demo,D006,经销商06,O-D006-2026Q1-C0273,D006-C0273,2026-01-21,2026Q1,false,42770.44,桂中,erp:order:O-D006-2026Q1-C0273
tenant-demo,D006,经销商06,O-D006-2026Q2-C0273,D006-C0273,2026-06-12,2026Q2,true,5226.91,桂中,erp:order:O-D006-2026Q2-C0273
tenant-demo,D006,经销商06,O-D006-2026Q1-C0274,D006-C0274,2026-01-03,2026Q1,false,11118.59,桂中,erp:order:O-D006-2026Q1-C0274
tenant-demo,D006,经销商06,O-D006-2026Q2-C0274,D006-C0274,2026-05-13,2026Q2,false,48428.76,桂中,erp:order:O-D006-2026Q2-C0274
tenant-demo,D006,经销商06,O-D006-2026Q1-C0275,D006-C0275,2026-01-14,2026Q1,false,26293.68,桂中,erp:order:O-D006-2026Q1-C0275
tenant-demo,D006,经销商06,O-D006-2026Q2-C0275,D006-C0275,2026-05-25,2026Q2,false,23769.62,桂中,erp:order:O-D006-2026Q2-C0275
tenant-demo,D006,经销商06,O-D006-2026Q1-C0276,D006-C0276,2026-01-12,2026Q1,true,23496.71,桂中,erp:order:O-D006-2026Q1-C0276
tenant-demo,D006,经销商06,O-D006-2026Q2-C0276,D006-C0276,2026-06-04,2026Q2,true,41320.93,桂中,erp:order:O-D006-2026Q2-C0276
tenant-demo,D006,经销商06,O-D006-2026Q1-C0277,D006-C0277,2026-02-09,2026Q1,true,46068.05,桂中,erp:order:O-D006-2026Q1-C0277
tenant-demo,D006,经销商06,O-D006-2026Q2-C0277,D006-C0277,2026-06-28,2026Q2,false,26558.29,桂中,erp:order:O-D006-2026Q2-C0277
tenant-demo,D006,经销商06,O-D006-2026Q1-C0278,D006-C0278,2026-03-07,2026Q1,true,24190.02,桂中,erp:order:O-D006-2026Q1-C0278
tenant-demo,D006,经销商06,O-D006-2026Q2-C0278,D006-C0278,2026-04-21,2026Q2,true,14971.2,桂中,erp:order:O-D006-2026Q2-C0278
tenant-demo,D006,经销商06,O-D006-2026Q1-C0279,D006-C0279,2026-03-25,2026Q1,false,12947.03,桂中,erp:order:O-D006-2026Q1-C0279
tenant-demo,D006,经销商06,O-D006-2026Q2-C0279,D006-C0279,2026-05-20,2026Q2,false,37951.13,桂中,erp:order:O-D006-2026Q2-C0279
tenant-demo,D006,经销商06,O-D006-2026Q1-C0280,D006-C0280,2026-03-13,2026Q1,true,12637.5,桂中,erp:order:O-D006-2026Q1-C0280
tenant-demo,D006,经销商06,O-D006-2026Q2-C0280,D006-C0280,2026-06-04,2026Q2,false,18576.73,桂中,erp:order:O-D006-2026Q2-C0280
tenant-demo,D006,经销商06,O-D006-2026Q1-C0281,D006-C0281,2026-02-01,2026Q1,false,24009.14,桂中,erp:order:O-D006-2026Q1-C0281
tenant-demo,D006,经销商06,O-D006-2026Q2-C0281,D006-C0281,2026-06-20,2026Q2,false,16432.6,桂中,erp:order:O-D006-2026Q2-C0281
tenant-demo,D006,经销商06,O-D006-2026Q1-C0282,D006-C0282,2026-01-13,2026Q1,true,41020.03,桂中,erp:order:O-D006-2026Q1-C0282
tenant-demo,D006,经销商06,O-D006-2026Q2-C0282,D006-C0282,2026-06-18,2026Q2,true,5596.28,桂中,erp:order:O-D006-2026Q2-C0282
tenant-demo,D006,经销商06,O-D006-2026Q1-C0283,D006-C0283,2026-01-28,2026Q1,true,26414.29,桂中,erp:order:O-D006-2026Q1-C0283
tenant-demo,D006,经销商06,O-D006-2026Q2-C0283,D006-C0283,2026-06-14,2026Q2,false,39521.64,桂中,erp:order:O-D006-2026Q2-C0283
tenant-demo,D006,经销商06,O-D006-2026Q1-C0284,D006-C0284,2026-01-26,2026Q1,true,20579.42,桂中,erp:order:O-D006-2026Q1-C0284
tenant-demo,D006,经销商06,O-D006-2026Q2-C0284,D006-C0284,2026-04-02,2026Q2,true,8457.69,桂中,erp:order:O-D006-2026Q2-C0284
tenant-demo,D006,经销商06,O-D006-2026Q1-C0285,D006-C0285,2026-02-21,2026Q1,true,6657.65,桂中,erp:order:O-D006-2026Q1-C0285
tenant-demo,D006,经销商06,O-D006-2026Q2-C0285,D006-C0285,2026-06-07,2026Q2,false,43558.51,桂中,erp:order:O-D006-2026Q2-C0285
tenant-demo,D006,经销商06,O-D006-2026Q1-C0286,D006-C0286,2026-03-25,2026Q1,true,14101.09,桂中,erp:order:O-D006-2026Q1-C0286
tenant-demo,D006,经销商06,O-D006-2026Q2-C0286,D006-C0286,2026-05-11,2026Q2,false,22523.13,桂中,erp:order:O-D006-2026Q2-C0286
tenant-demo,D006,经销商06,O-D006-2026Q1-C0287,D006-C0287,2026-02-03,2026Q1,false,35196.94,桂中,erp:order:O-D006-2026Q1-C0287
tenant-demo,D006,经销商06,O-D006-2026Q2-C0287,D006-C0287,2026-06-13,2026Q2,false,31372.73,桂中,erp:order:O-D006-2026Q2-C0287
tenant-demo,D006,经销商06,O-D006-2026Q1-C0288,D006-C0288,2026-01-05,2026Q1,false,49269.08,桂中,erp:order:O-D006-2026Q1-C0288
tenant-demo,D006,经销商06,O-D006-2026Q2-C0288,D006-C0288,2026-04-08,2026Q2,false,37727.51,桂中,erp:order:O-D006-2026Q2-C0288
tenant-demo,D006,经销商06,O-D006-2026Q1-C0289,D006-C0289,2026-03-15,2026Q1,true,46154.81,桂中,erp:order:O-D006-2026Q1-C0289
tenant-demo,D006,经销商06,O-D006-2026Q2-C0289,D006-C0289,2026-05-12,2026Q2,true,48577.33,桂中,erp:order:O-D006-2026Q2-C0289
tenant-demo,D006,经销商06,O-D006-2026Q1-C0290,D006-C0290,2026-03-08,2026Q1,true,39656.13,桂中,erp:order:O-D006-2026Q1-C0290
tenant-demo,D006,经销商06,O-D006-2026Q2-C0290,D006-C0290,2026-04-06,2026Q2,false,27942.27,桂中,erp:order:O-D006-2026Q2-C0290
tenant-demo,D006,经销商06,O-D006-2026Q1-C0291,D006-C0291,2026-01-08,2026Q1,false,17112.59,桂中,erp:order:O-D006-2026Q1-C0291
tenant-demo,D006,经销商06,O-D006-2026Q2-C0291,D006-C0291,2026-05-05,2026Q2,true,37276.43,桂中,erp:order:O-D006-2026Q2-C0291
tenant-demo,D006,经销商06,O-D006-2026Q1-C0292,D006-C0292,2026-01-12,2026Q1,false,45209.09,桂中,erp:order:O-D006-2026Q1-C0292
tenant-demo,D006,经销商06,O-D006-2026Q2-C0292,D006-C0292,2026-06-23,2026Q2,true,11574.93,桂中,erp:order:O-D006-2026Q2-C0292
tenant-demo,D006,经销商06,O-D006-2026Q1-C0293,D006-C0293,2026-02-10,2026Q1,false,17156.53,桂中,erp:order:O-D006-2026Q1-C0293
tenant-demo,D006,经销商06,O-D006-2026Q2-C0293,D006-C0293,2026-05-10,2026Q2,false,11907.06,桂中,erp:order:O-D006-2026Q2-C0293
tenant-demo,D006,经销商06,O-D006-2026Q1-C0294,D006-C0294,2026-01-04,2026Q1,true,18250.93,桂中,erp:order:O-D006-2026Q1-C0294
tenant-demo,D006,经销商06,O-D006-2026Q2-C0294,D006-C0294,2026-05-22,2026Q2,true,38061.75,桂中,erp:order:O-D006-2026Q2-C0294
tenant-demo,D006,经销商06,O-D006-2026Q1-C0295,D006-C0295,2026-01-21,2026Q1,false,38609.45,桂中,erp:order:O-D006-2026Q1-C0295
tenant-demo,D006,经销商06,O-D006-2026Q2-C0295,D006-C0295,2026-05-20,2026Q2,false,39402.65,桂中,erp:order:O-D006-2026Q2-C0295
tenant-demo,D006,经销商06,O-D006-2026Q1-C0296,D006-C0296,2026-02-09,2026Q1,false,40859.93,桂中,erp:order:O-D006-2026Q1-C0296
tenant-demo,D006,经销商06,O-D006-2026Q2-C0296,D006-C0296,2026-05-11,2026Q2,true,38355.38,桂中,erp:order:O-D006-2026Q2-C0296
tenant-demo,D006,经销商06,O-D006-2026Q1-C0297,D006-C0297,2026-02-01,2026Q1,false,20106.63,桂中,erp:order:O-D006-2026Q1-C0297
tenant-demo,D006,经销商06,O-D006-2026Q2-C0297,D006-C0297,2026-06-10,2026Q2,false,6655.88,桂中,erp:order:O-D006-2026Q2-C0297
tenant-demo,D006,经销商06,O-D006-2026Q1-C0298,D006-C0298,2026-03-14,2026Q1,false,6906.36,桂中,erp:order:O-D006-2026Q1-C0298
tenant-demo,D006,经销商06,O-D006-2026Q2-C0298,D006-C0298,2026-05-23,2026Q2,false,11166.83,桂中,erp:order:O-D006-2026Q2-C0298
tenant-demo,D006,经销商06,O-D006-2026Q1-C0299,D006-C0299,2026-02-16,2026Q1,false,10256.94,桂中,erp:order:O-D006-2026Q1-C0299
tenant-demo,D006,经销商06,O-D006-2026Q2-C0299,D006-C0299,2026-04-16,2026Q2,false,35389.59,桂中,erp:order:O-D006-2026Q2-C0299
tenant-demo,D006,经销商06,O-D006-2026Q1-C0300,D006-C0300,2026-03-03,2026Q1,false,9667.55,桂中,erp:order:O-D006-2026Q1-C0300
tenant-demo,D006,经销商06,O-D006-2026Q2-C0300,D006-C0300,2026-05-10,2026Q2,false,30792.52,桂中,erp:order:O-D006-2026Q2-C0300
tenant-demo,D007,经销商07,O-D007-2026Q1-C0001,D007-C0001,2026-02-23,2026Q1,false,26718.26,桂中,erp:order:O-D007-2026Q1-C0001
tenant-demo,D007,经销商07,O-D007-2026Q2-C0001,D007-C0001,2026-04-12,2026Q2,false,27250.4,桂中,erp:order:O-D007-2026Q2-C0001
tenant-demo,D007,经销商07,O-D007-2026Q1-C0002,D007-C0002,2026-02-25,2026Q1,false,11604.91,桂中,erp:order:O-D007-2026Q1-C0002
tenant-demo,D007,经销商07,O-D007-2026Q2-C0002,D007-C0002,2026-04-03,2026Q2,false,28586.89,桂中,erp:order:O-D007-2026Q2-C0002
tenant-demo,D007,经销商07,O-D007-2026Q1-C0003,D007-C0003,2026-01-20,2026Q1,true,34431.76,桂中,erp:order:O-D007-2026Q1-C0003
tenant-demo,D007,经销商07,O-D007-2026Q2-C0003,D007-C0003,2026-04-04,2026Q2,false,35504.16,桂中,erp:order:O-D007-2026Q2-C0003
tenant-demo,D007,经销商07,O-D007-2026Q1-C0004,D007-C0004,2026-02-01,2026Q1,true,36830.22,桂中,erp:order:O-D007-2026Q1-C0004
tenant-demo,D007,经销商07,O-D007-2026Q2-C0004,D007-C0004,2026-06-27,2026Q2,false,11000.97,桂中,erp:order:O-D007-2026Q2-C0004
tenant-demo,D007,经销商07,O-D007-2026Q1-C0005,D007-C0005,2026-03-02,2026Q1,false,7225.63,桂中,erp:order:O-D007-2026Q1-C0005
tenant-demo,D007,经销商07,O-D007-2026Q2-C0005,D007-C0005,2026-04-24,2026Q2,false,12622.9,桂中,erp:order:O-D007-2026Q2-C0005
tenant-demo,D007,经销商07,O-D007-2026Q1-C0006,D007-C0006,2026-01-21,2026Q1,false,30160.59,桂中,erp:order:O-D007-2026Q1-C0006
tenant-demo,D007,经销商07,O-D007-2026Q2-C0006,D007-C0006,2026-04-11,2026Q2,false,17016.45,桂中,erp:order:O-D007-2026Q2-C0006
tenant-demo,D007,经销商07,O-D007-2026Q1-C0007,D007-C0007,2026-02-19,2026Q1,true,15719.6,桂中,erp:order:O-D007-2026Q1-C0007
tenant-demo,D007,经销商07,O-D007-2026Q2-C0007,D007-C0007,2026-06-02,2026Q2,true,25590.14,桂中,erp:order:O-D007-2026Q2-C0007
tenant-demo,D007,经销商07,O-D007-2026Q1-C0008,D007-C0008,2026-01-04,2026Q1,false,26861.66,桂中,erp:order:O-D007-2026Q1-C0008
tenant-demo,D007,经销商07,O-D007-2026Q2-C0008,D007-C0008,2026-06-26,2026Q2,false,12400.86,桂中,erp:order:O-D007-2026Q2-C0008
tenant-demo,D007,经销商07,O-D007-2026Q1-C0009,D007-C0009,2026-01-25,2026Q1,true,30430.88,桂中,erp:order:O-D007-2026Q1-C0009
tenant-demo,D007,经销商07,O-D007-2026Q2-C0009,D007-C0009,2026-05-11,2026Q2,false,31765.17,桂中,erp:order:O-D007-2026Q2-C0009
tenant-demo,D007,经销商07,O-D007-2026Q1-C0010,D007-C0010,2026-01-25,2026Q1,false,21333.61,桂中,erp:order:O-D007-2026Q1-C0010
tenant-demo,D007,经销商07,O-D007-2026Q2-C0010,D007-C0010,2026-04-27,2026Q2,false,34304.81,桂中,erp:order:O-D007-2026Q2-C0010
tenant-demo,D007,经销商07,O-D007-2026Q1-C0011,D007-C0011,2026-02-01,2026Q1,false,43544.92,桂中,erp:order:O-D007-2026Q1-C0011
tenant-demo,D007,经销商07,O-D007-2026Q2-C0011,D007-C0011,2026-05-03,2026Q2,true,45410.32,桂中,erp:order:O-D007-2026Q2-C0011
tenant-demo,D007,经销商07,O-D007-2026Q1-C0012,D007-C0012,2026-03-27,2026Q1,false,42942.44,桂中,erp:order:O-D007-2026Q1-C0012
tenant-demo,D007,经销商07,O-D007-2026Q2-C0012,D007-C0012,2026-05-05,2026Q2,false,19554.2,桂中,erp:order:O-D007-2026Q2-C0012
tenant-demo,D007,经销商07,O-D007-2026Q1-C0013,D007-C0013,2026-01-23,2026Q1,false,44366.39,桂中,erp:order:O-D007-2026Q1-C0013
tenant-demo,D007,经销商07,O-D007-2026Q2-C0013,D007-C0013,2026-06-04,2026Q2,false,44395.69,桂中,erp:order:O-D007-2026Q2-C0013
tenant-demo,D007,经销商07,O-D007-2026Q1-C0014,D007-C0014,2026-01-13,2026Q1,false,26096.82,桂中,erp:order:O-D007-2026Q1-C0014
tenant-demo,D007,经销商07,O-D007-2026Q2-C0014,D007-C0014,2026-04-05,2026Q2,true,21918.26,桂中,erp:order:O-D007-2026Q2-C0014
tenant-demo,D007,经销商07,O-D007-2026Q1-C0015,D007-C0015,2026-03-17,2026Q1,true,20365.11,桂中,erp:order:O-D007-2026Q1-C0015
tenant-demo,D007,经销商07,O-D007-2026Q2-C0015,D007-C0015,2026-06-07,2026Q2,true,40446.16,桂中,erp:order:O-D007-2026Q2-C0015
tenant-demo,D007,经销商07,O-D007-2026Q1-C0016,D007-C0016,2026-03-10,2026Q1,false,33280.13,桂中,erp:order:O-D007-2026Q1-C0016
tenant-demo,D007,经销商07,O-D007-2026Q2-C0016,D007-C0016,2026-04-21,2026Q2,false,10869.91,桂中,erp:order:O-D007-2026Q2-C0016
tenant-demo,D007,经销商07,O-D007-2026Q1-C0017,D007-C0017,2026-03-18,2026Q1,false,38346.29,桂中,erp:order:O-D007-2026Q1-C0017
tenant-demo,D007,经销商07,O-D007-2026Q2-C0017,D007-C0017,2026-06-27,2026Q2,true,22100.71,桂中,erp:order:O-D007-2026Q2-C0017
tenant-demo,D007,经销商07,O-D007-2026Q1-C0018,D007-C0018,2026-01-19,2026Q1,true,38672.47,桂中,erp:order:O-D007-2026Q1-C0018
tenant-demo,D007,经销商07,O-D007-2026Q2-C0018,D007-C0018,2026-06-13,2026Q2,false,47405.26,桂中,erp:order:O-D007-2026Q2-C0018
tenant-demo,D007,经销商07,O-D007-2026Q1-C0019,D007-C0019,2026-03-15,2026Q1,true,22908.44,桂中,erp:order:O-D007-2026Q1-C0019
tenant-demo,D007,经销商07,O-D007-2026Q2-C0019,D007-C0019,2026-06-07,2026Q2,false,11931.27,桂中,erp:order:O-D007-2026Q2-C0019
tenant-demo,D007,经销商07,O-D007-2026Q1-C0020,D007-C0020,2026-02-09,2026Q1,false,44419.4,桂中,erp:order:O-D007-2026Q1-C0020
tenant-demo,D007,经销商07,O-D007-2026Q2-C0020,D007-C0020,2026-04-11,2026Q2,true,34623.18,桂中,erp:order:O-D007-2026Q2-C0020
tenant-demo,D007,经销商07,O-D007-2026Q1-C0021,D007-C0021,2026-03-27,2026Q1,false,37674.5,桂中,erp:order:O-D007-2026Q1-C0021
tenant-demo,D007,经销商07,O-D007-2026Q2-C0021,D007-C0021,2026-06-21,2026Q2,false,35663.05,桂中,erp:order:O-D007-2026Q2-C0021
tenant-demo,D007,经销商07,O-D007-2026Q1-C0022,D007-C0022,2026-03-19,2026Q1,false,44737.91,桂中,erp:order:O-D007-2026Q1-C0022
tenant-demo,D007,经销商07,O-D007-2026Q2-C0022,D007-C0022,2026-06-28,2026Q2,false,27206.23,桂中,erp:order:O-D007-2026Q2-C0022
tenant-demo,D007,经销商07,O-D007-2026Q1-C0023,D007-C0023,2026-01-24,2026Q1,true,42852.14,桂中,erp:order:O-D007-2026Q1-C0023
tenant-demo,D007,经销商07,O-D007-2026Q2-C0023,D007-C0023,2026-04-24,2026Q2,false,14272.19,桂中,erp:order:O-D007-2026Q2-C0023
tenant-demo,D007,经销商07,O-D007-2026Q1-C0024,D007-C0024,2026-02-19,2026Q1,false,13232.81,桂中,erp:order:O-D007-2026Q1-C0024
tenant-demo,D007,经销商07,O-D007-2026Q2-C0024,D007-C0024,2026-04-24,2026Q2,true,17298.7,桂中,erp:order:O-D007-2026Q2-C0024
tenant-demo,D007,经销商07,O-D007-2026Q1-C0025,D007-C0025,2026-01-20,2026Q1,false,9573.27,桂中,erp:order:O-D007-2026Q1-C0025
tenant-demo,D007,经销商07,O-D007-2026Q2-C0025,D007-C0025,2026-05-06,2026Q2,true,43303.96,桂中,erp:order:O-D007-2026Q2-C0025
tenant-demo,D007,经销商07,O-D007-2026Q1-C0026,D007-C0026,2026-03-01,2026Q1,false,29317.95,桂中,erp:order:O-D007-2026Q1-C0026
tenant-demo,D007,经销商07,O-D007-2026Q2-C0026,D007-C0026,2026-04-10,2026Q2,false,23293.48,桂中,erp:order:O-D007-2026Q2-C0026
tenant-demo,D007,经销商07,O-D007-2026Q1-C0027,D007-C0027,2026-03-22,2026Q1,false,49395.78,桂中,erp:order:O-D007-2026Q1-C0027
tenant-demo,D007,经销商07,O-D007-2026Q2-C0027,D007-C0027,2026-05-12,2026Q2,false,12448.76,桂中,erp:order:O-D007-2026Q2-C0027
tenant-demo,D007,经销商07,O-D007-2026Q1-C0028,D007-C0028,2026-03-28,2026Q1,false,15979.42,桂中,erp:order:O-D007-2026Q1-C0028
tenant-demo,D007,经销商07,O-D007-2026Q2-C0028,D007-C0028,2026-04-15,2026Q2,true,15188.91,桂中,erp:order:O-D007-2026Q2-C0028
tenant-demo,D007,经销商07,O-D007-2026Q1-C0029,D007-C0029,2026-02-12,2026Q1,true,49489.24,桂中,erp:order:O-D007-2026Q1-C0029
tenant-demo,D007,经销商07,O-D007-2026Q2-C0029,D007-C0029,2026-06-07,2026Q2,false,39306.96,桂中,erp:order:O-D007-2026Q2-C0029
tenant-demo,D007,经销商07,O-D007-2026Q1-C0030,D007-C0030,2026-01-25,2026Q1,true,14461.53,桂中,erp:order:O-D007-2026Q1-C0030
tenant-demo,D007,经销商07,O-D007-2026Q2-C0030,D007-C0030,2026-05-01,2026Q2,true,44091.79,桂中,erp:order:O-D007-2026Q2-C0030
tenant-demo,D007,经销商07,O-D007-2026Q1-C0031,D007-C0031,2026-03-23,2026Q1,true,40658.76,桂中,erp:order:O-D007-2026Q1-C0031
tenant-demo,D007,经销商07,O-D007-2026Q2-C0031,D007-C0031,2026-05-07,2026Q2,false,24672.93,桂中,erp:order:O-D007-2026Q2-C0031
tenant-demo,D007,经销商07,O-D007-2026Q1-C0032,D007-C0032,2026-01-15,2026Q1,false,29902.91,桂中,erp:order:O-D007-2026Q1-C0032
tenant-demo,D007,经销商07,O-D007-2026Q2-C0032,D007-C0032,2026-04-23,2026Q2,false,30896.62,桂中,erp:order:O-D007-2026Q2-C0032
tenant-demo,D007,经销商07,O-D007-2026Q1-C0033,D007-C0033,2026-01-07,2026Q1,true,33855.53,桂中,erp:order:O-D007-2026Q1-C0033
tenant-demo,D007,经销商07,O-D007-2026Q2-C0033,D007-C0033,2026-06-07,2026Q2,true,7677.49,桂中,erp:order:O-D007-2026Q2-C0033
tenant-demo,D007,经销商07,O-D007-2026Q1-C0034,D007-C0034,2026-01-12,2026Q1,false,47107.69,桂中,erp:order:O-D007-2026Q1-C0034
tenant-demo,D007,经销商07,O-D007-2026Q2-C0034,D007-C0034,2026-04-22,2026Q2,true,23300.04,桂中,erp:order:O-D007-2026Q2-C0034
tenant-demo,D007,经销商07,O-D007-2026Q1-C0035,D007-C0035,2026-02-12,2026Q1,false,14270.16,桂中,erp:order:O-D007-2026Q1-C0035
tenant-demo,D007,经销商07,O-D007-2026Q2-C0035,D007-C0035,2026-04-10,2026Q2,true,27964.5,桂中,erp:order:O-D007-2026Q2-C0035
tenant-demo,D007,经销商07,O-D007-2026Q1-C0036,D007-C0036,2026-03-23,2026Q1,false,27704.85,桂中,erp:order:O-D007-2026Q1-C0036
tenant-demo,D007,经销商07,O-D007-2026Q2-C0036,D007-C0036,2026-04-08,2026Q2,true,43981.28,桂中,erp:order:O-D007-2026Q2-C0036
tenant-demo,D007,经销商07,O-D007-2026Q1-C0037,D007-C0037,2026-03-03,2026Q1,true,41345.67,桂中,erp:order:O-D007-2026Q1-C0037
tenant-demo,D007,经销商07,O-D007-2026Q2-C0037,D007-C0037,2026-06-14,2026Q2,false,33338.52,桂中,erp:order:O-D007-2026Q2-C0037
tenant-demo,D007,经销商07,O-D007-2026Q1-C0038,D007-C0038,2026-03-11,2026Q1,true,24707.59,桂中,erp:order:O-D007-2026Q1-C0038
tenant-demo,D007,经销商07,O-D007-2026Q2-C0038,D007-C0038,2026-06-21,2026Q2,false,44091.07,桂中,erp:order:O-D007-2026Q2-C0038
tenant-demo,D007,经销商07,O-D007-2026Q1-C0039,D007-C0039,2026-02-11,2026Q1,false,18868.69,桂中,erp:order:O-D007-2026Q1-C0039
tenant-demo,D007,经销商07,O-D007-2026Q2-C0039,D007-C0039,2026-06-21,2026Q2,false,27753.86,桂中,erp:order:O-D007-2026Q2-C0039
tenant-demo,D007,经销商07,O-D007-2026Q1-C0040,D007-C0040,2026-03-05,2026Q1,false,16304.0,桂中,erp:order:O-D007-2026Q1-C0040
tenant-demo,D007,经销商07,O-D007-2026Q2-C0040,D007-C0040,2026-06-06,2026Q2,true,49309.1,桂中,erp:order:O-D007-2026Q2-C0040
tenant-demo,D007,经销商07,O-D007-2026Q1-C0041,D007-C0041,2026-02-05,2026Q1,false,39697.3,桂中,erp:order:O-D007-2026Q1-C0041
tenant-demo,D007,经销商07,O-D007-2026Q2-C0041,D007-C0041,2026-06-16,2026Q2,false,10659.79,桂中,erp:order:O-D007-2026Q2-C0041
tenant-demo,D007,经销商07,O-D007-2026Q1-C0042,D007-C0042,2026-02-24,2026Q1,true,44279.79,桂中,erp:order:O-D007-2026Q1-C0042
tenant-demo,D007,经销商07,O-D007-2026Q2-C0042,D007-C0042,2026-05-24,2026Q2,false,31723.71,桂中,erp:order:O-D007-2026Q2-C0042
tenant-demo,D007,经销商07,O-D007-2026Q1-C0043,D007-C0043,2026-02-26,2026Q1,false,13035.88,桂中,erp:order:O-D007-2026Q1-C0043
tenant-demo,D007,经销商07,O-D007-2026Q2-C0043,D007-C0043,2026-05-20,2026Q2,false,25741.29,桂中,erp:order:O-D007-2026Q2-C0043
tenant-demo,D007,经销商07,O-D007-2026Q1-C0044,D007-C0044,2026-01-12,2026Q1,false,35993.44,桂中,erp:order:O-D007-2026Q1-C0044
tenant-demo,D007,经销商07,O-D007-2026Q2-C0044,D007-C0044,2026-04-01,2026Q2,true,8289.87,桂中,erp:order:O-D007-2026Q2-C0044
tenant-demo,D007,经销商07,O-D007-2026Q1-C0045,D007-C0045,2026-03-08,2026Q1,false,9916.07,桂中,erp:order:O-D007-2026Q1-C0045
tenant-demo,D007,经销商07,O-D007-2026Q2-C0045,D007-C0045,2026-05-07,2026Q2,true,17117.62,桂中,erp:order:O-D007-2026Q2-C0045
tenant-demo,D007,经销商07,O-D007-2026Q1-C0046,D007-C0046,2026-03-24,2026Q1,true,42132.81,桂中,erp:order:O-D007-2026Q1-C0046
tenant-demo,D007,经销商07,O-D007-2026Q2-C0046,D007-C0046,2026-04-13,2026Q2,false,5634.37,桂中,erp:order:O-D007-2026Q2-C0046
tenant-demo,D007,经销商07,O-D007-2026Q1-C0047,D007-C0047,2026-02-03,2026Q1,true,7360.94,桂中,erp:order:O-D007-2026Q1-C0047
tenant-demo,D007,经销商07,O-D007-2026Q2-C0047,D007-C0047,2026-05-18,2026Q2,true,25234.94,桂中,erp:order:O-D007-2026Q2-C0047
tenant-demo,D007,经销商07,O-D007-2026Q1-C0048,D007-C0048,2026-03-06,2026Q1,true,31754.96,桂中,erp:order:O-D007-2026Q1-C0048
tenant-demo,D007,经销商07,O-D007-2026Q2-C0048,D007-C0048,2026-04-17,2026Q2,true,37871.34,桂中,erp:order:O-D007-2026Q2-C0048
tenant-demo,D007,经销商07,O-D007-2026Q1-C0049,D007-C0049,2026-01-23,2026Q1,false,34166.66,桂中,erp:order:O-D007-2026Q1-C0049
tenant-demo,D007,经销商07,O-D007-2026Q2-C0049,D007-C0049,2026-04-17,2026Q2,true,9879.43,桂中,erp:order:O-D007-2026Q2-C0049
tenant-demo,D007,经销商07,O-D007-2026Q1-C0050,D007-C0050,2026-03-01,2026Q1,true,45588.09,桂中,erp:order:O-D007-2026Q1-C0050
tenant-demo,D007,经销商07,O-D007-2026Q2-C0050,D007-C0050,2026-06-04,2026Q2,false,39534.09,桂中,erp:order:O-D007-2026Q2-C0050
tenant-demo,D007,经销商07,O-D007-2026Q1-C0051,D007-C0051,2026-02-20,2026Q1,false,37317.06,桂中,erp:order:O-D007-2026Q1-C0051
tenant-demo,D007,经销商07,O-D007-2026Q2-C0051,D007-C0051,2026-04-17,2026Q2,false,11345.16,桂中,erp:order:O-D007-2026Q2-C0051
tenant-demo,D007,经销商07,O-D007-2026Q1-C0052,D007-C0052,2026-02-25,2026Q1,false,6277.72,桂中,erp:order:O-D007-2026Q1-C0052
tenant-demo,D007,经销商07,O-D007-2026Q2-C0052,D007-C0052,2026-06-06,2026Q2,false,31089.35,桂中,erp:order:O-D007-2026Q2-C0052
tenant-demo,D007,经销商07,O-D007-2026Q1-C0053,D007-C0053,2026-01-09,2026Q1,false,27407.83,桂中,erp:order:O-D007-2026Q1-C0053
tenant-demo,D007,经销商07,O-D007-2026Q2-C0053,D007-C0053,2026-05-21,2026Q2,false,39832.68,桂中,erp:order:O-D007-2026Q2-C0053
tenant-demo,D007,经销商07,O-D007-2026Q1-C0054,D007-C0054,2026-01-17,2026Q1,false,41918.1,桂中,erp:order:O-D007-2026Q1-C0054
tenant-demo,D007,经销商07,O-D007-2026Q2-C0054,D007-C0054,2026-05-06,2026Q2,false,9308.88,桂中,erp:order:O-D007-2026Q2-C0054
tenant-demo,D007,经销商07,O-D007-2026Q1-C0055,D007-C0055,2026-01-28,2026Q1,false,42318.68,桂中,erp:order:O-D007-2026Q1-C0055
tenant-demo,D007,经销商07,O-D007-2026Q2-C0055,D007-C0055,2026-06-04,2026Q2,true,32417.88,桂中,erp:order:O-D007-2026Q2-C0055
tenant-demo,D007,经销商07,O-D007-2026Q1-C0056,D007-C0056,2026-03-09,2026Q1,true,41974.2,桂中,erp:order:O-D007-2026Q1-C0056
tenant-demo,D007,经销商07,O-D007-2026Q2-C0056,D007-C0056,2026-05-10,2026Q2,true,49510.08,桂中,erp:order:O-D007-2026Q2-C0056
tenant-demo,D007,经销商07,O-D007-2026Q1-C0057,D007-C0057,2026-02-06,2026Q1,false,20317.36,桂中,erp:order:O-D007-2026Q1-C0057
tenant-demo,D007,经销商07,O-D007-2026Q2-C0057,D007-C0057,2026-06-24,2026Q2,false,18082.76,桂中,erp:order:O-D007-2026Q2-C0057
tenant-demo,D007,经销商07,O-D007-2026Q1-C0058,D007-C0058,2026-03-13,2026Q1,true,42778.67,桂中,erp:order:O-D007-2026Q1-C0058
tenant-demo,D007,经销商07,O-D007-2026Q2-C0058,D007-C0058,2026-04-27,2026Q2,false,22835.24,桂中,erp:order:O-D007-2026Q2-C0058
tenant-demo,D007,经销商07,O-D007-2026Q1-C0059,D007-C0059,2026-02-23,2026Q1,false,40161.16,桂中,erp:order:O-D007-2026Q1-C0059
tenant-demo,D007,经销商07,O-D007-2026Q2-C0059,D007-C0059,2026-06-15,2026Q2,true,37666.58,桂中,erp:order:O-D007-2026Q2-C0059
tenant-demo,D007,经销商07,O-D007-2026Q1-C0060,D007-C0060,2026-01-15,2026Q1,false,44050.22,桂中,erp:order:O-D007-2026Q1-C0060
tenant-demo,D007,经销商07,O-D007-2026Q2-C0060,D007-C0060,2026-04-18,2026Q2,true,34546.12,桂中,erp:order:O-D007-2026Q2-C0060
tenant-demo,D007,经销商07,O-D007-2026Q1-C0061,D007-C0061,2026-03-17,2026Q1,true,23163.73,桂中,erp:order:O-D007-2026Q1-C0061
tenant-demo,D007,经销商07,O-D007-2026Q2-C0061,D007-C0061,2026-05-15,2026Q2,false,16859.39,桂中,erp:order:O-D007-2026Q2-C0061
tenant-demo,D007,经销商07,O-D007-2026Q1-C0062,D007-C0062,2026-03-27,2026Q1,false,49438.61,桂中,erp:order:O-D007-2026Q1-C0062
tenant-demo,D007,经销商07,O-D007-2026Q2-C0062,D007-C0062,2026-05-10,2026Q2,true,25159.44,桂中,erp:order:O-D007-2026Q2-C0062
tenant-demo,D007,经销商07,O-D007-2026Q1-C0063,D007-C0063,2026-03-09,2026Q1,false,40087.55,桂中,erp:order:O-D007-2026Q1-C0063
tenant-demo,D007,经销商07,O-D007-2026Q2-C0063,D007-C0063,2026-04-07,2026Q2,false,40522.27,桂中,erp:order:O-D007-2026Q2-C0063
tenant-demo,D007,经销商07,O-D007-2026Q1-C0064,D007-C0064,2026-01-22,2026Q1,false,24286.17,桂中,erp:order:O-D007-2026Q1-C0064
tenant-demo,D007,经销商07,O-D007-2026Q2-C0064,D007-C0064,2026-05-28,2026Q2,false,25014.45,桂中,erp:order:O-D007-2026Q2-C0064
tenant-demo,D007,经销商07,O-D007-2026Q1-C0065,D007-C0065,2026-03-22,2026Q1,false,23348.6,桂中,erp:order:O-D007-2026Q1-C0065
tenant-demo,D007,经销商07,O-D007-2026Q2-C0065,D007-C0065,2026-04-09,2026Q2,true,5051.53,桂中,erp:order:O-D007-2026Q2-C0065
tenant-demo,D007,经销商07,O-D007-2026Q1-C0066,D007-C0066,2026-01-05,2026Q1,false,5305.78,桂中,erp:order:O-D007-2026Q1-C0066
tenant-demo,D007,经销商07,O-D007-2026Q2-C0066,D007-C0066,2026-06-16,2026Q2,true,34424.02,桂中,erp:order:O-D007-2026Q2-C0066
tenant-demo,D007,经销商07,O-D007-2026Q1-C0067,D007-C0067,2026-01-10,2026Q1,false,31278.14,桂中,erp:order:O-D007-2026Q1-C0067
tenant-demo,D007,经销商07,O-D007-2026Q2-C0067,D007-C0067,2026-06-11,2026Q2,true,17320.84,桂中,erp:order:O-D007-2026Q2-C0067
tenant-demo,D007,经销商07,O-D007-2026Q1-C0068,D007-C0068,2026-03-21,2026Q1,false,10366.85,桂中,erp:order:O-D007-2026Q1-C0068
tenant-demo,D007,经销商07,O-D007-2026Q2-C0068,D007-C0068,2026-05-03,2026Q2,false,10247.61,桂中,erp:order:O-D007-2026Q2-C0068
tenant-demo,D007,经销商07,O-D007-2026Q1-C0069,D007-C0069,2026-03-20,2026Q1,true,9541.84,桂中,erp:order:O-D007-2026Q1-C0069
tenant-demo,D007,经销商07,O-D007-2026Q2-C0069,D007-C0069,2026-05-25,2026Q2,true,32669.34,桂中,erp:order:O-D007-2026Q2-C0069
tenant-demo,D007,经销商07,O-D007-2026Q1-C0070,D007-C0070,2026-03-20,2026Q1,true,33941.71,桂中,erp:order:O-D007-2026Q1-C0070
tenant-demo,D007,经销商07,O-D007-2026Q2-C0070,D007-C0070,2026-04-07,2026Q2,false,45989.66,桂中,erp:order:O-D007-2026Q2-C0070
tenant-demo,D007,经销商07,O-D007-2026Q1-C0071,D007-C0071,2026-01-03,2026Q1,false,15044.95,桂中,erp:order:O-D007-2026Q1-C0071
tenant-demo,D007,经销商07,O-D007-2026Q2-C0071,D007-C0071,2026-04-08,2026Q2,true,10640.27,桂中,erp:order:O-D007-2026Q2-C0071
tenant-demo,D007,经销商07,O-D007-2026Q1-C0072,D007-C0072,2026-02-09,2026Q1,true,11285.97,桂中,erp:order:O-D007-2026Q1-C0072
tenant-demo,D007,经销商07,O-D007-2026Q2-C0072,D007-C0072,2026-05-21,2026Q2,true,22821.23,桂中,erp:order:O-D007-2026Q2-C0072
tenant-demo,D007,经销商07,O-D007-2026Q1-C0073,D007-C0073,2026-01-11,2026Q1,false,42241.21,桂中,erp:order:O-D007-2026Q1-C0073
tenant-demo,D007,经销商07,O-D007-2026Q2-C0073,D007-C0073,2026-04-07,2026Q2,true,37292.9,桂中,erp:order:O-D007-2026Q2-C0073
tenant-demo,D007,经销商07,O-D007-2026Q1-C0074,D007-C0074,2026-01-09,2026Q1,true,37332.57,桂中,erp:order:O-D007-2026Q1-C0074
tenant-demo,D007,经销商07,O-D007-2026Q2-C0074,D007-C0074,2026-04-26,2026Q2,true,28517.44,桂中,erp:order:O-D007-2026Q2-C0074
tenant-demo,D007,经销商07,O-D007-2026Q1-C0075,D007-C0075,2026-01-01,2026Q1,false,35784.77,桂中,erp:order:O-D007-2026Q1-C0075
tenant-demo,D007,经销商07,O-D007-2026Q2-C0075,D007-C0075,2026-06-13,2026Q2,true,36601.21,桂中,erp:order:O-D007-2026Q2-C0075
tenant-demo,D007,经销商07,O-D007-2026Q1-C0076,D007-C0076,2026-02-27,2026Q1,true,40351.17,桂中,erp:order:O-D007-2026Q1-C0076
tenant-demo,D007,经销商07,O-D007-2026Q2-C0076,D007-C0076,2026-06-20,2026Q2,true,47087.26,桂中,erp:order:O-D007-2026Q2-C0076
tenant-demo,D007,经销商07,O-D007-2026Q1-C0077,D007-C0077,2026-01-10,2026Q1,true,7652.67,桂中,erp:order:O-D007-2026Q1-C0077
tenant-demo,D007,经销商07,O-D007-2026Q2-C0077,D007-C0077,2026-06-25,2026Q2,true,6221.11,桂中,erp:order:O-D007-2026Q2-C0077
tenant-demo,D007,经销商07,O-D007-2026Q1-C0078,D007-C0078,2026-02-01,2026Q1,true,32331.45,桂中,erp:order:O-D007-2026Q1-C0078
tenant-demo,D007,经销商07,O-D007-2026Q2-C0078,D007-C0078,2026-04-07,2026Q2,false,46788.28,桂中,erp:order:O-D007-2026Q2-C0078
tenant-demo,D007,经销商07,O-D007-2026Q1-C0079,D007-C0079,2026-03-22,2026Q1,false,35117.57,桂中,erp:order:O-D007-2026Q1-C0079
tenant-demo,D007,经销商07,O-D007-2026Q2-C0079,D007-C0079,2026-04-15,2026Q2,true,12924.37,桂中,erp:order:O-D007-2026Q2-C0079
tenant-demo,D007,经销商07,O-D007-2026Q1-C0080,D007-C0080,2026-01-12,2026Q1,false,41896.17,桂中,erp:order:O-D007-2026Q1-C0080
tenant-demo,D007,经销商07,O-D007-2026Q2-C0080,D007-C0080,2026-04-21,2026Q2,true,10188.18,桂中,erp:order:O-D007-2026Q2-C0080
tenant-demo,D007,经销商07,O-D007-2026Q1-C0081,D007-C0081,2026-01-22,2026Q1,true,43257.77,桂中,erp:order:O-D007-2026Q1-C0081
tenant-demo,D007,经销商07,O-D007-2026Q2-C0081,D007-C0081,2026-04-19,2026Q2,false,32250.14,桂中,erp:order:O-D007-2026Q2-C0081
tenant-demo,D007,经销商07,O-D007-2026Q1-C0082,D007-C0082,2026-02-03,2026Q1,false,21346.18,桂中,erp:order:O-D007-2026Q1-C0082
tenant-demo,D007,经销商07,O-D007-2026Q2-C0082,D007-C0082,2026-05-27,2026Q2,false,45128.38,桂中,erp:order:O-D007-2026Q2-C0082
tenant-demo,D007,经销商07,O-D007-2026Q1-C0083,D007-C0083,2026-01-02,2026Q1,true,33976.83,桂中,erp:order:O-D007-2026Q1-C0083
tenant-demo,D007,经销商07,O-D007-2026Q2-C0083,D007-C0083,2026-04-18,2026Q2,false,17152.94,桂中,erp:order:O-D007-2026Q2-C0083
tenant-demo,D007,经销商07,O-D007-2026Q1-C0084,D007-C0084,2026-02-18,2026Q1,true,26899.63,桂中,erp:order:O-D007-2026Q1-C0084
tenant-demo,D007,经销商07,O-D007-2026Q2-C0084,D007-C0084,2026-04-11,2026Q2,true,38922.29,桂中,erp:order:O-D007-2026Q2-C0084
tenant-demo,D007,经销商07,O-D007-2026Q1-C0085,D007-C0085,2026-02-21,2026Q1,true,11014.73,桂中,erp:order:O-D007-2026Q1-C0085
tenant-demo,D007,经销商07,O-D007-2026Q2-C0085,D007-C0085,2026-06-20,2026Q2,false,24167.96,桂中,erp:order:O-D007-2026Q2-C0085
tenant-demo,D007,经销商07,O-D007-2026Q1-C0086,D007-C0086,2026-01-08,2026Q1,false,39460.51,桂中,erp:order:O-D007-2026Q1-C0086
tenant-demo,D007,经销商07,O-D007-2026Q2-C0086,D007-C0086,2026-06-13,2026Q2,false,16426.14,桂中,erp:order:O-D007-2026Q2-C0086
tenant-demo,D007,经销商07,O-D007-2026Q1-C0087,D007-C0087,2026-01-01,2026Q1,true,35768.13,桂中,erp:order:O-D007-2026Q1-C0087
tenant-demo,D007,经销商07,O-D007-2026Q2-C0087,D007-C0087,2026-06-14,2026Q2,true,16173.94,桂中,erp:order:O-D007-2026Q2-C0087
tenant-demo,D007,经销商07,O-D007-2026Q1-C0088,D007-C0088,2026-03-02,2026Q1,true,23712.2,桂中,erp:order:O-D007-2026Q1-C0088
tenant-demo,D007,经销商07,O-D007-2026Q2-C0088,D007-C0088,2026-04-09,2026Q2,true,9611.82,桂中,erp:order:O-D007-2026Q2-C0088
tenant-demo,D007,经销商07,O-D007-2026Q1-C0089,D007-C0089,2026-01-12,2026Q1,false,22504.22,桂中,erp:order:O-D007-2026Q1-C0089
tenant-demo,D007,经销商07,O-D007-2026Q2-C0089,D007-C0089,2026-04-17,2026Q2,true,13797.49,桂中,erp:order:O-D007-2026Q2-C0089
tenant-demo,D007,经销商07,O-D007-2026Q1-C0090,D007-C0090,2026-03-27,2026Q1,false,41257.8,桂中,erp:order:O-D007-2026Q1-C0090
tenant-demo,D007,经销商07,O-D007-2026Q2-C0090,D007-C0090,2026-04-23,2026Q2,true,41285.97,桂中,erp:order:O-D007-2026Q2-C0090
tenant-demo,D007,经销商07,O-D007-2026Q1-C0091,D007-C0091,2026-03-26,2026Q1,true,13639.0,桂中,erp:order:O-D007-2026Q1-C0091
tenant-demo,D007,经销商07,O-D007-2026Q2-C0091,D007-C0091,2026-06-18,2026Q2,false,7715.14,桂中,erp:order:O-D007-2026Q2-C0091
tenant-demo,D007,经销商07,O-D007-2026Q1-C0092,D007-C0092,2026-02-12,2026Q1,false,32131.67,桂中,erp:order:O-D007-2026Q1-C0092
tenant-demo,D007,经销商07,O-D007-2026Q2-C0092,D007-C0092,2026-05-24,2026Q2,false,9233.39,桂中,erp:order:O-D007-2026Q2-C0092
tenant-demo,D007,经销商07,O-D007-2026Q1-C0093,D007-C0093,2026-03-01,2026Q1,false,20454.36,桂中,erp:order:O-D007-2026Q1-C0093
tenant-demo,D007,经销商07,O-D007-2026Q2-C0093,D007-C0093,2026-05-01,2026Q2,true,45228.06,桂中,erp:order:O-D007-2026Q2-C0093
tenant-demo,D007,经销商07,O-D007-2026Q1-C0094,D007-C0094,2026-01-19,2026Q1,true,13337.61,桂中,erp:order:O-D007-2026Q1-C0094
tenant-demo,D007,经销商07,O-D007-2026Q2-C0094,D007-C0094,2026-04-27,2026Q2,false,36874.11,桂中,erp:order:O-D007-2026Q2-C0094
tenant-demo,D007,经销商07,O-D007-2026Q1-C0095,D007-C0095,2026-03-09,2026Q1,true,29464.33,桂中,erp:order:O-D007-2026Q1-C0095
tenant-demo,D007,经销商07,O-D007-2026Q2-C0095,D007-C0095,2026-06-19,2026Q2,false,16175.8,桂中,erp:order:O-D007-2026Q2-C0095
tenant-demo,D007,经销商07,O-D007-2026Q1-C0096,D007-C0096,2026-01-14,2026Q1,true,33674.99,桂中,erp:order:O-D007-2026Q1-C0096
tenant-demo,D007,经销商07,O-D007-2026Q2-C0096,D007-C0096,2026-06-10,2026Q2,false,29430.43,桂中,erp:order:O-D007-2026Q2-C0096
tenant-demo,D007,经销商07,O-D007-2026Q1-C0097,D007-C0097,2026-03-18,2026Q1,true,37176.87,桂中,erp:order:O-D007-2026Q1-C0097
tenant-demo,D007,经销商07,O-D007-2026Q2-C0097,D007-C0097,2026-06-07,2026Q2,false,47843.89,桂中,erp:order:O-D007-2026Q2-C0097
tenant-demo,D007,经销商07,O-D007-2026Q1-C0098,D007-C0098,2026-02-18,2026Q1,false,5912.16,桂中,erp:order:O-D007-2026Q1-C0098
tenant-demo,D007,经销商07,O-D007-2026Q2-C0098,D007-C0098,2026-06-26,2026Q2,false,22707.76,桂中,erp:order:O-D007-2026Q2-C0098
tenant-demo,D007,经销商07,O-D007-2026Q1-C0099,D007-C0099,2026-03-26,2026Q1,true,28245.7,桂中,erp:order:O-D007-2026Q1-C0099
tenant-demo,D007,经销商07,O-D007-2026Q2-C0099,D007-C0099,2026-06-17,2026Q2,false,32717.29,桂中,erp:order:O-D007-2026Q2-C0099
tenant-demo,D007,经销商07,O-D007-2026Q1-C0100,D007-C0100,2026-03-01,2026Q1,false,24065.17,桂中,erp:order:O-D007-2026Q1-C0100
tenant-demo,D007,经销商07,O-D007-2026Q2-C0100,D007-C0100,2026-05-01,2026Q2,false,13850.0,桂中,erp:order:O-D007-2026Q2-C0100
tenant-demo,D007,经销商07,O-D007-2026Q1-C0101,D007-C0101,2026-03-13,2026Q1,false,39325.44,桂中,erp:order:O-D007-2026Q1-C0101
tenant-demo,D007,经销商07,O-D007-2026Q2-C0101,D007-C0101,2026-05-13,2026Q2,true,31171.88,桂中,erp:order:O-D007-2026Q2-C0101
tenant-demo,D007,经销商07,O-D007-2026Q1-C0102,D007-C0102,2026-01-20,2026Q1,false,9351.94,桂中,erp:order:O-D007-2026Q1-C0102
tenant-demo,D007,经销商07,O-D007-2026Q2-C0102,D007-C0102,2026-04-10,2026Q2,false,45270.1,桂中,erp:order:O-D007-2026Q2-C0102
tenant-demo,D007,经销商07,O-D007-2026Q1-C0103,D007-C0103,2026-01-01,2026Q1,false,6406.87,桂中,erp:order:O-D007-2026Q1-C0103
tenant-demo,D007,经销商07,O-D007-2026Q2-C0103,D007-C0103,2026-06-22,2026Q2,false,30051.67,桂中,erp:order:O-D007-2026Q2-C0103
tenant-demo,D007,经销商07,O-D007-2026Q1-C0104,D007-C0104,2026-03-03,2026Q1,false,41881.01,桂中,erp:order:O-D007-2026Q1-C0104
tenant-demo,D007,经销商07,O-D007-2026Q2-C0104,D007-C0104,2026-06-25,2026Q2,false,12179.45,桂中,erp:order:O-D007-2026Q2-C0104
tenant-demo,D007,经销商07,O-D007-2026Q1-C0105,D007-C0105,2026-03-20,2026Q1,true,29112.97,桂中,erp:order:O-D007-2026Q1-C0105
tenant-demo,D007,经销商07,O-D007-2026Q2-C0105,D007-C0105,2026-05-06,2026Q2,true,18184.16,桂中,erp:order:O-D007-2026Q2-C0105
tenant-demo,D007,经销商07,O-D007-2026Q1-C0106,D007-C0106,2026-03-21,2026Q1,false,22729.83,桂中,erp:order:O-D007-2026Q1-C0106
tenant-demo,D007,经销商07,O-D007-2026Q2-C0106,D007-C0106,2026-04-28,2026Q2,false,30922.69,桂中,erp:order:O-D007-2026Q2-C0106
tenant-demo,D007,经销商07,O-D007-2026Q1-C0107,D007-C0107,2026-02-03,2026Q1,true,42336.62,桂中,erp:order:O-D007-2026Q1-C0107
tenant-demo,D007,经销商07,O-D007-2026Q2-C0107,D007-C0107,2026-05-10,2026Q2,false,43127.57,桂中,erp:order:O-D007-2026Q2-C0107
tenant-demo,D007,经销商07,O-D007-2026Q1-C0108,D007-C0108,2026-02-08,2026Q1,false,10111.55,桂中,erp:order:O-D007-2026Q1-C0108
tenant-demo,D007,经销商07,O-D007-2026Q2-C0108,D007-C0108,2026-04-15,2026Q2,true,40141.12,桂中,erp:order:O-D007-2026Q2-C0108
tenant-demo,D007,经销商07,O-D007-2026Q1-C0109,D007-C0109,2026-03-27,2026Q1,false,15001.88,桂中,erp:order:O-D007-2026Q1-C0109
tenant-demo,D007,经销商07,O-D007-2026Q2-C0109,D007-C0109,2026-05-20,2026Q2,true,21876.26,桂中,erp:order:O-D007-2026Q2-C0109
tenant-demo,D007,经销商07,O-D007-2026Q1-C0110,D007-C0110,2026-01-25,2026Q1,true,26887.42,桂中,erp:order:O-D007-2026Q1-C0110
tenant-demo,D007,经销商07,O-D007-2026Q2-C0110,D007-C0110,2026-06-25,2026Q2,false,8613.21,桂中,erp:order:O-D007-2026Q2-C0110
tenant-demo,D007,经销商07,O-D007-2026Q1-C0111,D007-C0111,2026-02-01,2026Q1,false,47807.1,桂中,erp:order:O-D007-2026Q1-C0111
tenant-demo,D007,经销商07,O-D007-2026Q2-C0111,D007-C0111,2026-06-02,2026Q2,false,12864.42,桂中,erp:order:O-D007-2026Q2-C0111
tenant-demo,D007,经销商07,O-D007-2026Q1-C0112,D007-C0112,2026-03-21,2026Q1,false,9595.14,桂中,erp:order:O-D007-2026Q1-C0112
tenant-demo,D007,经销商07,O-D007-2026Q2-C0112,D007-C0112,2026-04-27,2026Q2,false,35189.72,桂中,erp:order:O-D007-2026Q2-C0112
tenant-demo,D007,经销商07,O-D007-2026Q1-C0113,D007-C0113,2026-02-24,2026Q1,false,24713.87,桂中,erp:order:O-D007-2026Q1-C0113
tenant-demo,D007,经销商07,O-D007-2026Q2-C0113,D007-C0113,2026-05-07,2026Q2,true,28443.51,桂中,erp:order:O-D007-2026Q2-C0113
tenant-demo,D007,经销商07,O-D007-2026Q1-C0114,D007-C0114,2026-01-19,2026Q1,false,46845.77,桂中,erp:order:O-D007-2026Q1-C0114
tenant-demo,D007,经销商07,O-D007-2026Q2-C0114,D007-C0114,2026-06-16,2026Q2,false,21716.46,桂中,erp:order:O-D007-2026Q2-C0114
tenant-demo,D007,经销商07,O-D007-2026Q1-C0115,D007-C0115,2026-02-04,2026Q1,true,30951.12,桂中,erp:order:O-D007-2026Q1-C0115
tenant-demo,D007,经销商07,O-D007-2026Q2-C0115,D007-C0115,2026-04-14,2026Q2,true,28573.82,桂中,erp:order:O-D007-2026Q2-C0115
tenant-demo,D007,经销商07,O-D007-2026Q1-C0116,D007-C0116,2026-01-07,2026Q1,true,23870.9,桂中,erp:order:O-D007-2026Q1-C0116
tenant-demo,D007,经销商07,O-D007-2026Q2-C0116,D007-C0116,2026-04-18,2026Q2,false,47269.51,桂中,erp:order:O-D007-2026Q2-C0116
tenant-demo,D007,经销商07,O-D007-2026Q1-C0117,D007-C0117,2026-02-04,2026Q1,false,30144.46,桂中,erp:order:O-D007-2026Q1-C0117
tenant-demo,D007,经销商07,O-D007-2026Q2-C0117,D007-C0117,2026-06-03,2026Q2,false,33373.16,桂中,erp:order:O-D007-2026Q2-C0117
tenant-demo,D007,经销商07,O-D007-2026Q1-C0118,D007-C0118,2026-03-19,2026Q1,false,16468.44,桂中,erp:order:O-D007-2026Q1-C0118
tenant-demo,D007,经销商07,O-D007-2026Q2-C0118,D007-C0118,2026-04-02,2026Q2,false,36006.34,桂中,erp:order:O-D007-2026Q2-C0118
tenant-demo,D007,经销商07,O-D007-2026Q1-C0119,D007-C0119,2026-01-27,2026Q1,false,11005.49,桂中,erp:order:O-D007-2026Q1-C0119
tenant-demo,D007,经销商07,O-D007-2026Q2-C0119,D007-C0119,2026-06-07,2026Q2,true,30534.63,桂中,erp:order:O-D007-2026Q2-C0119
tenant-demo,D007,经销商07,O-D007-2026Q1-C0120,D007-C0120,2026-03-26,2026Q1,false,42791.77,桂中,erp:order:O-D007-2026Q1-C0120
tenant-demo,D007,经销商07,O-D007-2026Q2-C0120,D007-C0120,2026-06-20,2026Q2,false,14265.71,桂中,erp:order:O-D007-2026Q2-C0120
tenant-demo,D007,经销商07,O-D007-2026Q1-C0121,D007-C0121,2026-03-20,2026Q1,false,35802.13,桂中,erp:order:O-D007-2026Q1-C0121
tenant-demo,D007,经销商07,O-D007-2026Q2-C0121,D007-C0121,2026-05-27,2026Q2,false,45175.45,桂中,erp:order:O-D007-2026Q2-C0121
tenant-demo,D007,经销商07,O-D007-2026Q1-C0122,D007-C0122,2026-02-01,2026Q1,true,12759.05,桂中,erp:order:O-D007-2026Q1-C0122
tenant-demo,D007,经销商07,O-D007-2026Q2-C0122,D007-C0122,2026-04-27,2026Q2,false,21597.95,桂中,erp:order:O-D007-2026Q2-C0122
tenant-demo,D007,经销商07,O-D007-2026Q1-C0123,D007-C0123,2026-03-08,2026Q1,true,38836.82,桂中,erp:order:O-D007-2026Q1-C0123
tenant-demo,D007,经销商07,O-D007-2026Q2-C0123,D007-C0123,2026-04-27,2026Q2,true,13391.63,桂中,erp:order:O-D007-2026Q2-C0123
tenant-demo,D007,经销商07,O-D007-2026Q1-C0124,D007-C0124,2026-03-24,2026Q1,true,17647.7,桂中,erp:order:O-D007-2026Q1-C0124
tenant-demo,D007,经销商07,O-D007-2026Q2-C0124,D007-C0124,2026-06-17,2026Q2,false,35026.58,桂中,erp:order:O-D007-2026Q2-C0124
tenant-demo,D007,经销商07,O-D007-2026Q1-C0125,D007-C0125,2026-02-15,2026Q1,false,21630.42,桂中,erp:order:O-D007-2026Q1-C0125
tenant-demo,D007,经销商07,O-D007-2026Q2-C0125,D007-C0125,2026-05-28,2026Q2,true,36869.23,桂中,erp:order:O-D007-2026Q2-C0125
tenant-demo,D007,经销商07,O-D007-2026Q1-C0126,D007-C0126,2026-03-23,2026Q1,true,26224.37,桂中,erp:order:O-D007-2026Q1-C0126
tenant-demo,D007,经销商07,O-D007-2026Q2-C0126,D007-C0126,2026-06-22,2026Q2,true,15287.89,桂中,erp:order:O-D007-2026Q2-C0126
tenant-demo,D007,经销商07,O-D007-2026Q1-C0127,D007-C0127,2026-02-26,2026Q1,true,40932.57,桂中,erp:order:O-D007-2026Q1-C0127
tenant-demo,D007,经销商07,O-D007-2026Q2-C0127,D007-C0127,2026-05-01,2026Q2,false,13011.41,桂中,erp:order:O-D007-2026Q2-C0127
tenant-demo,D007,经销商07,O-D007-2026Q1-C0128,D007-C0128,2026-02-13,2026Q1,true,36065.26,桂中,erp:order:O-D007-2026Q1-C0128
tenant-demo,D007,经销商07,O-D007-2026Q2-C0128,D007-C0128,2026-05-18,2026Q2,true,37710.14,桂中,erp:order:O-D007-2026Q2-C0128
tenant-demo,D007,经销商07,O-D007-2026Q1-C0129,D007-C0129,2026-01-01,2026Q1,true,33689.74,桂中,erp:order:O-D007-2026Q1-C0129
tenant-demo,D007,经销商07,O-D007-2026Q2-C0129,D007-C0129,2026-06-19,2026Q2,true,28107.43,桂中,erp:order:O-D007-2026Q2-C0129
tenant-demo,D007,经销商07,O-D007-2026Q1-C0130,D007-C0130,2026-01-21,2026Q1,false,28019.81,桂中,erp:order:O-D007-2026Q1-C0130
tenant-demo,D007,经销商07,O-D007-2026Q2-C0130,D007-C0130,2026-04-01,2026Q2,false,42035.81,桂中,erp:order:O-D007-2026Q2-C0130
tenant-demo,D007,经销商07,O-D007-2026Q1-C0131,D007-C0131,2026-01-05,2026Q1,false,7561.78,桂中,erp:order:O-D007-2026Q1-C0131
tenant-demo,D007,经销商07,O-D007-2026Q2-C0131,D007-C0131,2026-04-18,2026Q2,true,9894.34,桂中,erp:order:O-D007-2026Q2-C0131
tenant-demo,D007,经销商07,O-D007-2026Q1-C0132,D007-C0132,2026-02-02,2026Q1,false,23602.69,桂中,erp:order:O-D007-2026Q1-C0132
tenant-demo,D007,经销商07,O-D007-2026Q2-C0132,D007-C0132,2026-05-02,2026Q2,true,35372.66,桂中,erp:order:O-D007-2026Q2-C0132
tenant-demo,D007,经销商07,O-D007-2026Q1-C0133,D007-C0133,2026-03-12,2026Q1,true,13272.63,桂中,erp:order:O-D007-2026Q1-C0133
tenant-demo,D007,经销商07,O-D007-2026Q2-C0133,D007-C0133,2026-06-22,2026Q2,true,41561.63,桂中,erp:order:O-D007-2026Q2-C0133
tenant-demo,D007,经销商07,O-D007-2026Q1-C0134,D007-C0134,2026-02-25,2026Q1,false,12099.72,桂中,erp:order:O-D007-2026Q1-C0134
tenant-demo,D007,经销商07,O-D007-2026Q2-C0134,D007-C0134,2026-06-22,2026Q2,false,20184.14,桂中,erp:order:O-D007-2026Q2-C0134
tenant-demo,D007,经销商07,O-D007-2026Q1-C0135,D007-C0135,2026-01-22,2026Q1,false,7530.28,桂中,erp:order:O-D007-2026Q1-C0135
tenant-demo,D007,经销商07,O-D007-2026Q2-C0135,D007-C0135,2026-05-19,2026Q2,false,34760.8,桂中,erp:order:O-D007-2026Q2-C0135
tenant-demo,D007,经销商07,O-D007-2026Q1-C0136,D007-C0136,2026-02-15,2026Q1,false,18095.6,桂中,erp:order:O-D007-2026Q1-C0136
tenant-demo,D007,经销商07,O-D007-2026Q2-C0136,D007-C0136,2026-04-22,2026Q2,false,14764.86,桂中,erp:order:O-D007-2026Q2-C0136
tenant-demo,D007,经销商07,O-D007-2026Q1-C0137,D007-C0137,2026-01-07,2026Q1,false,32922.24,桂中,erp:order:O-D007-2026Q1-C0137
tenant-demo,D007,经销商07,O-D007-2026Q2-C0137,D007-C0137,2026-05-10,2026Q2,false,26747.52,桂中,erp:order:O-D007-2026Q2-C0137
tenant-demo,D007,经销商07,O-D007-2026Q1-C0138,D007-C0138,2026-03-21,2026Q1,true,46060.51,桂中,erp:order:O-D007-2026Q1-C0138
tenant-demo,D007,经销商07,O-D007-2026Q2-C0138,D007-C0138,2026-06-04,2026Q2,false,32817.95,桂中,erp:order:O-D007-2026Q2-C0138
tenant-demo,D007,经销商07,O-D007-2026Q1-C0139,D007-C0139,2026-02-05,2026Q1,true,13294.35,桂中,erp:order:O-D007-2026Q1-C0139
tenant-demo,D007,经销商07,O-D007-2026Q2-C0139,D007-C0139,2026-04-09,2026Q2,false,37443.66,桂中,erp:order:O-D007-2026Q2-C0139
tenant-demo,D007,经销商07,O-D007-2026Q1-C0140,D007-C0140,2026-02-14,2026Q1,true,42987.87,桂中,erp:order:O-D007-2026Q1-C0140
tenant-demo,D007,经销商07,O-D007-2026Q2-C0140,D007-C0140,2026-05-05,2026Q2,true,20511.88,桂中,erp:order:O-D007-2026Q2-C0140
tenant-demo,D007,经销商07,O-D007-2026Q1-C0141,D007-C0141,2026-01-15,2026Q1,true,36470.35,桂中,erp:order:O-D007-2026Q1-C0141
tenant-demo,D007,经销商07,O-D007-2026Q2-C0141,D007-C0141,2026-05-09,2026Q2,false,7596.38,桂中,erp:order:O-D007-2026Q2-C0141
tenant-demo,D007,经销商07,O-D007-2026Q1-C0142,D007-C0142,2026-03-19,2026Q1,false,16666.39,桂中,erp:order:O-D007-2026Q1-C0142
tenant-demo,D007,经销商07,O-D007-2026Q2-C0142,D007-C0142,2026-05-15,2026Q2,false,39142.04,桂中,erp:order:O-D007-2026Q2-C0142
tenant-demo,D007,经销商07,O-D007-2026Q1-C0143,D007-C0143,2026-03-08,2026Q1,true,15470.49,桂中,erp:order:O-D007-2026Q1-C0143
tenant-demo,D007,经销商07,O-D007-2026Q2-C0143,D007-C0143,2026-04-18,2026Q2,false,16401.74,桂中,erp:order:O-D007-2026Q2-C0143
tenant-demo,D007,经销商07,O-D007-2026Q1-C0144,D007-C0144,2026-02-02,2026Q1,false,38326.11,桂中,erp:order:O-D007-2026Q1-C0144
tenant-demo,D007,经销商07,O-D007-2026Q2-C0144,D007-C0144,2026-04-16,2026Q2,false,44734.7,桂中,erp:order:O-D007-2026Q2-C0144
tenant-demo,D007,经销商07,O-D007-2026Q1-C0145,D007-C0145,2026-01-02,2026Q1,false,10389.97,桂中,erp:order:O-D007-2026Q1-C0145
tenant-demo,D007,经销商07,O-D007-2026Q2-C0145,D007-C0145,2026-05-27,2026Q2,false,33210.2,桂中,erp:order:O-D007-2026Q2-C0145
tenant-demo,D007,经销商07,O-D007-2026Q1-C0146,D007-C0146,2026-02-25,2026Q1,false,38328.04,桂中,erp:order:O-D007-2026Q1-C0146
tenant-demo,D007,经销商07,O-D007-2026Q2-C0146,D007-C0146,2026-04-20,2026Q2,false,5287.36,桂中,erp:order:O-D007-2026Q2-C0146
tenant-demo,D007,经销商07,O-D007-2026Q1-C0147,D007-C0147,2026-01-22,2026Q1,true,32901.6,桂中,erp:order:O-D007-2026Q1-C0147
tenant-demo,D007,经销商07,O-D007-2026Q2-C0147,D007-C0147,2026-06-04,2026Q2,true,42322.74,桂中,erp:order:O-D007-2026Q2-C0147
tenant-demo,D007,经销商07,O-D007-2026Q1-C0148,D007-C0148,2026-03-14,2026Q1,true,37980.84,桂中,erp:order:O-D007-2026Q1-C0148
tenant-demo,D007,经销商07,O-D007-2026Q2-C0148,D007-C0148,2026-04-03,2026Q2,true,27863.33,桂中,erp:order:O-D007-2026Q2-C0148
tenant-demo,D007,经销商07,O-D007-2026Q1-C0149,D007-C0149,2026-03-15,2026Q1,false,35550.92,桂中,erp:order:O-D007-2026Q1-C0149
tenant-demo,D007,经销商07,O-D007-2026Q2-C0149,D007-C0149,2026-05-25,2026Q2,false,32565.56,桂中,erp:order:O-D007-2026Q2-C0149
tenant-demo,D007,经销商07,O-D007-2026Q1-C0150,D007-C0150,2026-01-17,2026Q1,true,8471.89,桂中,erp:order:O-D007-2026Q1-C0150
tenant-demo,D007,经销商07,O-D007-2026Q2-C0150,D007-C0150,2026-04-04,2026Q2,true,41588.5,桂中,erp:order:O-D007-2026Q2-C0150
tenant-demo,D007,经销商07,O-D007-2026Q1-C0151,D007-C0151,2026-01-06,2026Q1,false,6661.42,桂中,erp:order:O-D007-2026Q1-C0151
tenant-demo,D007,经销商07,O-D007-2026Q2-C0151,D007-C0151,2026-05-09,2026Q2,false,26960.66,桂中,erp:order:O-D007-2026Q2-C0151
tenant-demo,D007,经销商07,O-D007-2026Q1-C0152,D007-C0152,2026-02-20,2026Q1,false,35430.03,桂中,erp:order:O-D007-2026Q1-C0152
tenant-demo,D007,经销商07,O-D007-2026Q2-C0152,D007-C0152,2026-06-20,2026Q2,true,18782.41,桂中,erp:order:O-D007-2026Q2-C0152
tenant-demo,D007,经销商07,O-D007-2026Q1-C0153,D007-C0153,2026-03-24,2026Q1,false,18365.82,桂中,erp:order:O-D007-2026Q1-C0153
tenant-demo,D007,经销商07,O-D007-2026Q2-C0153,D007-C0153,2026-06-13,2026Q2,false,49541.83,桂中,erp:order:O-D007-2026Q2-C0153
tenant-demo,D007,经销商07,O-D007-2026Q1-C0154,D007-C0154,2026-02-08,2026Q1,true,21411.13,桂中,erp:order:O-D007-2026Q1-C0154
tenant-demo,D007,经销商07,O-D007-2026Q2-C0154,D007-C0154,2026-05-12,2026Q2,false,41053.35,桂中,erp:order:O-D007-2026Q2-C0154
tenant-demo,D007,经销商07,O-D007-2026Q1-C0155,D007-C0155,2026-03-01,2026Q1,true,12894.65,桂中,erp:order:O-D007-2026Q1-C0155
tenant-demo,D007,经销商07,O-D007-2026Q2-C0155,D007-C0155,2026-05-12,2026Q2,true,9122.57,桂中,erp:order:O-D007-2026Q2-C0155
tenant-demo,D007,经销商07,O-D007-2026Q1-C0156,D007-C0156,2026-02-08,2026Q1,true,17132.15,桂中,erp:order:O-D007-2026Q1-C0156
tenant-demo,D007,经销商07,O-D007-2026Q2-C0156,D007-C0156,2026-04-24,2026Q2,true,49032.67,桂中,erp:order:O-D007-2026Q2-C0156
tenant-demo,D007,经销商07,O-D007-2026Q1-C0157,D007-C0157,2026-02-06,2026Q1,true,47533.69,桂中,erp:order:O-D007-2026Q1-C0157
tenant-demo,D007,经销商07,O-D007-2026Q2-C0157,D007-C0157,2026-06-04,2026Q2,true,9253.18,桂中,erp:order:O-D007-2026Q2-C0157
tenant-demo,D007,经销商07,O-D007-2026Q1-C0158,D007-C0158,2026-02-06,2026Q1,false,46675.88,桂中,erp:order:O-D007-2026Q1-C0158
tenant-demo,D007,经销商07,O-D007-2026Q2-C0158,D007-C0158,2026-06-11,2026Q2,true,10778.3,桂中,erp:order:O-D007-2026Q2-C0158
tenant-demo,D007,经销商07,O-D007-2026Q1-C0159,D007-C0159,2026-02-03,2026Q1,false,13691.9,桂中,erp:order:O-D007-2026Q1-C0159
tenant-demo,D007,经销商07,O-D007-2026Q2-C0159,D007-C0159,2026-06-02,2026Q2,false,14620.56,桂中,erp:order:O-D007-2026Q2-C0159
tenant-demo,D007,经销商07,O-D007-2026Q1-C0160,D007-C0160,2026-02-09,2026Q1,false,13121.01,桂中,erp:order:O-D007-2026Q1-C0160
tenant-demo,D007,经销商07,O-D007-2026Q2-C0160,D007-C0160,2026-05-22,2026Q2,true,33031.76,桂中,erp:order:O-D007-2026Q2-C0160
tenant-demo,D007,经销商07,O-D007-2026Q1-C0161,D007-C0161,2026-02-12,2026Q1,false,40266.21,桂中,erp:order:O-D007-2026Q1-C0161
tenant-demo,D007,经销商07,O-D007-2026Q2-C0161,D007-C0161,2026-06-26,2026Q2,false,8276.0,桂中,erp:order:O-D007-2026Q2-C0161
tenant-demo,D007,经销商07,O-D007-2026Q1-C0162,D007-C0162,2026-03-19,2026Q1,false,21267.65,桂中,erp:order:O-D007-2026Q1-C0162
tenant-demo,D007,经销商07,O-D007-2026Q2-C0162,D007-C0162,2026-04-08,2026Q2,true,12977.58,桂中,erp:order:O-D007-2026Q2-C0162
tenant-demo,D007,经销商07,O-D007-2026Q1-C0163,D007-C0163,2026-03-04,2026Q1,true,8082.31,桂中,erp:order:O-D007-2026Q1-C0163
tenant-demo,D007,经销商07,O-D007-2026Q2-C0163,D007-C0163,2026-05-12,2026Q2,true,45675.49,桂中,erp:order:O-D007-2026Q2-C0163
tenant-demo,D007,经销商07,O-D007-2026Q1-C0164,D007-C0164,2026-02-07,2026Q1,false,13845.52,桂中,erp:order:O-D007-2026Q1-C0164
tenant-demo,D007,经销商07,O-D007-2026Q2-C0164,D007-C0164,2026-06-23,2026Q2,false,15056.64,桂中,erp:order:O-D007-2026Q2-C0164
tenant-demo,D007,经销商07,O-D007-2026Q1-C0165,D007-C0165,2026-01-15,2026Q1,true,47053.89,桂中,erp:order:O-D007-2026Q1-C0165
tenant-demo,D007,经销商07,O-D007-2026Q2-C0165,D007-C0165,2026-04-27,2026Q2,false,42157.34,桂中,erp:order:O-D007-2026Q2-C0165
tenant-demo,D007,经销商07,O-D007-2026Q1-C0166,D007-C0166,2026-03-07,2026Q1,true,31237.56,桂中,erp:order:O-D007-2026Q1-C0166
tenant-demo,D007,经销商07,O-D007-2026Q2-C0166,D007-C0166,2026-06-12,2026Q2,false,42551.23,桂中,erp:order:O-D007-2026Q2-C0166
tenant-demo,D007,经销商07,O-D007-2026Q1-C0167,D007-C0167,2026-03-25,2026Q1,false,15968.52,桂中,erp:order:O-D007-2026Q1-C0167
tenant-demo,D007,经销商07,O-D007-2026Q2-C0167,D007-C0167,2026-04-19,2026Q2,true,27511.33,桂中,erp:order:O-D007-2026Q2-C0167
tenant-demo,D007,经销商07,O-D007-2026Q1-C0168,D007-C0168,2026-01-09,2026Q1,false,35365.02,桂中,erp:order:O-D007-2026Q1-C0168
tenant-demo,D007,经销商07,O-D007-2026Q2-C0168,D007-C0168,2026-06-18,2026Q2,false,8599.59,桂中,erp:order:O-D007-2026Q2-C0168
tenant-demo,D007,经销商07,O-D007-2026Q1-C0169,D007-C0169,2026-03-12,2026Q1,false,36852.8,桂中,erp:order:O-D007-2026Q1-C0169
tenant-demo,D007,经销商07,O-D007-2026Q2-C0169,D007-C0169,2026-04-23,2026Q2,true,28759.88,桂中,erp:order:O-D007-2026Q2-C0169
tenant-demo,D007,经销商07,O-D007-2026Q1-C0170,D007-C0170,2026-01-25,2026Q1,true,48410.67,桂中,erp:order:O-D007-2026Q1-C0170
tenant-demo,D007,经销商07,O-D007-2026Q2-C0170,D007-C0170,2026-04-18,2026Q2,false,8329.09,桂中,erp:order:O-D007-2026Q2-C0170
tenant-demo,D007,经销商07,O-D007-2026Q1-C0171,D007-C0171,2026-01-27,2026Q1,false,9526.76,桂中,erp:order:O-D007-2026Q1-C0171
tenant-demo,D007,经销商07,O-D007-2026Q2-C0171,D007-C0171,2026-06-10,2026Q2,false,18088.42,桂中,erp:order:O-D007-2026Q2-C0171
tenant-demo,D007,经销商07,O-D007-2026Q1-C0172,D007-C0172,2026-03-02,2026Q1,false,36092.48,桂中,erp:order:O-D007-2026Q1-C0172
tenant-demo,D007,经销商07,O-D007-2026Q2-C0172,D007-C0172,2026-05-14,2026Q2,false,40891.21,桂中,erp:order:O-D007-2026Q2-C0172
tenant-demo,D007,经销商07,O-D007-2026Q1-C0173,D007-C0173,2026-03-17,2026Q1,false,12922.97,桂中,erp:order:O-D007-2026Q1-C0173
tenant-demo,D007,经销商07,O-D007-2026Q2-C0173,D007-C0173,2026-06-24,2026Q2,true,17526.49,桂中,erp:order:O-D007-2026Q2-C0173
tenant-demo,D007,经销商07,O-D007-2026Q1-C0174,D007-C0174,2026-01-09,2026Q1,false,10885.04,桂中,erp:order:O-D007-2026Q1-C0174
tenant-demo,D007,经销商07,O-D007-2026Q2-C0174,D007-C0174,2026-05-07,2026Q2,false,47240.4,桂中,erp:order:O-D007-2026Q2-C0174
tenant-demo,D007,经销商07,O-D007-2026Q1-C0175,D007-C0175,2026-02-04,2026Q1,false,24626.07,桂中,erp:order:O-D007-2026Q1-C0175
tenant-demo,D007,经销商07,O-D007-2026Q2-C0175,D007-C0175,2026-05-03,2026Q2,true,13590.65,桂中,erp:order:O-D007-2026Q2-C0175
tenant-demo,D007,经销商07,O-D007-2026Q1-C0176,D007-C0176,2026-03-03,2026Q1,false,6028.88,桂中,erp:order:O-D007-2026Q1-C0176
tenant-demo,D007,经销商07,O-D007-2026Q2-C0176,D007-C0176,2026-06-10,2026Q2,false,15424.7,桂中,erp:order:O-D007-2026Q2-C0176
tenant-demo,D007,经销商07,O-D007-2026Q1-C0177,D007-C0177,2026-01-28,2026Q1,false,21589.77,桂中,erp:order:O-D007-2026Q1-C0177
tenant-demo,D007,经销商07,O-D007-2026Q2-C0177,D007-C0177,2026-04-07,2026Q2,false,19092.74,桂中,erp:order:O-D007-2026Q2-C0177
tenant-demo,D007,经销商07,O-D007-2026Q1-C0178,D007-C0178,2026-02-17,2026Q1,false,13861.64,桂中,erp:order:O-D007-2026Q1-C0178
tenant-demo,D007,经销商07,O-D007-2026Q2-C0178,D007-C0178,2026-05-09,2026Q2,true,5659.28,桂中,erp:order:O-D007-2026Q2-C0178
tenant-demo,D007,经销商07,O-D007-2026Q1-C0179,D007-C0179,2026-03-02,2026Q1,true,26116.51,桂中,erp:order:O-D007-2026Q1-C0179
tenant-demo,D007,经销商07,O-D007-2026Q2-C0179,D007-C0179,2026-05-16,2026Q2,false,32074.73,桂中,erp:order:O-D007-2026Q2-C0179
tenant-demo,D007,经销商07,O-D007-2026Q1-C0180,D007-C0180,2026-01-04,2026Q1,false,5326.48,桂中,erp:order:O-D007-2026Q1-C0180
tenant-demo,D007,经销商07,O-D007-2026Q2-C0180,D007-C0180,2026-05-15,2026Q2,true,27943.91,桂中,erp:order:O-D007-2026Q2-C0180
tenant-demo,D007,经销商07,O-D007-2026Q1-C0181,D007-C0181,2026-02-08,2026Q1,true,11546.82,桂中,erp:order:O-D007-2026Q1-C0181
tenant-demo,D007,经销商07,O-D007-2026Q2-C0181,D007-C0181,2026-04-21,2026Q2,false,10282.37,桂中,erp:order:O-D007-2026Q2-C0181
tenant-demo,D007,经销商07,O-D007-2026Q1-C0182,D007-C0182,2026-03-11,2026Q1,false,33718.38,桂中,erp:order:O-D007-2026Q1-C0182
tenant-demo,D007,经销商07,O-D007-2026Q2-C0182,D007-C0182,2026-05-27,2026Q2,false,14110.66,桂中,erp:order:O-D007-2026Q2-C0182
tenant-demo,D007,经销商07,O-D007-2026Q1-C0183,D007-C0183,2026-03-06,2026Q1,false,23616.46,桂中,erp:order:O-D007-2026Q1-C0183
tenant-demo,D007,经销商07,O-D007-2026Q2-C0183,D007-C0183,2026-06-15,2026Q2,false,45396.62,桂中,erp:order:O-D007-2026Q2-C0183
tenant-demo,D007,经销商07,O-D007-2026Q1-C0184,D007-C0184,2026-01-22,2026Q1,false,37140.45,桂中,erp:order:O-D007-2026Q1-C0184
tenant-demo,D007,经销商07,O-D007-2026Q2-C0184,D007-C0184,2026-05-01,2026Q2,false,6072.12,桂中,erp:order:O-D007-2026Q2-C0184
tenant-demo,D007,经销商07,O-D007-2026Q1-C0185,D007-C0185,2026-01-22,2026Q1,false,37737.82,桂中,erp:order:O-D007-2026Q1-C0185
tenant-demo,D007,经销商07,O-D007-2026Q2-C0185,D007-C0185,2026-05-21,2026Q2,false,10912.2,桂中,erp:order:O-D007-2026Q2-C0185
tenant-demo,D007,经销商07,O-D007-2026Q1-C0186,D007-C0186,2026-01-24,2026Q1,true,31688.11,桂中,erp:order:O-D007-2026Q1-C0186
tenant-demo,D007,经销商07,O-D007-2026Q2-C0186,D007-C0186,2026-06-10,2026Q2,true,37786.32,桂中,erp:order:O-D007-2026Q2-C0186
tenant-demo,D007,经销商07,O-D007-2026Q1-C0187,D007-C0187,2026-03-26,2026Q1,true,40707.81,桂中,erp:order:O-D007-2026Q1-C0187
tenant-demo,D007,经销商07,O-D007-2026Q2-C0187,D007-C0187,2026-06-07,2026Q2,true,39857.11,桂中,erp:order:O-D007-2026Q2-C0187
tenant-demo,D007,经销商07,O-D007-2026Q1-C0188,D007-C0188,2026-02-06,2026Q1,true,39976.61,桂中,erp:order:O-D007-2026Q1-C0188
tenant-demo,D007,经销商07,O-D007-2026Q2-C0188,D007-C0188,2026-06-17,2026Q2,false,39400.71,桂中,erp:order:O-D007-2026Q2-C0188
tenant-demo,D007,经销商07,O-D007-2026Q1-C0189,D007-C0189,2026-01-01,2026Q1,false,40290.98,桂中,erp:order:O-D007-2026Q1-C0189
tenant-demo,D007,经销商07,O-D007-2026Q2-C0189,D007-C0189,2026-05-09,2026Q2,true,40889.23,桂中,erp:order:O-D007-2026Q2-C0189
tenant-demo,D007,经销商07,O-D007-2026Q1-C0190,D007-C0190,2026-01-10,2026Q1,false,40056.44,桂中,erp:order:O-D007-2026Q1-C0190
tenant-demo,D007,经销商07,O-D007-2026Q2-C0190,D007-C0190,2026-05-20,2026Q2,true,28609.75,桂中,erp:order:O-D007-2026Q2-C0190
tenant-demo,D007,经销商07,O-D007-2026Q1-C0191,D007-C0191,2026-01-12,2026Q1,false,23857.66,桂中,erp:order:O-D007-2026Q1-C0191
tenant-demo,D007,经销商07,O-D007-2026Q2-C0191,D007-C0191,2026-06-22,2026Q2,false,7720.22,桂中,erp:order:O-D007-2026Q2-C0191
tenant-demo,D007,经销商07,O-D007-2026Q1-C0192,D007-C0192,2026-01-15,2026Q1,true,21646.45,桂中,erp:order:O-D007-2026Q1-C0192
tenant-demo,D007,经销商07,O-D007-2026Q2-C0192,D007-C0192,2026-05-24,2026Q2,true,33902.54,桂中,erp:order:O-D007-2026Q2-C0192
tenant-demo,D007,经销商07,O-D007-2026Q1-C0193,D007-C0193,2026-02-23,2026Q1,false,20686.99,桂中,erp:order:O-D007-2026Q1-C0193
tenant-demo,D007,经销商07,O-D007-2026Q2-C0193,D007-C0193,2026-06-02,2026Q2,false,8146.68,桂中,erp:order:O-D007-2026Q2-C0193
tenant-demo,D007,经销商07,O-D007-2026Q1-C0194,D007-C0194,2026-03-23,2026Q1,true,19824.26,桂中,erp:order:O-D007-2026Q1-C0194
tenant-demo,D007,经销商07,O-D007-2026Q2-C0194,D007-C0194,2026-04-23,2026Q2,true,12081.18,桂中,erp:order:O-D007-2026Q2-C0194
tenant-demo,D007,经销商07,O-D007-2026Q1-C0195,D007-C0195,2026-01-17,2026Q1,false,10732.81,桂中,erp:order:O-D007-2026Q1-C0195
tenant-demo,D007,经销商07,O-D007-2026Q2-C0195,D007-C0195,2026-06-20,2026Q2,false,31049.46,桂中,erp:order:O-D007-2026Q2-C0195
tenant-demo,D007,经销商07,O-D007-2026Q1-C0196,D007-C0196,2026-01-27,2026Q1,true,37853.93,桂中,erp:order:O-D007-2026Q1-C0196
tenant-demo,D007,经销商07,O-D007-2026Q2-C0196,D007-C0196,2026-04-14,2026Q2,false,44456.95,桂中,erp:order:O-D007-2026Q2-C0196
tenant-demo,D007,经销商07,O-D007-2026Q1-C0197,D007-C0197,2026-01-20,2026Q1,false,12088.37,桂中,erp:order:O-D007-2026Q1-C0197
tenant-demo,D007,经销商07,O-D007-2026Q2-C0197,D007-C0197,2026-05-26,2026Q2,false,9512.48,桂中,erp:order:O-D007-2026Q2-C0197
tenant-demo,D007,经销商07,O-D007-2026Q1-C0198,D007-C0198,2026-01-22,2026Q1,false,41642.82,桂中,erp:order:O-D007-2026Q1-C0198
tenant-demo,D007,经销商07,O-D007-2026Q2-C0198,D007-C0198,2026-05-13,2026Q2,true,25400.26,桂中,erp:order:O-D007-2026Q2-C0198
tenant-demo,D007,经销商07,O-D007-2026Q1-C0199,D007-C0199,2026-02-16,2026Q1,true,24073.57,桂中,erp:order:O-D007-2026Q1-C0199
tenant-demo,D007,经销商07,O-D007-2026Q2-C0199,D007-C0199,2026-05-21,2026Q2,false,44955.82,桂中,erp:order:O-D007-2026Q2-C0199
tenant-demo,D007,经销商07,O-D007-2026Q1-C0200,D007-C0200,2026-03-18,2026Q1,false,22129.56,桂中,erp:order:O-D007-2026Q1-C0200
tenant-demo,D007,经销商07,O-D007-2026Q2-C0200,D007-C0200,2026-06-04,2026Q2,false,43537.2,桂中,erp:order:O-D007-2026Q2-C0200
tenant-demo,D007,经销商07,O-D007-2026Q1-C0201,D007-C0201,2026-01-28,2026Q1,true,20510.51,桂中,erp:order:O-D007-2026Q1-C0201
tenant-demo,D007,经销商07,O-D007-2026Q2-C0201,D007-C0201,2026-05-07,2026Q2,true,26883.0,桂中,erp:order:O-D007-2026Q2-C0201
tenant-demo,D007,经销商07,O-D007-2026Q1-C0202,D007-C0202,2026-02-20,2026Q1,true,10172.29,桂中,erp:order:O-D007-2026Q1-C0202
tenant-demo,D007,经销商07,O-D007-2026Q2-C0202,D007-C0202,2026-05-07,2026Q2,false,9594.51,桂中,erp:order:O-D007-2026Q2-C0202
tenant-demo,D007,经销商07,O-D007-2026Q1-C0203,D007-C0203,2026-01-03,2026Q1,true,37801.47,桂中,erp:order:O-D007-2026Q1-C0203
tenant-demo,D007,经销商07,O-D007-2026Q2-C0203,D007-C0203,2026-05-02,2026Q2,false,38606.11,桂中,erp:order:O-D007-2026Q2-C0203
tenant-demo,D007,经销商07,O-D007-2026Q1-C0204,D007-C0204,2026-01-03,2026Q1,false,21780.92,桂中,erp:order:O-D007-2026Q1-C0204
tenant-demo,D007,经销商07,O-D007-2026Q2-C0204,D007-C0204,2026-06-17,2026Q2,false,33439.93,桂中,erp:order:O-D007-2026Q2-C0204
tenant-demo,D007,经销商07,O-D007-2026Q1-C0205,D007-C0205,2026-03-05,2026Q1,false,47841.0,桂中,erp:order:O-D007-2026Q1-C0205
tenant-demo,D007,经销商07,O-D007-2026Q2-C0205,D007-C0205,2026-04-13,2026Q2,false,11901.77,桂中,erp:order:O-D007-2026Q2-C0205
tenant-demo,D007,经销商07,O-D007-2026Q1-C0206,D007-C0206,2026-03-16,2026Q1,false,32884.19,桂中,erp:order:O-D007-2026Q1-C0206
tenant-demo,D007,经销商07,O-D007-2026Q2-C0206,D007-C0206,2026-06-12,2026Q2,false,25795.84,桂中,erp:order:O-D007-2026Q2-C0206
tenant-demo,D007,经销商07,O-D007-2026Q1-C0207,D007-C0207,2026-01-16,2026Q1,false,42634.59,桂中,erp:order:O-D007-2026Q1-C0207
tenant-demo,D007,经销商07,O-D007-2026Q2-C0207,D007-C0207,2026-05-21,2026Q2,false,22133.25,桂中,erp:order:O-D007-2026Q2-C0207
tenant-demo,D007,经销商07,O-D007-2026Q1-C0208,D007-C0208,2026-03-04,2026Q1,true,21965.28,桂中,erp:order:O-D007-2026Q1-C0208
tenant-demo,D007,经销商07,O-D007-2026Q2-C0208,D007-C0208,2026-04-16,2026Q2,true,46513.32,桂中,erp:order:O-D007-2026Q2-C0208
tenant-demo,D007,经销商07,O-D007-2026Q1-C0209,D007-C0209,2026-01-20,2026Q1,false,36754.84,桂中,erp:order:O-D007-2026Q1-C0209
tenant-demo,D007,经销商07,O-D007-2026Q2-C0209,D007-C0209,2026-04-24,2026Q2,false,36771.7,桂中,erp:order:O-D007-2026Q2-C0209
tenant-demo,D007,经销商07,O-D007-2026Q1-C0210,D007-C0210,2026-03-06,2026Q1,true,17512.93,桂中,erp:order:O-D007-2026Q1-C0210
tenant-demo,D007,经销商07,O-D007-2026Q2-C0210,D007-C0210,2026-05-02,2026Q2,false,6232.35,桂中,erp:order:O-D007-2026Q2-C0210
tenant-demo,D007,经销商07,O-D007-2026Q1-C0211,D007-C0211,2026-01-23,2026Q1,true,48922.12,桂中,erp:order:O-D007-2026Q1-C0211
tenant-demo,D007,经销商07,O-D007-2026Q2-C0211,D007-C0211,2026-06-16,2026Q2,false,27126.91,桂中,erp:order:O-D007-2026Q2-C0211
tenant-demo,D007,经销商07,O-D007-2026Q1-C0212,D007-C0212,2026-02-16,2026Q1,true,44904.4,桂中,erp:order:O-D007-2026Q1-C0212
tenant-demo,D007,经销商07,O-D007-2026Q2-C0212,D007-C0212,2026-06-12,2026Q2,true,18249.77,桂中,erp:order:O-D007-2026Q2-C0212
tenant-demo,D007,经销商07,O-D007-2026Q1-C0213,D007-C0213,2026-02-28,2026Q1,false,12680.52,桂中,erp:order:O-D007-2026Q1-C0213
tenant-demo,D007,经销商07,O-D007-2026Q2-C0213,D007-C0213,2026-05-27,2026Q2,true,20001.56,桂中,erp:order:O-D007-2026Q2-C0213
tenant-demo,D007,经销商07,O-D007-2026Q1-C0214,D007-C0214,2026-01-10,2026Q1,true,6801.75,桂中,erp:order:O-D007-2026Q1-C0214
tenant-demo,D007,经销商07,O-D007-2026Q2-C0214,D007-C0214,2026-06-10,2026Q2,true,36456.71,桂中,erp:order:O-D007-2026Q2-C0214
tenant-demo,D007,经销商07,O-D007-2026Q1-C0215,D007-C0215,2026-01-28,2026Q1,false,14527.54,桂中,erp:order:O-D007-2026Q1-C0215
tenant-demo,D007,经销商07,O-D007-2026Q2-C0215,D007-C0215,2026-05-19,2026Q2,false,47015.69,桂中,erp:order:O-D007-2026Q2-C0215
tenant-demo,D007,经销商07,O-D007-2026Q1-C0216,D007-C0216,2026-03-25,2026Q1,true,36742.62,桂中,erp:order:O-D007-2026Q1-C0216
tenant-demo,D007,经销商07,O-D007-2026Q2-C0216,D007-C0216,2026-06-17,2026Q2,true,11065.76,桂中,erp:order:O-D007-2026Q2-C0216
tenant-demo,D007,经销商07,O-D007-2026Q1-C0217,D007-C0217,2026-01-12,2026Q1,false,41660.5,桂中,erp:order:O-D007-2026Q1-C0217
tenant-demo,D007,经销商07,O-D007-2026Q2-C0217,D007-C0217,2026-06-19,2026Q2,false,8571.62,桂中,erp:order:O-D007-2026Q2-C0217
tenant-demo,D007,经销商07,O-D007-2026Q1-C0218,D007-C0218,2026-02-15,2026Q1,false,30234.15,桂中,erp:order:O-D007-2026Q1-C0218
tenant-demo,D007,经销商07,O-D007-2026Q2-C0218,D007-C0218,2026-05-27,2026Q2,false,48409.99,桂中,erp:order:O-D007-2026Q2-C0218
tenant-demo,D007,经销商07,O-D007-2026Q1-C0219,D007-C0219,2026-02-18,2026Q1,true,29643.62,桂中,erp:order:O-D007-2026Q1-C0219
tenant-demo,D007,经销商07,O-D007-2026Q2-C0219,D007-C0219,2026-04-18,2026Q2,false,48053.91,桂中,erp:order:O-D007-2026Q2-C0219
tenant-demo,D007,经销商07,O-D007-2026Q1-C0220,D007-C0220,2026-01-01,2026Q1,true,41225.2,桂中,erp:order:O-D007-2026Q1-C0220
tenant-demo,D007,经销商07,O-D007-2026Q2-C0220,D007-C0220,2026-04-11,2026Q2,true,15144.46,桂中,erp:order:O-D007-2026Q2-C0220
tenant-demo,D007,经销商07,O-D007-2026Q1-C0221,D007-C0221,2026-03-27,2026Q1,true,21813.77,桂中,erp:order:O-D007-2026Q1-C0221
tenant-demo,D007,经销商07,O-D007-2026Q2-C0221,D007-C0221,2026-05-27,2026Q2,true,31805.39,桂中,erp:order:O-D007-2026Q2-C0221
tenant-demo,D007,经销商07,O-D007-2026Q1-C0222,D007-C0222,2026-02-24,2026Q1,false,44732.55,桂中,erp:order:O-D007-2026Q1-C0222
tenant-demo,D007,经销商07,O-D007-2026Q2-C0222,D007-C0222,2026-05-05,2026Q2,true,8318.03,桂中,erp:order:O-D007-2026Q2-C0222
tenant-demo,D007,经销商07,O-D007-2026Q1-C0223,D007-C0223,2026-01-28,2026Q1,false,34707.14,桂中,erp:order:O-D007-2026Q1-C0223
tenant-demo,D007,经销商07,O-D007-2026Q2-C0223,D007-C0223,2026-06-17,2026Q2,false,8038.38,桂中,erp:order:O-D007-2026Q2-C0223
tenant-demo,D007,经销商07,O-D007-2026Q1-C0224,D007-C0224,2026-03-07,2026Q1,true,16873.19,桂中,erp:order:O-D007-2026Q1-C0224
tenant-demo,D007,经销商07,O-D007-2026Q2-C0224,D007-C0224,2026-04-05,2026Q2,false,13046.76,桂中,erp:order:O-D007-2026Q2-C0224
tenant-demo,D007,经销商07,O-D007-2026Q1-C0225,D007-C0225,2026-02-15,2026Q1,false,42681.84,桂中,erp:order:O-D007-2026Q1-C0225
tenant-demo,D007,经销商07,O-D007-2026Q2-C0225,D007-C0225,2026-04-11,2026Q2,true,40735.47,桂中,erp:order:O-D007-2026Q2-C0225
tenant-demo,D007,经销商07,O-D007-2026Q1-C0226,D007-C0226,2026-02-14,2026Q1,false,37938.8,桂中,erp:order:O-D007-2026Q1-C0226
tenant-demo,D007,经销商07,O-D007-2026Q2-C0226,D007-C0226,2026-04-15,2026Q2,true,37174.19,桂中,erp:order:O-D007-2026Q2-C0226
tenant-demo,D007,经销商07,O-D007-2026Q1-C0227,D007-C0227,2026-02-17,2026Q1,false,23358.54,桂中,erp:order:O-D007-2026Q1-C0227
tenant-demo,D007,经销商07,O-D007-2026Q2-C0227,D007-C0227,2026-06-07,2026Q2,true,7187.62,桂中,erp:order:O-D007-2026Q2-C0227
tenant-demo,D007,经销商07,O-D007-2026Q1-C0228,D007-C0228,2026-03-20,2026Q1,true,49428.87,桂中,erp:order:O-D007-2026Q1-C0228
tenant-demo,D007,经销商07,O-D007-2026Q2-C0228,D007-C0228,2026-04-14,2026Q2,false,12026.06,桂中,erp:order:O-D007-2026Q2-C0228
tenant-demo,D007,经销商07,O-D007-2026Q1-C0229,D007-C0229,2026-01-28,2026Q1,false,7738.15,桂中,erp:order:O-D007-2026Q1-C0229
tenant-demo,D007,经销商07,O-D007-2026Q2-C0229,D007-C0229,2026-05-16,2026Q2,false,37209.41,桂中,erp:order:O-D007-2026Q2-C0229
tenant-demo,D007,经销商07,O-D007-2026Q1-C0230,D007-C0230,2026-02-02,2026Q1,true,47901.9,桂中,erp:order:O-D007-2026Q1-C0230
tenant-demo,D007,经销商07,O-D007-2026Q2-C0230,D007-C0230,2026-05-03,2026Q2,false,25375.76,桂中,erp:order:O-D007-2026Q2-C0230
tenant-demo,D007,经销商07,O-D007-2026Q1-C0231,D007-C0231,2026-03-19,2026Q1,false,31003.16,桂中,erp:order:O-D007-2026Q1-C0231
tenant-demo,D007,经销商07,O-D007-2026Q2-C0231,D007-C0231,2026-04-04,2026Q2,false,24231.53,桂中,erp:order:O-D007-2026Q2-C0231
tenant-demo,D007,经销商07,O-D007-2026Q1-C0232,D007-C0232,2026-02-08,2026Q1,true,18033.79,桂中,erp:order:O-D007-2026Q1-C0232
tenant-demo,D007,经销商07,O-D007-2026Q2-C0232,D007-C0232,2026-04-14,2026Q2,false,47556.03,桂中,erp:order:O-D007-2026Q2-C0232
tenant-demo,D007,经销商07,O-D007-2026Q1-C0233,D007-C0233,2026-01-18,2026Q1,true,46041.07,桂中,erp:order:O-D007-2026Q1-C0233
tenant-demo,D007,经销商07,O-D007-2026Q2-C0233,D007-C0233,2026-04-24,2026Q2,true,20535.82,桂中,erp:order:O-D007-2026Q2-C0233
tenant-demo,D007,经销商07,O-D007-2026Q1-C0234,D007-C0234,2026-01-15,2026Q1,true,9342.18,桂中,erp:order:O-D007-2026Q1-C0234
tenant-demo,D007,经销商07,O-D007-2026Q2-C0234,D007-C0234,2026-06-23,2026Q2,false,28145.6,桂中,erp:order:O-D007-2026Q2-C0234
tenant-demo,D007,经销商07,O-D007-2026Q1-C0235,D007-C0235,2026-03-16,2026Q1,false,13800.72,桂中,erp:order:O-D007-2026Q1-C0235
tenant-demo,D007,经销商07,O-D007-2026Q2-C0235,D007-C0235,2026-04-28,2026Q2,false,11292.31,桂中,erp:order:O-D007-2026Q2-C0235
tenant-demo,D007,经销商07,O-D007-2026Q1-C0236,D007-C0236,2026-01-11,2026Q1,true,12930.29,桂中,erp:order:O-D007-2026Q1-C0236
tenant-demo,D007,经销商07,O-D007-2026Q2-C0236,D007-C0236,2026-05-11,2026Q2,true,48729.98,桂中,erp:order:O-D007-2026Q2-C0236
tenant-demo,D007,经销商07,O-D007-2026Q1-C0237,D007-C0237,2026-02-20,2026Q1,true,22795.47,桂中,erp:order:O-D007-2026Q1-C0237
tenant-demo,D007,经销商07,O-D007-2026Q2-C0237,D007-C0237,2026-06-27,2026Q2,true,28660.21,桂中,erp:order:O-D007-2026Q2-C0237
tenant-demo,D007,经销商07,O-D007-2026Q1-C0238,D007-C0238,2026-03-13,2026Q1,false,12296.73,桂中,erp:order:O-D007-2026Q1-C0238
tenant-demo,D007,经销商07,O-D007-2026Q2-C0238,D007-C0238,2026-05-08,2026Q2,false,19058.54,桂中,erp:order:O-D007-2026Q2-C0238
tenant-demo,D007,经销商07,O-D007-2026Q1-C0239,D007-C0239,2026-02-20,2026Q1,false,6828.82,桂中,erp:order:O-D007-2026Q1-C0239
tenant-demo,D007,经销商07,O-D007-2026Q2-C0239,D007-C0239,2026-06-09,2026Q2,false,35928.08,桂中,erp:order:O-D007-2026Q2-C0239
tenant-demo,D007,经销商07,O-D007-2026Q1-C0240,D007-C0240,2026-03-26,2026Q1,true,9054.13,桂中,erp:order:O-D007-2026Q1-C0240
tenant-demo,D007,经销商07,O-D007-2026Q2-C0240,D007-C0240,2026-05-24,2026Q2,false,27690.11,桂中,erp:order:O-D007-2026Q2-C0240
tenant-demo,D007,经销商07,O-D007-2026Q1-C0241,D007-C0241,2026-02-16,2026Q1,true,45165.11,桂中,erp:order:O-D007-2026Q1-C0241
tenant-demo,D007,经销商07,O-D007-2026Q2-C0241,D007-C0241,2026-06-04,2026Q2,false,40602.21,桂中,erp:order:O-D007-2026Q2-C0241
tenant-demo,D007,经销商07,O-D007-2026Q1-C0242,D007-C0242,2026-03-23,2026Q1,false,21758.22,桂中,erp:order:O-D007-2026Q1-C0242
tenant-demo,D007,经销商07,O-D007-2026Q2-C0242,D007-C0242,2026-05-19,2026Q2,false,5319.04,桂中,erp:order:O-D007-2026Q2-C0242
tenant-demo,D007,经销商07,O-D007-2026Q1-C0243,D007-C0243,2026-03-05,2026Q1,true,21923.71,桂中,erp:order:O-D007-2026Q1-C0243
tenant-demo,D007,经销商07,O-D007-2026Q2-C0243,D007-C0243,2026-04-24,2026Q2,true,43443.45,桂中,erp:order:O-D007-2026Q2-C0243
tenant-demo,D007,经销商07,O-D007-2026Q1-C0244,D007-C0244,2026-03-20,2026Q1,false,36041.16,桂中,erp:order:O-D007-2026Q1-C0244
tenant-demo,D007,经销商07,O-D007-2026Q2-C0244,D007-C0244,2026-05-13,2026Q2,false,9397.69,桂中,erp:order:O-D007-2026Q2-C0244
tenant-demo,D007,经销商07,O-D007-2026Q1-C0245,D007-C0245,2026-03-09,2026Q1,true,20730.11,桂中,erp:order:O-D007-2026Q1-C0245
tenant-demo,D007,经销商07,O-D007-2026Q2-C0245,D007-C0245,2026-06-23,2026Q2,false,48480.34,桂中,erp:order:O-D007-2026Q2-C0245
tenant-demo,D007,经销商07,O-D007-2026Q1-C0246,D007-C0246,2026-02-14,2026Q1,true,29397.98,桂中,erp:order:O-D007-2026Q1-C0246
tenant-demo,D007,经销商07,O-D007-2026Q2-C0246,D007-C0246,2026-06-07,2026Q2,true,16233.7,桂中,erp:order:O-D007-2026Q2-C0246
tenant-demo,D007,经销商07,O-D007-2026Q1-C0247,D007-C0247,2026-01-22,2026Q1,true,30059.05,桂中,erp:order:O-D007-2026Q1-C0247
tenant-demo,D007,经销商07,O-D007-2026Q2-C0247,D007-C0247,2026-04-22,2026Q2,false,49801.56,桂中,erp:order:O-D007-2026Q2-C0247
tenant-demo,D007,经销商07,O-D007-2026Q1-C0248,D007-C0248,2026-02-03,2026Q1,true,44084.87,桂中,erp:order:O-D007-2026Q1-C0248
tenant-demo,D007,经销商07,O-D007-2026Q2-C0248,D007-C0248,2026-06-01,2026Q2,false,13006.94,桂中,erp:order:O-D007-2026Q2-C0248
tenant-demo,D007,经销商07,O-D007-2026Q1-C0249,D007-C0249,2026-03-26,2026Q1,true,38510.41,桂中,erp:order:O-D007-2026Q1-C0249
tenant-demo,D007,经销商07,O-D007-2026Q2-C0249,D007-C0249,2026-06-09,2026Q2,true,11579.68,桂中,erp:order:O-D007-2026Q2-C0249
tenant-demo,D007,经销商07,O-D007-2026Q1-C0250,D007-C0250,2026-01-08,2026Q1,true,44037.69,桂中,erp:order:O-D007-2026Q1-C0250
tenant-demo,D007,经销商07,O-D007-2026Q2-C0250,D007-C0250,2026-04-03,2026Q2,true,30659.67,桂中,erp:order:O-D007-2026Q2-C0250
tenant-demo,D007,经销商07,O-D007-2026Q1-C0251,D007-C0251,2026-02-14,2026Q1,true,37664.21,桂中,erp:order:O-D007-2026Q1-C0251
tenant-demo,D007,经销商07,O-D007-2026Q2-C0251,D007-C0251,2026-04-09,2026Q2,false,36673.58,桂中,erp:order:O-D007-2026Q2-C0251
tenant-demo,D007,经销商07,O-D007-2026Q1-C0252,D007-C0252,2026-01-24,2026Q1,false,39693.27,桂中,erp:order:O-D007-2026Q1-C0252
tenant-demo,D007,经销商07,O-D007-2026Q2-C0252,D007-C0252,2026-04-08,2026Q2,true,48394.53,桂中,erp:order:O-D007-2026Q2-C0252
tenant-demo,D007,经销商07,O-D007-2026Q1-C0253,D007-C0253,2026-03-08,2026Q1,false,11856.35,桂中,erp:order:O-D007-2026Q1-C0253
tenant-demo,D007,经销商07,O-D007-2026Q2-C0253,D007-C0253,2026-06-04,2026Q2,true,13644.27,桂中,erp:order:O-D007-2026Q2-C0253
tenant-demo,D007,经销商07,O-D007-2026Q1-C0254,D007-C0254,2026-02-21,2026Q1,false,15907.99,桂中,erp:order:O-D007-2026Q1-C0254
tenant-demo,D007,经销商07,O-D007-2026Q2-C0254,D007-C0254,2026-05-20,2026Q2,true,9102.86,桂中,erp:order:O-D007-2026Q2-C0254
tenant-demo,D007,经销商07,O-D007-2026Q1-C0255,D007-C0255,2026-02-18,2026Q1,true,29082.92,桂中,erp:order:O-D007-2026Q1-C0255
tenant-demo,D007,经销商07,O-D007-2026Q2-C0255,D007-C0255,2026-05-20,2026Q2,false,36428.91,桂中,erp:order:O-D007-2026Q2-C0255
tenant-demo,D007,经销商07,O-D007-2026Q1-C0256,D007-C0256,2026-03-11,2026Q1,false,11252.88,桂中,erp:order:O-D007-2026Q1-C0256
tenant-demo,D007,经销商07,O-D007-2026Q2-C0256,D007-C0256,2026-04-04,2026Q2,true,35655.92,桂中,erp:order:O-D007-2026Q2-C0256
tenant-demo,D007,经销商07,O-D007-2026Q1-C0257,D007-C0257,2026-03-23,2026Q1,false,11164.47,桂中,erp:order:O-D007-2026Q1-C0257
tenant-demo,D007,经销商07,O-D007-2026Q2-C0257,D007-C0257,2026-06-10,2026Q2,true,49950.71,桂中,erp:order:O-D007-2026Q2-C0257
tenant-demo,D007,经销商07,O-D007-2026Q1-C0258,D007-C0258,2026-01-14,2026Q1,false,28143.38,桂中,erp:order:O-D007-2026Q1-C0258
tenant-demo,D007,经销商07,O-D007-2026Q2-C0258,D007-C0258,2026-04-20,2026Q2,false,34606.02,桂中,erp:order:O-D007-2026Q2-C0258
tenant-demo,D007,经销商07,O-D007-2026Q1-C0259,D007-C0259,2026-02-06,2026Q1,false,32258.11,桂中,erp:order:O-D007-2026Q1-C0259
tenant-demo,D007,经销商07,O-D007-2026Q2-C0259,D007-C0259,2026-04-14,2026Q2,false,26675.49,桂中,erp:order:O-D007-2026Q2-C0259
tenant-demo,D007,经销商07,O-D007-2026Q1-C0260,D007-C0260,2026-03-24,2026Q1,true,23496.24,桂中,erp:order:O-D007-2026Q1-C0260
tenant-demo,D007,经销商07,O-D007-2026Q2-C0260,D007-C0260,2026-06-07,2026Q2,false,17798.57,桂中,erp:order:O-D007-2026Q2-C0260
tenant-demo,D007,经销商07,O-D007-2026Q1-C0261,D007-C0261,2026-03-02,2026Q1,false,43044.58,桂中,erp:order:O-D007-2026Q1-C0261
tenant-demo,D007,经销商07,O-D007-2026Q2-C0261,D007-C0261,2026-06-13,2026Q2,true,33036.5,桂中,erp:order:O-D007-2026Q2-C0261
tenant-demo,D007,经销商07,O-D007-2026Q1-C0262,D007-C0262,2026-02-17,2026Q1,false,19727.48,桂中,erp:order:O-D007-2026Q1-C0262
tenant-demo,D007,经销商07,O-D007-2026Q2-C0262,D007-C0262,2026-05-11,2026Q2,true,15858.1,桂中,erp:order:O-D007-2026Q2-C0262
tenant-demo,D007,经销商07,O-D007-2026Q1-C0263,D007-C0263,2026-03-07,2026Q1,true,38259.63,桂中,erp:order:O-D007-2026Q1-C0263
tenant-demo,D007,经销商07,O-D007-2026Q2-C0263,D007-C0263,2026-04-19,2026Q2,false,37083.43,桂中,erp:order:O-D007-2026Q2-C0263
tenant-demo,D007,经销商07,O-D007-2026Q1-C0264,D007-C0264,2026-01-14,2026Q1,true,11081.24,桂中,erp:order:O-D007-2026Q1-C0264
tenant-demo,D007,经销商07,O-D007-2026Q2-C0264,D007-C0264,2026-04-04,2026Q2,true,48002.91,桂中,erp:order:O-D007-2026Q2-C0264
tenant-demo,D007,经销商07,O-D007-2026Q1-C0265,D007-C0265,2026-01-13,2026Q1,false,26369.72,桂中,erp:order:O-D007-2026Q1-C0265
tenant-demo,D007,经销商07,O-D007-2026Q2-C0265,D007-C0265,2026-05-01,2026Q2,true,17030.71,桂中,erp:order:O-D007-2026Q2-C0265
tenant-demo,D007,经销商07,O-D007-2026Q1-C0266,D007-C0266,2026-02-25,2026Q1,false,23369.38,桂中,erp:order:O-D007-2026Q1-C0266
tenant-demo,D007,经销商07,O-D007-2026Q2-C0266,D007-C0266,2026-05-08,2026Q2,true,36068.71,桂中,erp:order:O-D007-2026Q2-C0266
tenant-demo,D007,经销商07,O-D007-2026Q1-C0267,D007-C0267,2026-02-17,2026Q1,true,36094.03,桂中,erp:order:O-D007-2026Q1-C0267
tenant-demo,D007,经销商07,O-D007-2026Q2-C0267,D007-C0267,2026-04-06,2026Q2,false,18833.67,桂中,erp:order:O-D007-2026Q2-C0267
tenant-demo,D007,经销商07,O-D007-2026Q1-C0268,D007-C0268,2026-02-03,2026Q1,true,26196.11,桂中,erp:order:O-D007-2026Q1-C0268
tenant-demo,D007,经销商07,O-D007-2026Q2-C0268,D007-C0268,2026-05-01,2026Q2,false,9501.75,桂中,erp:order:O-D007-2026Q2-C0268
tenant-demo,D007,经销商07,O-D007-2026Q1-C0269,D007-C0269,2026-01-18,2026Q1,true,8808.66,桂中,erp:order:O-D007-2026Q1-C0269
tenant-demo,D007,经销商07,O-D007-2026Q2-C0269,D007-C0269,2026-06-03,2026Q2,false,48301.44,桂中,erp:order:O-D007-2026Q2-C0269
tenant-demo,D007,经销商07,O-D007-2026Q1-C0270,D007-C0270,2026-01-27,2026Q1,false,23505.93,桂中,erp:order:O-D007-2026Q1-C0270
tenant-demo,D007,经销商07,O-D007-2026Q2-C0270,D007-C0270,2026-05-04,2026Q2,true,19078.05,桂中,erp:order:O-D007-2026Q2-C0270
tenant-demo,D007,经销商07,O-D007-2026Q1-C0271,D007-C0271,2026-03-11,2026Q1,false,31316.8,桂中,erp:order:O-D007-2026Q1-C0271
tenant-demo,D007,经销商07,O-D007-2026Q2-C0271,D007-C0271,2026-04-28,2026Q2,true,9099.61,桂中,erp:order:O-D007-2026Q2-C0271
tenant-demo,D007,经销商07,O-D007-2026Q1-C0272,D007-C0272,2026-03-19,2026Q1,false,29324.73,桂中,erp:order:O-D007-2026Q1-C0272
tenant-demo,D007,经销商07,O-D007-2026Q2-C0272,D007-C0272,2026-04-18,2026Q2,true,22416.12,桂中,erp:order:O-D007-2026Q2-C0272
tenant-demo,D007,经销商07,O-D007-2026Q1-C0273,D007-C0273,2026-01-15,2026Q1,true,21104.78,桂中,erp:order:O-D007-2026Q1-C0273
tenant-demo,D007,经销商07,O-D007-2026Q2-C0273,D007-C0273,2026-06-08,2026Q2,false,8341.6,桂中,erp:order:O-D007-2026Q2-C0273
tenant-demo,D007,经销商07,O-D007-2026Q1-C0274,D007-C0274,2026-02-01,2026Q1,true,45452.22,桂中,erp:order:O-D007-2026Q1-C0274
tenant-demo,D007,经销商07,O-D007-2026Q2-C0274,D007-C0274,2026-06-21,2026Q2,true,24716.61,桂中,erp:order:O-D007-2026Q2-C0274
tenant-demo,D007,经销商07,O-D007-2026Q1-C0275,D007-C0275,2026-02-12,2026Q1,false,28252.07,桂中,erp:order:O-D007-2026Q1-C0275
tenant-demo,D007,经销商07,O-D007-2026Q2-C0275,D007-C0275,2026-04-08,2026Q2,true,26461.77,桂中,erp:order:O-D007-2026Q2-C0275
tenant-demo,D007,经销商07,O-D007-2026Q1-C0276,D007-C0276,2026-01-09,2026Q1,false,47329.46,桂中,erp:order:O-D007-2026Q1-C0276
tenant-demo,D007,经销商07,O-D007-2026Q2-C0276,D007-C0276,2026-04-23,2026Q2,true,40817.45,桂中,erp:order:O-D007-2026Q2-C0276
tenant-demo,D007,经销商07,O-D007-2026Q1-C0277,D007-C0277,2026-02-14,2026Q1,false,36747.05,桂中,erp:order:O-D007-2026Q1-C0277
tenant-demo,D007,经销商07,O-D007-2026Q2-C0277,D007-C0277,2026-04-01,2026Q2,false,30083.01,桂中,erp:order:O-D007-2026Q2-C0277
tenant-demo,D007,经销商07,O-D007-2026Q1-C0278,D007-C0278,2026-03-17,2026Q1,false,45605.75,桂中,erp:order:O-D007-2026Q1-C0278
tenant-demo,D007,经销商07,O-D007-2026Q2-C0278,D007-C0278,2026-06-06,2026Q2,false,13681.24,桂中,erp:order:O-D007-2026Q2-C0278
tenant-demo,D007,经销商07,O-D007-2026Q1-C0279,D007-C0279,2026-01-15,2026Q1,true,10492.34,桂中,erp:order:O-D007-2026Q1-C0279
tenant-demo,D007,经销商07,O-D007-2026Q2-C0279,D007-C0279,2026-06-03,2026Q2,false,37412.95,桂中,erp:order:O-D007-2026Q2-C0279
tenant-demo,D007,经销商07,O-D007-2026Q1-C0280,D007-C0280,2026-01-08,2026Q1,true,40265.0,桂中,erp:order:O-D007-2026Q1-C0280
tenant-demo,D007,经销商07,O-D007-2026Q2-C0280,D007-C0280,2026-04-03,2026Q2,false,31233.88,桂中,erp:order:O-D007-2026Q2-C0280
tenant-demo,D008,经销商08,O-D008-2026Q1-C0001,D008-C0001,2026-02-11,2026Q1,true,31409.68,桂中,erp:order:O-D008-2026Q1-C0001
tenant-demo,D008,经销商08,O-D008-2026Q2-C0001,D008-C0001,2026-05-25,2026Q2,true,30776.11,桂中,erp:order:O-D008-2026Q2-C0001
tenant-demo,D008,经销商08,O-D008-2026Q1-C0002,D008-C0002,2026-02-06,2026Q1,false,43041.73,桂中,erp:order:O-D008-2026Q1-C0002
tenant-demo,D008,经销商08,O-D008-2026Q2-C0002,D008-C0002,2026-05-06,2026Q2,true,26550.36,桂中,erp:order:O-D008-2026Q2-C0002
tenant-demo,D008,经销商08,O-D008-2026Q1-C0003,D008-C0003,2026-03-06,2026Q1,false,5123.81,桂中,erp:order:O-D008-2026Q1-C0003
tenant-demo,D008,经销商08,O-D008-2026Q2-C0003,D008-C0003,2026-05-21,2026Q2,false,35632.53,桂中,erp:order:O-D008-2026Q2-C0003
tenant-demo,D008,经销商08,O-D008-2026Q1-C0004,D008-C0004,2026-01-27,2026Q1,false,46070.13,桂中,erp:order:O-D008-2026Q1-C0004
tenant-demo,D008,经销商08,O-D008-2026Q2-C0004,D008-C0004,2026-05-05,2026Q2,true,30901.8,桂中,erp:order:O-D008-2026Q2-C0004
tenant-demo,D008,经销商08,O-D008-2026Q1-C0005,D008-C0005,2026-01-20,2026Q1,true,13097.2,桂中,erp:order:O-D008-2026Q1-C0005
tenant-demo,D008,经销商08,O-D008-2026Q2-C0005,D008-C0005,2026-05-06,2026Q2,false,48358.64,桂中,erp:order:O-D008-2026Q2-C0005
tenant-demo,D008,经销商08,O-D008-2026Q1-C0006,D008-C0006,2026-03-07,2026Q1,false,21729.79,桂中,erp:order:O-D008-2026Q1-C0006
tenant-demo,D008,经销商08,O-D008-2026Q2-C0006,D008-C0006,2026-06-28,2026Q2,true,6303.62,桂中,erp:order:O-D008-2026Q2-C0006
tenant-demo,D008,经销商08,O-D008-2026Q1-C0007,D008-C0007,2026-03-23,2026Q1,true,28952.87,桂中,erp:order:O-D008-2026Q1-C0007
tenant-demo,D008,经销商08,O-D008-2026Q2-C0007,D008-C0007,2026-06-18,2026Q2,false,15256.53,桂中,erp:order:O-D008-2026Q2-C0007
tenant-demo,D008,经销商08,O-D008-2026Q1-C0008,D008-C0008,2026-01-03,2026Q1,true,6908.5,桂中,erp:order:O-D008-2026Q1-C0008
tenant-demo,D008,经销商08,O-D008-2026Q2-C0008,D008-C0008,2026-05-08,2026Q2,false,19428.97,桂中,erp:order:O-D008-2026Q2-C0008
tenant-demo,D008,经销商08,O-D008-2026Q1-C0009,D008-C0009,2026-01-01,2026Q1,false,24329.06,桂中,erp:order:O-D008-2026Q1-C0009
tenant-demo,D008,经销商08,O-D008-2026Q2-C0009,D008-C0009,2026-04-06,2026Q2,true,10930.93,桂中,erp:order:O-D008-2026Q2-C0009
tenant-demo,D008,经销商08,O-D008-2026Q1-C0010,D008-C0010,2026-02-15,2026Q1,true,17177.51,桂中,erp:order:O-D008-2026Q1-C0010
tenant-demo,D008,经销商08,O-D008-2026Q2-C0010,D008-C0010,2026-05-21,2026Q2,true,17772.23,桂中,erp:order:O-D008-2026Q2-C0010
tenant-demo,D008,经销商08,O-D008-2026Q1-C0011,D008-C0011,2026-01-16,2026Q1,false,49023.62,桂中,erp:order:O-D008-2026Q1-C0011
tenant-demo,D008,经销商08,O-D008-2026Q2-C0011,D008-C0011,2026-05-25,2026Q2,true,39350.27,桂中,erp:order:O-D008-2026Q2-C0011
tenant-demo,D008,经销商08,O-D008-2026Q1-C0012,D008-C0012,2026-01-27,2026Q1,true,20658.84,桂中,erp:order:O-D008-2026Q1-C0012
tenant-demo,D008,经销商08,O-D008-2026Q2-C0012,D008-C0012,2026-06-04,2026Q2,true,6792.18,桂中,erp:order:O-D008-2026Q2-C0012
tenant-demo,D008,经销商08,O-D008-2026Q1-C0013,D008-C0013,2026-02-11,2026Q1,false,24538.35,桂中,erp:order:O-D008-2026Q1-C0013
tenant-demo,D008,经销商08,O-D008-2026Q2-C0013,D008-C0013,2026-06-19,2026Q2,false,44627.03,桂中,erp:order:O-D008-2026Q2-C0013
tenant-demo,D008,经销商08,O-D008-2026Q1-C0014,D008-C0014,2026-02-25,2026Q1,true,12402.33,桂中,erp:order:O-D008-2026Q1-C0014
tenant-demo,D008,经销商08,O-D008-2026Q2-C0014,D008-C0014,2026-04-21,2026Q2,false,23993.73,桂中,erp:order:O-D008-2026Q2-C0014
tenant-demo,D008,经销商08,O-D008-2026Q1-C0015,D008-C0015,2026-02-24,2026Q1,false,44073.28,桂中,erp:order:O-D008-2026Q1-C0015
tenant-demo,D008,经销商08,O-D008-2026Q2-C0015,D008-C0015,2026-05-14,2026Q2,true,47348.21,桂中,erp:order:O-D008-2026Q2-C0015
tenant-demo,D008,经销商08,O-D008-2026Q1-C0016,D008-C0016,2026-02-19,2026Q1,false,49545.92,桂中,erp:order:O-D008-2026Q1-C0016
tenant-demo,D008,经销商08,O-D008-2026Q2-C0016,D008-C0016,2026-04-13,2026Q2,true,20207.89,桂中,erp:order:O-D008-2026Q2-C0016
tenant-demo,D008,经销商08,O-D008-2026Q1-C0017,D008-C0017,2026-02-08,2026Q1,true,16953.9,桂中,erp:order:O-D008-2026Q1-C0017
tenant-demo,D008,经销商08,O-D008-2026Q2-C0017,D008-C0017,2026-06-08,2026Q2,false,14874.46,桂中,erp:order:O-D008-2026Q2-C0017
tenant-demo,D008,经销商08,O-D008-2026Q1-C0018,D008-C0018,2026-01-20,2026Q1,true,10900.02,桂中,erp:order:O-D008-2026Q1-C0018
tenant-demo,D008,经销商08,O-D008-2026Q2-C0018,D008-C0018,2026-05-28,2026Q2,false,20757.83,桂中,erp:order:O-D008-2026Q2-C0018
tenant-demo,D008,经销商08,O-D008-2026Q1-C0019,D008-C0019,2026-01-25,2026Q1,false,45964.44,桂中,erp:order:O-D008-2026Q1-C0019
tenant-demo,D008,经销商08,O-D008-2026Q2-C0019,D008-C0019,2026-05-22,2026Q2,false,30139.66,桂中,erp:order:O-D008-2026Q2-C0019
tenant-demo,D008,经销商08,O-D008-2026Q1-C0020,D008-C0020,2026-03-08,2026Q1,false,30313.88,桂中,erp:order:O-D008-2026Q1-C0020
tenant-demo,D008,经销商08,O-D008-2026Q2-C0020,D008-C0020,2026-05-03,2026Q2,false,28320.29,桂中,erp:order:O-D008-2026Q2-C0020
tenant-demo,D008,经销商08,O-D008-2026Q1-C0021,D008-C0021,2026-01-14,2026Q1,false,13461.12,桂中,erp:order:O-D008-2026Q1-C0021
tenant-demo,D008,经销商08,O-D008-2026Q2-C0021,D008-C0021,2026-06-16,2026Q2,true,12231.95,桂中,erp:order:O-D008-2026Q2-C0021
tenant-demo,D008,经销商08,O-D008-2026Q1-C0022,D008-C0022,2026-01-15,2026Q1,true,25754.21,桂中,erp:order:O-D008-2026Q1-C0022
tenant-demo,D008,经销商08,O-D008-2026Q2-C0022,D008-C0022,2026-06-11,2026Q2,false,12926.83,桂中,erp:order:O-D008-2026Q2-C0022
tenant-demo,D008,经销商08,O-D008-2026Q1-C0023,D008-C0023,2026-03-25,2026Q1,false,33079.78,桂中,erp:order:O-D008-2026Q1-C0023
tenant-demo,D008,经销商08,O-D008-2026Q2-C0023,D008-C0023,2026-04-04,2026Q2,false,28535.59,桂中,erp:order:O-D008-2026Q2-C0023
tenant-demo,D008,经销商08,O-D008-2026Q1-C0024,D008-C0024,2026-02-28,2026Q1,true,35672.79,桂中,erp:order:O-D008-2026Q1-C0024
tenant-demo,D008,经销商08,O-D008-2026Q2-C0024,D008-C0024,2026-04-25,2026Q2,true,40132.31,桂中,erp:order:O-D008-2026Q2-C0024
tenant-demo,D008,经销商08,O-D008-2026Q1-C0025,D008-C0025,2026-01-10,2026Q1,false,46144.98,桂中,erp:order:O-D008-2026Q1-C0025
tenant-demo,D008,经销商08,O-D008-2026Q2-C0025,D008-C0025,2026-06-10,2026Q2,false,19345.46,桂中,erp:order:O-D008-2026Q2-C0025
tenant-demo,D008,经销商08,O-D008-2026Q1-C0026,D008-C0026,2026-01-06,2026Q1,true,42330.09,桂中,erp:order:O-D008-2026Q1-C0026
tenant-demo,D008,经销商08,O-D008-2026Q2-C0026,D008-C0026,2026-05-25,2026Q2,true,26327.91,桂中,erp:order:O-D008-2026Q2-C0026
tenant-demo,D008,经销商08,O-D008-2026Q1-C0027,D008-C0027,2026-01-16,2026Q1,true,14862.31,桂中,erp:order:O-D008-2026Q1-C0027
tenant-demo,D008,经销商08,O-D008-2026Q2-C0027,D008-C0027,2026-05-28,2026Q2,true,23615.06,桂中,erp:order:O-D008-2026Q2-C0027
tenant-demo,D008,经销商08,O-D008-2026Q1-C0028,D008-C0028,2026-01-14,2026Q1,false,37887.08,桂中,erp:order:O-D008-2026Q1-C0028
tenant-demo,D008,经销商08,O-D008-2026Q2-C0028,D008-C0028,2026-06-28,2026Q2,true,6975.32,桂中,erp:order:O-D008-2026Q2-C0028
tenant-demo,D008,经销商08,O-D008-2026Q1-C0029,D008-C0029,2026-02-04,2026Q1,false,10694.88,桂中,erp:order:O-D008-2026Q1-C0029
tenant-demo,D008,经销商08,O-D008-2026Q2-C0029,D008-C0029,2026-05-14,2026Q2,true,18699.1,桂中,erp:order:O-D008-2026Q2-C0029
tenant-demo,D008,经销商08,O-D008-2026Q1-C0030,D008-C0030,2026-02-23,2026Q1,false,23744.95,桂中,erp:order:O-D008-2026Q1-C0030
tenant-demo,D008,经销商08,O-D008-2026Q2-C0030,D008-C0030,2026-05-16,2026Q2,false,39292.68,桂中,erp:order:O-D008-2026Q2-C0030
tenant-demo,D008,经销商08,O-D008-2026Q1-C0031,D008-C0031,2026-01-09,2026Q1,false,37100.63,桂中,erp:order:O-D008-2026Q1-C0031
tenant-demo,D008,经销商08,O-D008-2026Q2-C0031,D008-C0031,2026-06-12,2026Q2,true,47926.78,桂中,erp:order:O-D008-2026Q2-C0031
tenant-demo,D008,经销商08,O-D008-2026Q1-C0032,D008-C0032,2026-02-05,2026Q1,true,22860.66,桂中,erp:order:O-D008-2026Q1-C0032
tenant-demo,D008,经销商08,O-D008-2026Q2-C0032,D008-C0032,2026-04-02,2026Q2,false,18594.0,桂中,erp:order:O-D008-2026Q2-C0032
tenant-demo,D008,经销商08,O-D008-2026Q1-C0033,D008-C0033,2026-02-26,2026Q1,true,39575.46,桂中,erp:order:O-D008-2026Q1-C0033
tenant-demo,D008,经销商08,O-D008-2026Q2-C0033,D008-C0033,2026-06-19,2026Q2,true,44459.39,桂中,erp:order:O-D008-2026Q2-C0033
tenant-demo,D008,经销商08,O-D008-2026Q1-C0034,D008-C0034,2026-01-14,2026Q1,false,16793.51,桂中,erp:order:O-D008-2026Q1-C0034
tenant-demo,D008,经销商08,O-D008-2026Q2-C0034,D008-C0034,2026-06-18,2026Q2,false,23095.33,桂中,erp:order:O-D008-2026Q2-C0034
tenant-demo,D008,经销商08,O-D008-2026Q1-C0035,D008-C0035,2026-02-17,2026Q1,true,25118.87,桂中,erp:order:O-D008-2026Q1-C0035
tenant-demo,D008,经销商08,O-D008-2026Q2-C0035,D008-C0035,2026-05-26,2026Q2,false,27146.62,桂中,erp:order:O-D008-2026Q2-C0035
tenant-demo,D008,经销商08,O-D008-2026Q1-C0036,D008-C0036,2026-01-20,2026Q1,true,26729.27,桂中,erp:order:O-D008-2026Q1-C0036
tenant-demo,D008,经销商08,O-D008-2026Q2-C0036,D008-C0036,2026-05-23,2026Q2,false,8774.48,桂中,erp:order:O-D008-2026Q2-C0036
tenant-demo,D008,经销商08,O-D008-2026Q1-C0037,D008-C0037,2026-02-27,2026Q1,true,8788.6,桂中,erp:order:O-D008-2026Q1-C0037
tenant-demo,D008,经销商08,O-D008-2026Q2-C0037,D008-C0037,2026-05-03,2026Q2,false,14996.11,桂中,erp:order:O-D008-2026Q2-C0037
tenant-demo,D008,经销商08,O-D008-2026Q1-C0038,D008-C0038,2026-03-13,2026Q1,false,34962.14,桂中,erp:order:O-D008-2026Q1-C0038
tenant-demo,D008,经销商08,O-D008-2026Q2-C0038,D008-C0038,2026-06-03,2026Q2,false,20599.88,桂中,erp:order:O-D008-2026Q2-C0038
tenant-demo,D008,经销商08,O-D008-2026Q1-C0039,D008-C0039,2026-01-08,2026Q1,true,28224.83,桂中,erp:order:O-D008-2026Q1-C0039
tenant-demo,D008,经销商08,O-D008-2026Q2-C0039,D008-C0039,2026-06-02,2026Q2,true,24401.72,桂中,erp:order:O-D008-2026Q2-C0039
tenant-demo,D008,经销商08,O-D008-2026Q1-C0040,D008-C0040,2026-01-14,2026Q1,false,13354.84,桂中,erp:order:O-D008-2026Q1-C0040
tenant-demo,D008,经销商08,O-D008-2026Q2-C0040,D008-C0040,2026-04-07,2026Q2,false,9667.66,桂中,erp:order:O-D008-2026Q2-C0040
tenant-demo,D008,经销商08,O-D008-2026Q1-C0041,D008-C0041,2026-03-15,2026Q1,true,42721.67,桂中,erp:order:O-D008-2026Q1-C0041
tenant-demo,D008,经销商08,O-D008-2026Q2-C0041,D008-C0041,2026-04-12,2026Q2,true,28805.8,桂中,erp:order:O-D008-2026Q2-C0041
tenant-demo,D008,经销商08,O-D008-2026Q1-C0042,D008-C0042,2026-02-18,2026Q1,false,6825.37,桂中,erp:order:O-D008-2026Q1-C0042
tenant-demo,D008,经销商08,O-D008-2026Q2-C0042,D008-C0042,2026-05-26,2026Q2,false,43064.0,桂中,erp:order:O-D008-2026Q2-C0042
tenant-demo,D008,经销商08,O-D008-2026Q1-C0043,D008-C0043,2026-03-27,2026Q1,true,25759.29,桂中,erp:order:O-D008-2026Q1-C0043
tenant-demo,D008,经销商08,O-D008-2026Q2-C0043,D008-C0043,2026-05-25,2026Q2,true,13649.58,桂中,erp:order:O-D008-2026Q2-C0043
tenant-demo,D008,经销商08,O-D008-2026Q1-C0044,D008-C0044,2026-02-10,2026Q1,true,37396.04,桂中,erp:order:O-D008-2026Q1-C0044
tenant-demo,D008,经销商08,O-D008-2026Q2-C0044,D008-C0044,2026-05-12,2026Q2,false,5908.88,桂中,erp:order:O-D008-2026Q2-C0044
tenant-demo,D008,经销商08,O-D008-2026Q1-C0045,D008-C0045,2026-03-11,2026Q1,true,27519.87,桂中,erp:order:O-D008-2026Q1-C0045
tenant-demo,D008,经销商08,O-D008-2026Q2-C0045,D008-C0045,2026-04-28,2026Q2,false,44796.07,桂中,erp:order:O-D008-2026Q2-C0045
tenant-demo,D008,经销商08,O-D008-2026Q1-C0046,D008-C0046,2026-02-11,2026Q1,false,19528.81,桂中,erp:order:O-D008-2026Q1-C0046
tenant-demo,D008,经销商08,O-D008-2026Q2-C0046,D008-C0046,2026-05-06,2026Q2,true,31580.29,桂中,erp:order:O-D008-2026Q2-C0046
tenant-demo,D008,经销商08,O-D008-2026Q1-C0047,D008-C0047,2026-03-14,2026Q1,false,15571.77,桂中,erp:order:O-D008-2026Q1-C0047
tenant-demo,D008,经销商08,O-D008-2026Q2-C0047,D008-C0047,2026-05-25,2026Q2,true,30320.57,桂中,erp:order:O-D008-2026Q2-C0047
tenant-demo,D008,经销商08,O-D008-2026Q1-C0048,D008-C0048,2026-01-05,2026Q1,false,38019.4,桂中,erp:order:O-D008-2026Q1-C0048
tenant-demo,D008,经销商08,O-D008-2026Q2-C0048,D008-C0048,2026-05-23,2026Q2,false,46539.7,桂中,erp:order:O-D008-2026Q2-C0048
tenant-demo,D008,经销商08,O-D008-2026Q1-C0049,D008-C0049,2026-03-05,2026Q1,false,29654.3,桂中,erp:order:O-D008-2026Q1-C0049
tenant-demo,D008,经销商08,O-D008-2026Q2-C0049,D008-C0049,2026-06-09,2026Q2,false,20533.25,桂中,erp:order:O-D008-2026Q2-C0049
tenant-demo,D008,经销商08,O-D008-2026Q1-C0050,D008-C0050,2026-01-01,2026Q1,true,37163.39,桂中,erp:order:O-D008-2026Q1-C0050
tenant-demo,D008,经销商08,O-D008-2026Q2-C0050,D008-C0050,2026-04-20,2026Q2,true,40689.54,桂中,erp:order:O-D008-2026Q2-C0050
tenant-demo,D008,经销商08,O-D008-2026Q1-C0051,D008-C0051,2026-01-16,2026Q1,false,37430.99,桂中,erp:order:O-D008-2026Q1-C0051
tenant-demo,D008,经销商08,O-D008-2026Q2-C0051,D008-C0051,2026-06-05,2026Q2,false,37968.86,桂中,erp:order:O-D008-2026Q2-C0051
tenant-demo,D008,经销商08,O-D008-2026Q1-C0052,D008-C0052,2026-03-06,2026Q1,false,29665.66,桂中,erp:order:O-D008-2026Q1-C0052
tenant-demo,D008,经销商08,O-D008-2026Q2-C0052,D008-C0052,2026-04-01,2026Q2,true,34309.29,桂中,erp:order:O-D008-2026Q2-C0052
tenant-demo,D008,经销商08,O-D008-2026Q1-C0053,D008-C0053,2026-01-16,2026Q1,false,39869.35,桂中,erp:order:O-D008-2026Q1-C0053
tenant-demo,D008,经销商08,O-D008-2026Q2-C0053,D008-C0053,2026-05-08,2026Q2,false,11582.74,桂中,erp:order:O-D008-2026Q2-C0053
tenant-demo,D008,经销商08,O-D008-2026Q1-C0054,D008-C0054,2026-03-26,2026Q1,false,48341.45,桂中,erp:order:O-D008-2026Q1-C0054
tenant-demo,D008,经销商08,O-D008-2026Q2-C0054,D008-C0054,2026-05-13,2026Q2,true,11772.26,桂中,erp:order:O-D008-2026Q2-C0054
tenant-demo,D008,经销商08,O-D008-2026Q1-C0055,D008-C0055,2026-01-04,2026Q1,true,16241.0,桂中,erp:order:O-D008-2026Q1-C0055
tenant-demo,D008,经销商08,O-D008-2026Q2-C0055,D008-C0055,2026-06-09,2026Q2,false,49056.38,桂中,erp:order:O-D008-2026Q2-C0055
tenant-demo,D008,经销商08,O-D008-2026Q1-C0056,D008-C0056,2026-03-22,2026Q1,true,42772.8,桂中,erp:order:O-D008-2026Q1-C0056
tenant-demo,D008,经销商08,O-D008-2026Q2-C0056,D008-C0056,2026-05-05,2026Q2,false,26794.93,桂中,erp:order:O-D008-2026Q2-C0056
tenant-demo,D008,经销商08,O-D008-2026Q1-C0057,D008-C0057,2026-02-22,2026Q1,true,49977.63,桂中,erp:order:O-D008-2026Q1-C0057
tenant-demo,D008,经销商08,O-D008-2026Q2-C0057,D008-C0057,2026-04-28,2026Q2,false,30289.48,桂中,erp:order:O-D008-2026Q2-C0057
tenant-demo,D008,经销商08,O-D008-2026Q1-C0058,D008-C0058,2026-02-19,2026Q1,false,11211.72,桂中,erp:order:O-D008-2026Q1-C0058
tenant-demo,D008,经销商08,O-D008-2026Q2-C0058,D008-C0058,2026-06-14,2026Q2,false,6396.11,桂中,erp:order:O-D008-2026Q2-C0058
tenant-demo,D008,经销商08,O-D008-2026Q1-C0059,D008-C0059,2026-01-17,2026Q1,false,22154.58,桂中,erp:order:O-D008-2026Q1-C0059
tenant-demo,D008,经销商08,O-D008-2026Q2-C0059,D008-C0059,2026-05-28,2026Q2,false,21733.32,桂中,erp:order:O-D008-2026Q2-C0059
tenant-demo,D008,经销商08,O-D008-2026Q1-C0060,D008-C0060,2026-03-18,2026Q1,false,32119.34,桂中,erp:order:O-D008-2026Q1-C0060
tenant-demo,D008,经销商08,O-D008-2026Q2-C0060,D008-C0060,2026-04-08,2026Q2,true,7098.75,桂中,erp:order:O-D008-2026Q2-C0060
tenant-demo,D008,经销商08,O-D008-2026Q1-C0061,D008-C0061,2026-02-01,2026Q1,true,11333.64,桂中,erp:order:O-D008-2026Q1-C0061
tenant-demo,D008,经销商08,O-D008-2026Q2-C0061,D008-C0061,2026-05-12,2026Q2,true,41057.92,桂中,erp:order:O-D008-2026Q2-C0061
tenant-demo,D008,经销商08,O-D008-2026Q1-C0062,D008-C0062,2026-02-01,2026Q1,false,8214.26,桂中,erp:order:O-D008-2026Q1-C0062
tenant-demo,D008,经销商08,O-D008-2026Q2-C0062,D008-C0062,2026-05-04,2026Q2,false,15435.69,桂中,erp:order:O-D008-2026Q2-C0062
tenant-demo,D008,经销商08,O-D008-2026Q1-C0063,D008-C0063,2026-03-22,2026Q1,true,37945.48,桂中,erp:order:O-D008-2026Q1-C0063
tenant-demo,D008,经销商08,O-D008-2026Q2-C0063,D008-C0063,2026-06-13,2026Q2,false,41161.09,桂中,erp:order:O-D008-2026Q2-C0063
tenant-demo,D008,经销商08,O-D008-2026Q1-C0064,D008-C0064,2026-02-05,2026Q1,false,18725.29,桂中,erp:order:O-D008-2026Q1-C0064
tenant-demo,D008,经销商08,O-D008-2026Q2-C0064,D008-C0064,2026-04-26,2026Q2,false,21043.9,桂中,erp:order:O-D008-2026Q2-C0064
tenant-demo,D008,经销商08,O-D008-2026Q1-C0065,D008-C0065,2026-02-23,2026Q1,true,7658.45,桂中,erp:order:O-D008-2026Q1-C0065
tenant-demo,D008,经销商08,O-D008-2026Q2-C0065,D008-C0065,2026-05-13,2026Q2,true,49022.06,桂中,erp:order:O-D008-2026Q2-C0065
tenant-demo,D008,经销商08,O-D008-2026Q1-C0066,D008-C0066,2026-02-13,2026Q1,false,33322.99,桂中,erp:order:O-D008-2026Q1-C0066
tenant-demo,D008,经销商08,O-D008-2026Q2-C0066,D008-C0066,2026-06-01,2026Q2,true,45355.51,桂中,erp:order:O-D008-2026Q2-C0066
tenant-demo,D008,经销商08,O-D008-2026Q1-C0067,D008-C0067,2026-03-04,2026Q1,true,42403.93,桂中,erp:order:O-D008-2026Q1-C0067
tenant-demo,D008,经销商08,O-D008-2026Q2-C0067,D008-C0067,2026-05-27,2026Q2,false,24041.39,桂中,erp:order:O-D008-2026Q2-C0067
tenant-demo,D008,经销商08,O-D008-2026Q1-C0068,D008-C0068,2026-02-10,2026Q1,false,6474.58,桂中,erp:order:O-D008-2026Q1-C0068
tenant-demo,D008,经销商08,O-D008-2026Q2-C0068,D008-C0068,2026-05-09,2026Q2,true,7386.82,桂中,erp:order:O-D008-2026Q2-C0068
tenant-demo,D008,经销商08,O-D008-2026Q1-C0069,D008-C0069,2026-03-06,2026Q1,false,6235.75,桂中,erp:order:O-D008-2026Q1-C0069
tenant-demo,D008,经销商08,O-D008-2026Q2-C0069,D008-C0069,2026-04-07,2026Q2,true,35624.4,桂中,erp:order:O-D008-2026Q2-C0069
tenant-demo,D008,经销商08,O-D008-2026Q1-C0070,D008-C0070,2026-01-03,2026Q1,true,38061.97,桂中,erp:order:O-D008-2026Q1-C0070
tenant-demo,D008,经销商08,O-D008-2026Q2-C0070,D008-C0070,2026-04-01,2026Q2,false,24087.75,桂中,erp:order:O-D008-2026Q2-C0070
tenant-demo,D008,经销商08,O-D008-2026Q1-C0071,D008-C0071,2026-03-15,2026Q1,true,16220.66,桂中,erp:order:O-D008-2026Q1-C0071
tenant-demo,D008,经销商08,O-D008-2026Q2-C0071,D008-C0071,2026-05-19,2026Q2,false,10032.88,桂中,erp:order:O-D008-2026Q2-C0071
tenant-demo,D008,经销商08,O-D008-2026Q1-C0072,D008-C0072,2026-03-06,2026Q1,false,49292.51,桂中,erp:order:O-D008-2026Q1-C0072
tenant-demo,D008,经销商08,O-D008-2026Q2-C0072,D008-C0072,2026-04-22,2026Q2,false,32630.45,桂中,erp:order:O-D008-2026Q2-C0072
tenant-demo,D008,经销商08,O-D008-2026Q1-C0073,D008-C0073,2026-01-18,2026Q1,true,29836.41,桂中,erp:order:O-D008-2026Q1-C0073
tenant-demo,D008,经销商08,O-D008-2026Q2-C0073,D008-C0073,2026-05-24,2026Q2,false,39351.95,桂中,erp:order:O-D008-2026Q2-C0073
tenant-demo,D008,经销商08,O-D008-2026Q1-C0074,D008-C0074,2026-02-20,2026Q1,false,13356.3,桂中,erp:order:O-D008-2026Q1-C0074
tenant-demo,D008,经销商08,O-D008-2026Q2-C0074,D008-C0074,2026-06-27,2026Q2,false,28650.34,桂中,erp:order:O-D008-2026Q2-C0074
tenant-demo,D008,经销商08,O-D008-2026Q1-C0075,D008-C0075,2026-01-07,2026Q1,false,20714.75,桂中,erp:order:O-D008-2026Q1-C0075
tenant-demo,D008,经销商08,O-D008-2026Q2-C0075,D008-C0075,2026-04-11,2026Q2,false,6367.53,桂中,erp:order:O-D008-2026Q2-C0075
tenant-demo,D008,经销商08,O-D008-2026Q1-C0076,D008-C0076,2026-03-14,2026Q1,false,28452.32,桂中,erp:order:O-D008-2026Q1-C0076
tenant-demo,D008,经销商08,O-D008-2026Q2-C0076,D008-C0076,2026-05-09,2026Q2,true,14831.17,桂中,erp:order:O-D008-2026Q2-C0076
tenant-demo,D008,经销商08,O-D008-2026Q1-C0077,D008-C0077,2026-01-12,2026Q1,false,35807.87,桂中,erp:order:O-D008-2026Q1-C0077
tenant-demo,D008,经销商08,O-D008-2026Q2-C0077,D008-C0077,2026-05-03,2026Q2,false,22449.46,桂中,erp:order:O-D008-2026Q2-C0077
tenant-demo,D008,经销商08,O-D008-2026Q1-C0078,D008-C0078,2026-03-26,2026Q1,false,14749.62,桂中,erp:order:O-D008-2026Q1-C0078
tenant-demo,D008,经销商08,O-D008-2026Q2-C0078,D008-C0078,2026-04-01,2026Q2,true,15490.21,桂中,erp:order:O-D008-2026Q2-C0078
tenant-demo,D008,经销商08,O-D008-2026Q1-C0079,D008-C0079,2026-03-26,2026Q1,false,30103.45,桂中,erp:order:O-D008-2026Q1-C0079
tenant-demo,D008,经销商08,O-D008-2026Q2-C0079,D008-C0079,2026-05-16,2026Q2,false,6569.1,桂中,erp:order:O-D008-2026Q2-C0079
tenant-demo,D008,经销商08,O-D008-2026Q1-C0080,D008-C0080,2026-02-11,2026Q1,false,24366.3,桂中,erp:order:O-D008-2026Q1-C0080
tenant-demo,D008,经销商08,O-D008-2026Q2-C0080,D008-C0080,2026-06-21,2026Q2,true,12891.88,桂中,erp:order:O-D008-2026Q2-C0080
tenant-demo,D008,经销商08,O-D008-2026Q1-C0081,D008-C0081,2026-02-03,2026Q1,true,13807.49,桂中,erp:order:O-D008-2026Q1-C0081
tenant-demo,D008,经销商08,O-D008-2026Q2-C0081,D008-C0081,2026-04-24,2026Q2,true,11266.26,桂中,erp:order:O-D008-2026Q2-C0081
tenant-demo,D008,经销商08,O-D008-2026Q1-C0082,D008-C0082,2026-03-12,2026Q1,false,9178.31,桂中,erp:order:O-D008-2026Q1-C0082
tenant-demo,D008,经销商08,O-D008-2026Q2-C0082,D008-C0082,2026-06-07,2026Q2,true,49163.82,桂中,erp:order:O-D008-2026Q2-C0082
tenant-demo,D008,经销商08,O-D008-2026Q1-C0083,D008-C0083,2026-01-28,2026Q1,false,48154.39,桂中,erp:order:O-D008-2026Q1-C0083
tenant-demo,D008,经销商08,O-D008-2026Q2-C0083,D008-C0083,2026-06-17,2026Q2,false,39191.23,桂中,erp:order:O-D008-2026Q2-C0083
tenant-demo,D008,经销商08,O-D008-2026Q1-C0084,D008-C0084,2026-02-25,2026Q1,false,11999.43,桂中,erp:order:O-D008-2026Q1-C0084
tenant-demo,D008,经销商08,O-D008-2026Q2-C0084,D008-C0084,2026-05-06,2026Q2,true,36431.88,桂中,erp:order:O-D008-2026Q2-C0084
tenant-demo,D008,经销商08,O-D008-2026Q1-C0085,D008-C0085,2026-01-25,2026Q1,false,7016.29,桂中,erp:order:O-D008-2026Q1-C0085
tenant-demo,D008,经销商08,O-D008-2026Q2-C0085,D008-C0085,2026-05-21,2026Q2,true,15420.55,桂中,erp:order:O-D008-2026Q2-C0085
tenant-demo,D008,经销商08,O-D008-2026Q1-C0086,D008-C0086,2026-03-02,2026Q1,false,30837.21,桂中,erp:order:O-D008-2026Q1-C0086
tenant-demo,D008,经销商08,O-D008-2026Q2-C0086,D008-C0086,2026-06-19,2026Q2,true,48893.61,桂中,erp:order:O-D008-2026Q2-C0086
tenant-demo,D008,经销商08,O-D008-2026Q1-C0087,D008-C0087,2026-03-13,2026Q1,true,25880.56,桂中,erp:order:O-D008-2026Q1-C0087
tenant-demo,D008,经销商08,O-D008-2026Q2-C0087,D008-C0087,2026-05-02,2026Q2,true,32383.62,桂中,erp:order:O-D008-2026Q2-C0087
tenant-demo,D008,经销商08,O-D008-2026Q1-C0088,D008-C0088,2026-01-19,2026Q1,false,36677.17,桂中,erp:order:O-D008-2026Q1-C0088
tenant-demo,D008,经销商08,O-D008-2026Q2-C0088,D008-C0088,2026-05-19,2026Q2,false,36730.34,桂中,erp:order:O-D008-2026Q2-C0088
tenant-demo,D008,经销商08,O-D008-2026Q1-C0089,D008-C0089,2026-03-24,2026Q1,true,28377.21,桂中,erp:order:O-D008-2026Q1-C0089
tenant-demo,D008,经销商08,O-D008-2026Q2-C0089,D008-C0089,2026-05-14,2026Q2,true,43411.88,桂中,erp:order:O-D008-2026Q2-C0089
tenant-demo,D008,经销商08,O-D008-2026Q1-C0090,D008-C0090,2026-03-15,2026Q1,false,29346.97,桂中,erp:order:O-D008-2026Q1-C0090
tenant-demo,D008,经销商08,O-D008-2026Q2-C0090,D008-C0090,2026-05-23,2026Q2,true,40913.87,桂中,erp:order:O-D008-2026Q2-C0090
tenant-demo,D008,经销商08,O-D008-2026Q1-C0091,D008-C0091,2026-01-08,2026Q1,true,22136.15,桂中,erp:order:O-D008-2026Q1-C0091
tenant-demo,D008,经销商08,O-D008-2026Q2-C0091,D008-C0091,2026-05-16,2026Q2,true,40381.93,桂中,erp:order:O-D008-2026Q2-C0091
tenant-demo,D008,经销商08,O-D008-2026Q1-C0092,D008-C0092,2026-01-20,2026Q1,true,20566.91,桂中,erp:order:O-D008-2026Q1-C0092
tenant-demo,D008,经销商08,O-D008-2026Q2-C0092,D008-C0092,2026-04-23,2026Q2,false,13758.68,桂中,erp:order:O-D008-2026Q2-C0092
tenant-demo,D008,经销商08,O-D008-2026Q1-C0093,D008-C0093,2026-01-17,2026Q1,false,23442.45,桂中,erp:order:O-D008-2026Q1-C0093
tenant-demo,D008,经销商08,O-D008-2026Q2-C0093,D008-C0093,2026-06-16,2026Q2,false,33394.94,桂中,erp:order:O-D008-2026Q2-C0093
tenant-demo,D008,经销商08,O-D008-2026Q1-C0094,D008-C0094,2026-03-14,2026Q1,true,39903.75,桂中,erp:order:O-D008-2026Q1-C0094
tenant-demo,D008,经销商08,O-D008-2026Q2-C0094,D008-C0094,2026-05-08,2026Q2,true,47445.44,桂中,erp:order:O-D008-2026Q2-C0094
tenant-demo,D008,经销商08,O-D008-2026Q1-C0095,D008-C0095,2026-02-06,2026Q1,false,28734.32,桂中,erp:order:O-D008-2026Q1-C0095
tenant-demo,D008,经销商08,O-D008-2026Q2-C0095,D008-C0095,2026-05-02,2026Q2,false,22836.5,桂中,erp:order:O-D008-2026Q2-C0095
tenant-demo,D008,经销商08,O-D008-2026Q1-C0096,D008-C0096,2026-01-26,2026Q1,true,26338.23,桂中,erp:order:O-D008-2026Q1-C0096
tenant-demo,D008,经销商08,O-D008-2026Q2-C0096,D008-C0096,2026-06-13,2026Q2,true,14786.61,桂中,erp:order:O-D008-2026Q2-C0096
tenant-demo,D008,经销商08,O-D008-2026Q1-C0097,D008-C0097,2026-01-25,2026Q1,false,15999.73,桂中,erp:order:O-D008-2026Q1-C0097
tenant-demo,D008,经销商08,O-D008-2026Q2-C0097,D008-C0097,2026-04-15,2026Q2,false,47710.7,桂中,erp:order:O-D008-2026Q2-C0097
tenant-demo,D008,经销商08,O-D008-2026Q1-C0098,D008-C0098,2026-02-27,2026Q1,true,32297.41,桂中,erp:order:O-D008-2026Q1-C0098
tenant-demo,D008,经销商08,O-D008-2026Q2-C0098,D008-C0098,2026-05-09,2026Q2,false,29788.97,桂中,erp:order:O-D008-2026Q2-C0098
tenant-demo,D008,经销商08,O-D008-2026Q1-C0099,D008-C0099,2026-01-07,2026Q1,false,27866.26,桂中,erp:order:O-D008-2026Q1-C0099
tenant-demo,D008,经销商08,O-D008-2026Q2-C0099,D008-C0099,2026-04-19,2026Q2,true,49999.55,桂中,erp:order:O-D008-2026Q2-C0099
tenant-demo,D008,经销商08,O-D008-2026Q1-C0100,D008-C0100,2026-02-24,2026Q1,false,30872.58,桂中,erp:order:O-D008-2026Q1-C0100
tenant-demo,D008,经销商08,O-D008-2026Q2-C0100,D008-C0100,2026-04-08,2026Q2,false,6808.1,桂中,erp:order:O-D008-2026Q2-C0100
tenant-demo,D008,经销商08,O-D008-2026Q1-C0101,D008-C0101,2026-02-25,2026Q1,true,23151.78,桂中,erp:order:O-D008-2026Q1-C0101
tenant-demo,D008,经销商08,O-D008-2026Q2-C0101,D008-C0101,2026-05-24,2026Q2,true,28943.02,桂中,erp:order:O-D008-2026Q2-C0101
tenant-demo,D008,经销商08,O-D008-2026Q1-C0102,D008-C0102,2026-02-07,2026Q1,false,36862.87,桂中,erp:order:O-D008-2026Q1-C0102
tenant-demo,D008,经销商08,O-D008-2026Q2-C0102,D008-C0102,2026-06-17,2026Q2,true,18573.63,桂中,erp:order:O-D008-2026Q2-C0102
tenant-demo,D008,经销商08,O-D008-2026Q1-C0103,D008-C0103,2026-02-17,2026Q1,true,32263.33,桂中,erp:order:O-D008-2026Q1-C0103
tenant-demo,D008,经销商08,O-D008-2026Q2-C0103,D008-C0103,2026-06-15,2026Q2,false,23571.47,桂中,erp:order:O-D008-2026Q2-C0103
tenant-demo,D008,经销商08,O-D008-2026Q1-C0104,D008-C0104,2026-03-14,2026Q1,false,10765.79,桂中,erp:order:O-D008-2026Q1-C0104
tenant-demo,D008,经销商08,O-D008-2026Q2-C0104,D008-C0104,2026-06-18,2026Q2,true,34881.06,桂中,erp:order:O-D008-2026Q2-C0104
tenant-demo,D008,经销商08,O-D008-2026Q1-C0105,D008-C0105,2026-03-15,2026Q1,false,22599.17,桂中,erp:order:O-D008-2026Q1-C0105
tenant-demo,D008,经销商08,O-D008-2026Q2-C0105,D008-C0105,2026-05-10,2026Q2,true,18613.6,桂中,erp:order:O-D008-2026Q2-C0105
tenant-demo,D008,经销商08,O-D008-2026Q1-C0106,D008-C0106,2026-02-25,2026Q1,false,15291.54,桂中,erp:order:O-D008-2026Q1-C0106
tenant-demo,D008,经销商08,O-D008-2026Q2-C0106,D008-C0106,2026-05-28,2026Q2,false,13098.66,桂中,erp:order:O-D008-2026Q2-C0106
tenant-demo,D008,经销商08,O-D008-2026Q1-C0107,D008-C0107,2026-03-22,2026Q1,false,7819.95,桂中,erp:order:O-D008-2026Q1-C0107
tenant-demo,D008,经销商08,O-D008-2026Q2-C0107,D008-C0107,2026-06-15,2026Q2,true,34007.55,桂中,erp:order:O-D008-2026Q2-C0107
tenant-demo,D008,经销商08,O-D008-2026Q1-C0108,D008-C0108,2026-02-24,2026Q1,false,46359.73,桂中,erp:order:O-D008-2026Q1-C0108
tenant-demo,D008,经销商08,O-D008-2026Q2-C0108,D008-C0108,2026-05-16,2026Q2,false,26263.27,桂中,erp:order:O-D008-2026Q2-C0108
tenant-demo,D008,经销商08,O-D008-2026Q1-C0109,D008-C0109,2026-03-04,2026Q1,false,37811.4,桂中,erp:order:O-D008-2026Q1-C0109
tenant-demo,D008,经销商08,O-D008-2026Q2-C0109,D008-C0109,2026-06-14,2026Q2,true,46688.59,桂中,erp:order:O-D008-2026Q2-C0109
tenant-demo,D008,经销商08,O-D008-2026Q1-C0110,D008-C0110,2026-01-11,2026Q1,true,43899.91,桂中,erp:order:O-D008-2026Q1-C0110
tenant-demo,D008,经销商08,O-D008-2026Q2-C0110,D008-C0110,2026-06-09,2026Q2,false,48086.34,桂中,erp:order:O-D008-2026Q2-C0110
tenant-demo,D008,经销商08,O-D008-2026Q1-C0111,D008-C0111,2026-03-14,2026Q1,false,44602.76,桂中,erp:order:O-D008-2026Q1-C0111
tenant-demo,D008,经销商08,O-D008-2026Q2-C0111,D008-C0111,2026-06-15,2026Q2,false,26861.84,桂中,erp:order:O-D008-2026Q2-C0111
tenant-demo,D008,经销商08,O-D008-2026Q1-C0112,D008-C0112,2026-03-06,2026Q1,false,13440.68,桂中,erp:order:O-D008-2026Q1-C0112
tenant-demo,D008,经销商08,O-D008-2026Q2-C0112,D008-C0112,2026-06-20,2026Q2,false,22454.01,桂中,erp:order:O-D008-2026Q2-C0112
tenant-demo,D008,经销商08,O-D008-2026Q1-C0113,D008-C0113,2026-01-25,2026Q1,true,45915.0,桂中,erp:order:O-D008-2026Q1-C0113
tenant-demo,D008,经销商08,O-D008-2026Q2-C0113,D008-C0113,2026-06-27,2026Q2,false,49997.92,桂中,erp:order:O-D008-2026Q2-C0113
tenant-demo,D008,经销商08,O-D008-2026Q1-C0114,D008-C0114,2026-02-28,2026Q1,false,27362.12,桂中,erp:order:O-D008-2026Q1-C0114
tenant-demo,D008,经销商08,O-D008-2026Q2-C0114,D008-C0114,2026-05-28,2026Q2,false,27687.8,桂中,erp:order:O-D008-2026Q2-C0114
tenant-demo,D008,经销商08,O-D008-2026Q1-C0115,D008-C0115,2026-01-23,2026Q1,true,41534.69,桂中,erp:order:O-D008-2026Q1-C0115
tenant-demo,D008,经销商08,O-D008-2026Q2-C0115,D008-C0115,2026-05-19,2026Q2,false,41469.95,桂中,erp:order:O-D008-2026Q2-C0115
tenant-demo,D008,经销商08,O-D008-2026Q1-C0116,D008-C0116,2026-03-24,2026Q1,true,44247.79,桂中,erp:order:O-D008-2026Q1-C0116
tenant-demo,D008,经销商08,O-D008-2026Q2-C0116,D008-C0116,2026-06-01,2026Q2,false,48884.99,桂中,erp:order:O-D008-2026Q2-C0116
tenant-demo,D008,经销商08,O-D008-2026Q1-C0117,D008-C0117,2026-02-02,2026Q1,false,29192.93,桂中,erp:order:O-D008-2026Q1-C0117
tenant-demo,D008,经销商08,O-D008-2026Q2-C0117,D008-C0117,2026-05-11,2026Q2,false,31493.21,桂中,erp:order:O-D008-2026Q2-C0117
tenant-demo,D008,经销商08,O-D008-2026Q1-C0118,D008-C0118,2026-01-11,2026Q1,true,41765.24,桂中,erp:order:O-D008-2026Q1-C0118
tenant-demo,D008,经销商08,O-D008-2026Q2-C0118,D008-C0118,2026-05-11,2026Q2,false,41568.54,桂中,erp:order:O-D008-2026Q2-C0118
tenant-demo,D008,经销商08,O-D008-2026Q1-C0119,D008-C0119,2026-02-11,2026Q1,true,32632.85,桂中,erp:order:O-D008-2026Q1-C0119
tenant-demo,D008,经销商08,O-D008-2026Q2-C0119,D008-C0119,2026-05-11,2026Q2,true,32015.32,桂中,erp:order:O-D008-2026Q2-C0119
tenant-demo,D008,经销商08,O-D008-2026Q1-C0120,D008-C0120,2026-03-05,2026Q1,true,47992.4,桂中,erp:order:O-D008-2026Q1-C0120
tenant-demo,D008,经销商08,O-D008-2026Q2-C0120,D008-C0120,2026-05-16,2026Q2,true,8539.24,桂中,erp:order:O-D008-2026Q2-C0120
tenant-demo,D008,经销商08,O-D008-2026Q1-C0121,D008-C0121,2026-01-27,2026Q1,true,19195.5,桂中,erp:order:O-D008-2026Q1-C0121
tenant-demo,D008,经销商08,O-D008-2026Q2-C0121,D008-C0121,2026-05-05,2026Q2,false,33503.32,桂中,erp:order:O-D008-2026Q2-C0121
tenant-demo,D008,经销商08,O-D008-2026Q1-C0122,D008-C0122,2026-03-19,2026Q1,false,36863.96,桂中,erp:order:O-D008-2026Q1-C0122
tenant-demo,D008,经销商08,O-D008-2026Q2-C0122,D008-C0122,2026-04-23,2026Q2,true,31689.35,桂中,erp:order:O-D008-2026Q2-C0122
tenant-demo,D008,经销商08,O-D008-2026Q1-C0123,D008-C0123,2026-01-05,2026Q1,false,26978.73,桂中,erp:order:O-D008-2026Q1-C0123
tenant-demo,D008,经销商08,O-D008-2026Q2-C0123,D008-C0123,2026-04-07,2026Q2,false,27398.52,桂中,erp:order:O-D008-2026Q2-C0123
tenant-demo,D008,经销商08,O-D008-2026Q1-C0124,D008-C0124,2026-02-04,2026Q1,false,15396.69,桂中,erp:order:O-D008-2026Q1-C0124
tenant-demo,D008,经销商08,O-D008-2026Q2-C0124,D008-C0124,2026-06-03,2026Q2,true,37801.06,桂中,erp:order:O-D008-2026Q2-C0124
tenant-demo,D008,经销商08,O-D008-2026Q1-C0125,D008-C0125,2026-01-17,2026Q1,true,44431.93,桂中,erp:order:O-D008-2026Q1-C0125
tenant-demo,D008,经销商08,O-D008-2026Q2-C0125,D008-C0125,2026-04-04,2026Q2,true,28501.78,桂中,erp:order:O-D008-2026Q2-C0125
tenant-demo,D008,经销商08,O-D008-2026Q1-C0126,D008-C0126,2026-02-10,2026Q1,true,24309.45,桂中,erp:order:O-D008-2026Q1-C0126
tenant-demo,D008,经销商08,O-D008-2026Q2-C0126,D008-C0126,2026-05-03,2026Q2,false,35086.97,桂中,erp:order:O-D008-2026Q2-C0126
tenant-demo,D008,经销商08,O-D008-2026Q1-C0127,D008-C0127,2026-03-06,2026Q1,true,26377.29,桂中,erp:order:O-D008-2026Q1-C0127
tenant-demo,D008,经销商08,O-D008-2026Q2-C0127,D008-C0127,2026-06-12,2026Q2,true,46072.71,桂中,erp:order:O-D008-2026Q2-C0127
tenant-demo,D008,经销商08,O-D008-2026Q1-C0128,D008-C0128,2026-02-23,2026Q1,true,40131.38,桂中,erp:order:O-D008-2026Q1-C0128
tenant-demo,D008,经销商08,O-D008-2026Q2-C0128,D008-C0128,2026-06-26,2026Q2,true,41419.04,桂中,erp:order:O-D008-2026Q2-C0128
tenant-demo,D008,经销商08,O-D008-2026Q1-C0129,D008-C0129,2026-02-20,2026Q1,false,45132.39,桂中,erp:order:O-D008-2026Q1-C0129
tenant-demo,D008,经销商08,O-D008-2026Q2-C0129,D008-C0129,2026-05-15,2026Q2,false,23323.28,桂中,erp:order:O-D008-2026Q2-C0129
tenant-demo,D008,经销商08,O-D008-2026Q1-C0130,D008-C0130,2026-01-20,2026Q1,false,46489.04,桂中,erp:order:O-D008-2026Q1-C0130
tenant-demo,D008,经销商08,O-D008-2026Q2-C0130,D008-C0130,2026-05-05,2026Q2,false,21338.09,桂中,erp:order:O-D008-2026Q2-C0130
tenant-demo,D008,经销商08,O-D008-2026Q1-C0131,D008-C0131,2026-02-07,2026Q1,true,45306.46,桂中,erp:order:O-D008-2026Q1-C0131
tenant-demo,D008,经销商08,O-D008-2026Q2-C0131,D008-C0131,2026-06-05,2026Q2,true,22456.16,桂中,erp:order:O-D008-2026Q2-C0131
tenant-demo,D008,经销商08,O-D008-2026Q1-C0132,D008-C0132,2026-03-27,2026Q1,false,47013.07,桂中,erp:order:O-D008-2026Q1-C0132
tenant-demo,D008,经销商08,O-D008-2026Q2-C0132,D008-C0132,2026-04-24,2026Q2,true,36893.28,桂中,erp:order:O-D008-2026Q2-C0132
tenant-demo,D008,经销商08,O-D008-2026Q1-C0133,D008-C0133,2026-01-01,2026Q1,true,32094.71,桂中,erp:order:O-D008-2026Q1-C0133
tenant-demo,D008,经销商08,O-D008-2026Q2-C0133,D008-C0133,2026-06-06,2026Q2,true,15932.8,桂中,erp:order:O-D008-2026Q2-C0133
tenant-demo,D008,经销商08,O-D008-2026Q1-C0134,D008-C0134,2026-03-06,2026Q1,false,45573.62,桂中,erp:order:O-D008-2026Q1-C0134
tenant-demo,D008,经销商08,O-D008-2026Q2-C0134,D008-C0134,2026-04-19,2026Q2,false,31968.44,桂中,erp:order:O-D008-2026Q2-C0134
tenant-demo,D008,经销商08,O-D008-2026Q1-C0135,D008-C0135,2026-03-23,2026Q1,false,25860.3,桂中,erp:order:O-D008-2026Q1-C0135
tenant-demo,D008,经销商08,O-D008-2026Q2-C0135,D008-C0135,2026-05-06,2026Q2,true,41074.82,桂中,erp:order:O-D008-2026Q2-C0135
tenant-demo,D008,经销商08,O-D008-2026Q1-C0136,D008-C0136,2026-03-26,2026Q1,true,49226.45,桂中,erp:order:O-D008-2026Q1-C0136
tenant-demo,D008,经销商08,O-D008-2026Q2-C0136,D008-C0136,2026-06-04,2026Q2,false,39185.48,桂中,erp:order:O-D008-2026Q2-C0136
tenant-demo,D008,经销商08,O-D008-2026Q1-C0137,D008-C0137,2026-03-07,2026Q1,false,16238.29,桂中,erp:order:O-D008-2026Q1-C0137
tenant-demo,D008,经销商08,O-D008-2026Q2-C0137,D008-C0137,2026-06-13,2026Q2,true,21434.07,桂中,erp:order:O-D008-2026Q2-C0137
tenant-demo,D008,经销商08,O-D008-2026Q1-C0138,D008-C0138,2026-02-05,2026Q1,true,23150.24,桂中,erp:order:O-D008-2026Q1-C0138
tenant-demo,D008,经销商08,O-D008-2026Q2-C0138,D008-C0138,2026-05-03,2026Q2,true,17822.42,桂中,erp:order:O-D008-2026Q2-C0138
tenant-demo,D008,经销商08,O-D008-2026Q1-C0139,D008-C0139,2026-02-18,2026Q1,false,48475.72,桂中,erp:order:O-D008-2026Q1-C0139
tenant-demo,D008,经销商08,O-D008-2026Q2-C0139,D008-C0139,2026-04-17,2026Q2,true,48536.28,桂中,erp:order:O-D008-2026Q2-C0139
tenant-demo,D008,经销商08,O-D008-2026Q1-C0140,D008-C0140,2026-03-08,2026Q1,false,17032.52,桂中,erp:order:O-D008-2026Q1-C0140
tenant-demo,D008,经销商08,O-D008-2026Q2-C0140,D008-C0140,2026-06-24,2026Q2,false,22078.19,桂中,erp:order:O-D008-2026Q2-C0140
tenant-demo,D008,经销商08,O-D008-2026Q1-C0141,D008-C0141,2026-03-15,2026Q1,false,32946.49,桂中,erp:order:O-D008-2026Q1-C0141
tenant-demo,D008,经销商08,O-D008-2026Q2-C0141,D008-C0141,2026-06-27,2026Q2,true,13009.59,桂中,erp:order:O-D008-2026Q2-C0141
tenant-demo,D008,经销商08,O-D008-2026Q1-C0142,D008-C0142,2026-03-17,2026Q1,false,37003.8,桂中,erp:order:O-D008-2026Q1-C0142
tenant-demo,D008,经销商08,O-D008-2026Q2-C0142,D008-C0142,2026-04-16,2026Q2,false,25626.34,桂中,erp:order:O-D008-2026Q2-C0142
tenant-demo,D008,经销商08,O-D008-2026Q1-C0143,D008-C0143,2026-02-10,2026Q1,true,12266.75,桂中,erp:order:O-D008-2026Q1-C0143
tenant-demo,D008,经销商08,O-D008-2026Q2-C0143,D008-C0143,2026-04-19,2026Q2,true,33509.25,桂中,erp:order:O-D008-2026Q2-C0143
tenant-demo,D008,经销商08,O-D008-2026Q1-C0144,D008-C0144,2026-01-27,2026Q1,false,42398.09,桂中,erp:order:O-D008-2026Q1-C0144
tenant-demo,D008,经销商08,O-D008-2026Q2-C0144,D008-C0144,2026-04-09,2026Q2,false,16548.64,桂中,erp:order:O-D008-2026Q2-C0144
tenant-demo,D008,经销商08,O-D008-2026Q1-C0145,D008-C0145,2026-03-27,2026Q1,true,19387.59,桂中,erp:order:O-D008-2026Q1-C0145
tenant-demo,D008,经销商08,O-D008-2026Q2-C0145,D008-C0145,2026-05-17,2026Q2,true,37208.98,桂中,erp:order:O-D008-2026Q2-C0145
tenant-demo,D008,经销商08,O-D008-2026Q1-C0146,D008-C0146,2026-01-13,2026Q1,false,14830.19,桂中,erp:order:O-D008-2026Q1-C0146
tenant-demo,D008,经销商08,O-D008-2026Q2-C0146,D008-C0146,2026-06-16,2026Q2,false,9308.76,桂中,erp:order:O-D008-2026Q2-C0146
tenant-demo,D008,经销商08,O-D008-2026Q1-C0147,D008-C0147,2026-02-04,2026Q1,true,9691.42,桂中,erp:order:O-D008-2026Q1-C0147
tenant-demo,D008,经销商08,O-D008-2026Q2-C0147,D008-C0147,2026-06-12,2026Q2,true,35836.83,桂中,erp:order:O-D008-2026Q2-C0147
tenant-demo,D008,经销商08,O-D008-2026Q1-C0148,D008-C0148,2026-03-16,2026Q1,false,17971.11,桂中,erp:order:O-D008-2026Q1-C0148
tenant-demo,D008,经销商08,O-D008-2026Q2-C0148,D008-C0148,2026-04-05,2026Q2,false,32902.83,桂中,erp:order:O-D008-2026Q2-C0148
tenant-demo,D008,经销商08,O-D008-2026Q1-C0149,D008-C0149,2026-03-15,2026Q1,false,15820.22,桂中,erp:order:O-D008-2026Q1-C0149
tenant-demo,D008,经销商08,O-D008-2026Q2-C0149,D008-C0149,2026-06-14,2026Q2,false,11453.2,桂中,erp:order:O-D008-2026Q2-C0149
tenant-demo,D008,经销商08,O-D008-2026Q1-C0150,D008-C0150,2026-01-03,2026Q1,true,28653.52,桂中,erp:order:O-D008-2026Q1-C0150
tenant-demo,D008,经销商08,O-D008-2026Q2-C0150,D008-C0150,2026-05-26,2026Q2,false,11218.97,桂中,erp:order:O-D008-2026Q2-C0150
tenant-demo,D008,经销商08,O-D008-2026Q1-C0151,D008-C0151,2026-01-28,2026Q1,false,42741.29,桂中,erp:order:O-D008-2026Q1-C0151
tenant-demo,D008,经销商08,O-D008-2026Q2-C0151,D008-C0151,2026-04-25,2026Q2,false,42553.98,桂中,erp:order:O-D008-2026Q2-C0151
tenant-demo,D008,经销商08,O-D008-2026Q1-C0152,D008-C0152,2026-03-21,2026Q1,false,12937.16,桂中,erp:order:O-D008-2026Q1-C0152
tenant-demo,D008,经销商08,O-D008-2026Q2-C0152,D008-C0152,2026-04-26,2026Q2,false,42531.82,桂中,erp:order:O-D008-2026Q2-C0152
tenant-demo,D008,经销商08,O-D008-2026Q1-C0153,D008-C0153,2026-03-13,2026Q1,true,23892.42,桂中,erp:order:O-D008-2026Q1-C0153
tenant-demo,D008,经销商08,O-D008-2026Q2-C0153,D008-C0153,2026-06-18,2026Q2,true,31228.36,桂中,erp:order:O-D008-2026Q2-C0153
tenant-demo,D008,经销商08,O-D008-2026Q1-C0154,D008-C0154,2026-01-13,2026Q1,false,13322.42,桂中,erp:order:O-D008-2026Q1-C0154
tenant-demo,D008,经销商08,O-D008-2026Q2-C0154,D008-C0154,2026-06-11,2026Q2,false,24123.11,桂中,erp:order:O-D008-2026Q2-C0154
tenant-demo,D008,经销商08,O-D008-2026Q1-C0155,D008-C0155,2026-01-23,2026Q1,false,44566.43,桂中,erp:order:O-D008-2026Q1-C0155
tenant-demo,D008,经销商08,O-D008-2026Q2-C0155,D008-C0155,2026-05-28,2026Q2,true,29293.75,桂中,erp:order:O-D008-2026Q2-C0155
tenant-demo,D008,经销商08,O-D008-2026Q1-C0156,D008-C0156,2026-02-06,2026Q1,false,19354.81,桂中,erp:order:O-D008-2026Q1-C0156
tenant-demo,D008,经销商08,O-D008-2026Q2-C0156,D008-C0156,2026-06-24,2026Q2,false,35528.48,桂中,erp:order:O-D008-2026Q2-C0156
tenant-demo,D008,经销商08,O-D008-2026Q1-C0157,D008-C0157,2026-01-07,2026Q1,false,30948.12,桂中,erp:order:O-D008-2026Q1-C0157
tenant-demo,D008,经销商08,O-D008-2026Q2-C0157,D008-C0157,2026-06-01,2026Q2,false,22414.68,桂中,erp:order:O-D008-2026Q2-C0157
tenant-demo,D008,经销商08,O-D008-2026Q1-C0158,D008-C0158,2026-01-25,2026Q1,false,14186.57,桂中,erp:order:O-D008-2026Q1-C0158
tenant-demo,D008,经销商08,O-D008-2026Q2-C0158,D008-C0158,2026-05-27,2026Q2,false,13736.13,桂中,erp:order:O-D008-2026Q2-C0158
tenant-demo,D008,经销商08,O-D008-2026Q1-C0159,D008-C0159,2026-01-07,2026Q1,false,10141.05,桂中,erp:order:O-D008-2026Q1-C0159
tenant-demo,D008,经销商08,O-D008-2026Q2-C0159,D008-C0159,2026-05-27,2026Q2,true,36536.35,桂中,erp:order:O-D008-2026Q2-C0159
tenant-demo,D008,经销商08,O-D008-2026Q1-C0160,D008-C0160,2026-03-12,2026Q1,false,34722.47,桂中,erp:order:O-D008-2026Q1-C0160
tenant-demo,D008,经销商08,O-D008-2026Q2-C0160,D008-C0160,2026-05-21,2026Q2,false,18631.69,桂中,erp:order:O-D008-2026Q2-C0160
tenant-demo,D008,经销商08,O-D008-2026Q1-C0161,D008-C0161,2026-03-20,2026Q1,true,39853.66,桂中,erp:order:O-D008-2026Q1-C0161
tenant-demo,D008,经销商08,O-D008-2026Q2-C0161,D008-C0161,2026-05-01,2026Q2,true,11630.85,桂中,erp:order:O-D008-2026Q2-C0161
tenant-demo,D008,经销商08,O-D008-2026Q1-C0162,D008-C0162,2026-02-11,2026Q1,true,45774.8,桂中,erp:order:O-D008-2026Q1-C0162
tenant-demo,D008,经销商08,O-D008-2026Q2-C0162,D008-C0162,2026-06-02,2026Q2,true,47966.89,桂中,erp:order:O-D008-2026Q2-C0162
tenant-demo,D008,经销商08,O-D008-2026Q1-C0163,D008-C0163,2026-01-13,2026Q1,true,17256.27,桂中,erp:order:O-D008-2026Q1-C0163
tenant-demo,D008,经销商08,O-D008-2026Q2-C0163,D008-C0163,2026-06-11,2026Q2,false,10732.27,桂中,erp:order:O-D008-2026Q2-C0163
tenant-demo,D008,经销商08,O-D008-2026Q1-C0164,D008-C0164,2026-01-15,2026Q1,true,43566.86,桂中,erp:order:O-D008-2026Q1-C0164
tenant-demo,D008,经销商08,O-D008-2026Q2-C0164,D008-C0164,2026-06-17,2026Q2,false,11624.98,桂中,erp:order:O-D008-2026Q2-C0164
tenant-demo,D008,经销商08,O-D008-2026Q1-C0165,D008-C0165,2026-03-12,2026Q1,true,11254.76,桂中,erp:order:O-D008-2026Q1-C0165
tenant-demo,D008,经销商08,O-D008-2026Q2-C0165,D008-C0165,2026-04-27,2026Q2,false,47741.72,桂中,erp:order:O-D008-2026Q2-C0165
tenant-demo,D008,经销商08,O-D008-2026Q1-C0166,D008-C0166,2026-01-23,2026Q1,false,13134.54,桂中,erp:order:O-D008-2026Q1-C0166
tenant-demo,D008,经销商08,O-D008-2026Q2-C0166,D008-C0166,2026-06-22,2026Q2,false,38703.17,桂中,erp:order:O-D008-2026Q2-C0166
tenant-demo,D008,经销商08,O-D008-2026Q1-C0167,D008-C0167,2026-02-12,2026Q1,true,29193.37,桂中,erp:order:O-D008-2026Q1-C0167
tenant-demo,D008,经销商08,O-D008-2026Q2-C0167,D008-C0167,2026-05-10,2026Q2,false,9330.6,桂中,erp:order:O-D008-2026Q2-C0167
tenant-demo,D008,经销商08,O-D008-2026Q1-C0168,D008-C0168,2026-02-27,2026Q1,false,45714.27,桂中,erp:order:O-D008-2026Q1-C0168
tenant-demo,D008,经销商08,O-D008-2026Q2-C0168,D008-C0168,2026-05-08,2026Q2,true,14024.94,桂中,erp:order:O-D008-2026Q2-C0168
tenant-demo,D008,经销商08,O-D008-2026Q1-C0169,D008-C0169,2026-01-17,2026Q1,false,37761.3,桂中,erp:order:O-D008-2026Q1-C0169
tenant-demo,D008,经销商08,O-D008-2026Q2-C0169,D008-C0169,2026-04-15,2026Q2,false,26007.45,桂中,erp:order:O-D008-2026Q2-C0169
tenant-demo,D008,经销商08,O-D008-2026Q1-C0170,D008-C0170,2026-01-01,2026Q1,true,17046.14,桂中,erp:order:O-D008-2026Q1-C0170
tenant-demo,D008,经销商08,O-D008-2026Q2-C0170,D008-C0170,2026-05-02,2026Q2,false,24290.68,桂中,erp:order:O-D008-2026Q2-C0170
tenant-demo,D008,经销商08,O-D008-2026Q1-C0171,D008-C0171,2026-02-04,2026Q1,false,6881.86,桂中,erp:order:O-D008-2026Q1-C0171
tenant-demo,D008,经销商08,O-D008-2026Q2-C0171,D008-C0171,2026-05-20,2026Q2,false,38517.81,桂中,erp:order:O-D008-2026Q2-C0171
tenant-demo,D008,经销商08,O-D008-2026Q1-C0172,D008-C0172,2026-02-08,2026Q1,false,42497.11,桂中,erp:order:O-D008-2026Q1-C0172
tenant-demo,D008,经销商08,O-D008-2026Q2-C0172,D008-C0172,2026-06-05,2026Q2,true,34510.38,桂中,erp:order:O-D008-2026Q2-C0172
tenant-demo,D008,经销商08,O-D008-2026Q1-C0173,D008-C0173,2026-03-15,2026Q1,true,41450.15,桂中,erp:order:O-D008-2026Q1-C0173
tenant-demo,D008,经销商08,O-D008-2026Q2-C0173,D008-C0173,2026-05-01,2026Q2,true,8050.2,桂中,erp:order:O-D008-2026Q2-C0173
tenant-demo,D008,经销商08,O-D008-2026Q1-C0174,D008-C0174,2026-03-14,2026Q1,true,24935.44,桂中,erp:order:O-D008-2026Q1-C0174
tenant-demo,D008,经销商08,O-D008-2026Q2-C0174,D008-C0174,2026-06-27,2026Q2,true,23297.16,桂中,erp:order:O-D008-2026Q2-C0174
tenant-demo,D008,经销商08,O-D008-2026Q1-C0175,D008-C0175,2026-02-16,2026Q1,false,26225.68,桂中,erp:order:O-D008-2026Q1-C0175
tenant-demo,D008,经销商08,O-D008-2026Q2-C0175,D008-C0175,2026-04-01,2026Q2,true,23995.3,桂中,erp:order:O-D008-2026Q2-C0175
tenant-demo,D008,经销商08,O-D008-2026Q1-C0176,D008-C0176,2026-01-01,2026Q1,true,44786.12,桂中,erp:order:O-D008-2026Q1-C0176
tenant-demo,D008,经销商08,O-D008-2026Q2-C0176,D008-C0176,2026-06-27,2026Q2,false,7181.48,桂中,erp:order:O-D008-2026Q2-C0176
tenant-demo,D008,经销商08,O-D008-2026Q1-C0177,D008-C0177,2026-01-27,2026Q1,true,10033.54,桂中,erp:order:O-D008-2026Q1-C0177
tenant-demo,D008,经销商08,O-D008-2026Q2-C0177,D008-C0177,2026-06-15,2026Q2,false,42144.67,桂中,erp:order:O-D008-2026Q2-C0177
tenant-demo,D008,经销商08,O-D008-2026Q1-C0178,D008-C0178,2026-02-21,2026Q1,true,14021.3,桂中,erp:order:O-D008-2026Q1-C0178
tenant-demo,D008,经销商08,O-D008-2026Q2-C0178,D008-C0178,2026-06-18,2026Q2,false,43595.64,桂中,erp:order:O-D008-2026Q2-C0178
tenant-demo,D008,经销商08,O-D008-2026Q1-C0179,D008-C0179,2026-01-16,2026Q1,false,25062.43,桂中,erp:order:O-D008-2026Q1-C0179
tenant-demo,D008,经销商08,O-D008-2026Q2-C0179,D008-C0179,2026-05-18,2026Q2,false,17550.43,桂中,erp:order:O-D008-2026Q2-C0179
tenant-demo,D008,经销商08,O-D008-2026Q1-C0180,D008-C0180,2026-02-24,2026Q1,true,47037.57,桂中,erp:order:O-D008-2026Q1-C0180
tenant-demo,D008,经销商08,O-D008-2026Q2-C0180,D008-C0180,2026-06-17,2026Q2,true,5771.23,桂中,erp:order:O-D008-2026Q2-C0180
tenant-demo,D008,经销商08,O-D008-2026Q1-C0181,D008-C0181,2026-03-18,2026Q1,false,44954.31,桂中,erp:order:O-D008-2026Q1-C0181
tenant-demo,D008,经销商08,O-D008-2026Q2-C0181,D008-C0181,2026-06-26,2026Q2,false,23866.87,桂中,erp:order:O-D008-2026Q2-C0181
tenant-demo,D008,经销商08,O-D008-2026Q1-C0182,D008-C0182,2026-03-26,2026Q1,false,22333.11,桂中,erp:order:O-D008-2026Q1-C0182
tenant-demo,D008,经销商08,O-D008-2026Q2-C0182,D008-C0182,2026-04-12,2026Q2,true,32535.51,桂中,erp:order:O-D008-2026Q2-C0182
tenant-demo,D008,经销商08,O-D008-2026Q1-C0183,D008-C0183,2026-02-15,2026Q1,true,39063.49,桂中,erp:order:O-D008-2026Q1-C0183
tenant-demo,D008,经销商08,O-D008-2026Q2-C0183,D008-C0183,2026-06-15,2026Q2,false,27742.22,桂中,erp:order:O-D008-2026Q2-C0183
tenant-demo,D008,经销商08,O-D008-2026Q1-C0184,D008-C0184,2026-03-10,2026Q1,true,33241.73,桂中,erp:order:O-D008-2026Q1-C0184
tenant-demo,D008,经销商08,O-D008-2026Q2-C0184,D008-C0184,2026-05-23,2026Q2,false,14440.45,桂中,erp:order:O-D008-2026Q2-C0184
tenant-demo,D008,经销商08,O-D008-2026Q1-C0185,D008-C0185,2026-02-04,2026Q1,false,47646.69,桂中,erp:order:O-D008-2026Q1-C0185
tenant-demo,D008,经销商08,O-D008-2026Q2-C0185,D008-C0185,2026-05-03,2026Q2,true,23361.34,桂中,erp:order:O-D008-2026Q2-C0185
tenant-demo,D008,经销商08,O-D008-2026Q1-C0186,D008-C0186,2026-02-18,2026Q1,true,13050.16,桂中,erp:order:O-D008-2026Q1-C0186
tenant-demo,D008,经销商08,O-D008-2026Q2-C0186,D008-C0186,2026-05-16,2026Q2,false,18129.82,桂中,erp:order:O-D008-2026Q2-C0186
tenant-demo,D008,经销商08,O-D008-2026Q1-C0187,D008-C0187,2026-03-10,2026Q1,false,28796.17,桂中,erp:order:O-D008-2026Q1-C0187
tenant-demo,D008,经销商08,O-D008-2026Q2-C0187,D008-C0187,2026-04-15,2026Q2,true,22443.61,桂中,erp:order:O-D008-2026Q2-C0187
tenant-demo,D008,经销商08,O-D008-2026Q1-C0188,D008-C0188,2026-01-22,2026Q1,false,28415.89,桂中,erp:order:O-D008-2026Q1-C0188
tenant-demo,D008,经销商08,O-D008-2026Q2-C0188,D008-C0188,2026-04-13,2026Q2,true,29282.7,桂中,erp:order:O-D008-2026Q2-C0188
tenant-demo,D008,经销商08,O-D008-2026Q1-C0189,D008-C0189,2026-01-12,2026Q1,true,16501.29,桂中,erp:order:O-D008-2026Q1-C0189
tenant-demo,D008,经销商08,O-D008-2026Q2-C0189,D008-C0189,2026-05-14,2026Q2,false,41533.52,桂中,erp:order:O-D008-2026Q2-C0189
tenant-demo,D008,经销商08,O-D008-2026Q1-C0190,D008-C0190,2026-02-28,2026Q1,true,18400.06,桂中,erp:order:O-D008-2026Q1-C0190
tenant-demo,D008,经销商08,O-D008-2026Q2-C0190,D008-C0190,2026-05-19,2026Q2,false,20618.5,桂中,erp:order:O-D008-2026Q2-C0190
tenant-demo,D008,经销商08,O-D008-2026Q1-C0191,D008-C0191,2026-01-01,2026Q1,true,26802.66,桂中,erp:order:O-D008-2026Q1-C0191
tenant-demo,D008,经销商08,O-D008-2026Q2-C0191,D008-C0191,2026-06-24,2026Q2,true,24263.93,桂中,erp:order:O-D008-2026Q2-C0191
tenant-demo,D008,经销商08,O-D008-2026Q1-C0192,D008-C0192,2026-02-27,2026Q1,false,44599.55,桂中,erp:order:O-D008-2026Q1-C0192
tenant-demo,D008,经销商08,O-D008-2026Q2-C0192,D008-C0192,2026-05-11,2026Q2,false,9537.59,桂中,erp:order:O-D008-2026Q2-C0192
tenant-demo,D008,经销商08,O-D008-2026Q1-C0193,D008-C0193,2026-02-04,2026Q1,true,30886.49,桂中,erp:order:O-D008-2026Q1-C0193
tenant-demo,D008,经销商08,O-D008-2026Q2-C0193,D008-C0193,2026-06-09,2026Q2,true,34438.92,桂中,erp:order:O-D008-2026Q2-C0193
tenant-demo,D008,经销商08,O-D008-2026Q1-C0194,D008-C0194,2026-02-21,2026Q1,false,39690.02,桂中,erp:order:O-D008-2026Q1-C0194
tenant-demo,D008,经销商08,O-D008-2026Q2-C0194,D008-C0194,2026-05-01,2026Q2,false,22864.38,桂中,erp:order:O-D008-2026Q2-C0194
tenant-demo,D008,经销商08,O-D008-2026Q1-C0195,D008-C0195,2026-02-04,2026Q1,true,20146.11,桂中,erp:order:O-D008-2026Q1-C0195
tenant-demo,D008,经销商08,O-D008-2026Q2-C0195,D008-C0195,2026-06-25,2026Q2,false,17775.97,桂中,erp:order:O-D008-2026Q2-C0195
tenant-demo,D008,经销商08,O-D008-2026Q1-C0196,D008-C0196,2026-02-09,2026Q1,false,20167.87,桂中,erp:order:O-D008-2026Q1-C0196
tenant-demo,D008,经销商08,O-D008-2026Q2-C0196,D008-C0196,2026-04-14,2026Q2,false,27571.02,桂中,erp:order:O-D008-2026Q2-C0196
tenant-demo,D008,经销商08,O-D008-2026Q1-C0197,D008-C0197,2026-03-03,2026Q1,true,47615.35,桂中,erp:order:O-D008-2026Q1-C0197
tenant-demo,D008,经销商08,O-D008-2026Q2-C0197,D008-C0197,2026-06-06,2026Q2,false,14533.81,桂中,erp:order:O-D008-2026Q2-C0197
tenant-demo,D008,经销商08,O-D008-2026Q1-C0198,D008-C0198,2026-03-13,2026Q1,true,30403.19,桂中,erp:order:O-D008-2026Q1-C0198
tenant-demo,D008,经销商08,O-D008-2026Q2-C0198,D008-C0198,2026-04-17,2026Q2,true,19356.51,桂中,erp:order:O-D008-2026Q2-C0198
tenant-demo,D008,经销商08,O-D008-2026Q1-C0199,D008-C0199,2026-03-28,2026Q1,false,15363.16,桂中,erp:order:O-D008-2026Q1-C0199
tenant-demo,D008,经销商08,O-D008-2026Q2-C0199,D008-C0199,2026-04-24,2026Q2,true,10940.68,桂中,erp:order:O-D008-2026Q2-C0199
tenant-demo,D008,经销商08,O-D008-2026Q1-C0200,D008-C0200,2026-03-15,2026Q1,true,10127.83,桂中,erp:order:O-D008-2026Q1-C0200
tenant-demo,D008,经销商08,O-D008-2026Q2-C0200,D008-C0200,2026-04-19,2026Q2,true,26253.96,桂中,erp:order:O-D008-2026Q2-C0200
tenant-demo,D008,经销商08,O-D008-2026Q1-C0201,D008-C0201,2026-02-09,2026Q1,false,33858.09,桂中,erp:order:O-D008-2026Q1-C0201
tenant-demo,D008,经销商08,O-D008-2026Q2-C0201,D008-C0201,2026-06-19,2026Q2,false,27492.08,桂中,erp:order:O-D008-2026Q2-C0201
tenant-demo,D008,经销商08,O-D008-2026Q1-C0202,D008-C0202,2026-01-27,2026Q1,true,39613.65,桂中,erp:order:O-D008-2026Q1-C0202
tenant-demo,D008,经销商08,O-D008-2026Q2-C0202,D008-C0202,2026-05-05,2026Q2,false,35567.51,桂中,erp:order:O-D008-2026Q2-C0202
tenant-demo,D008,经销商08,O-D008-2026Q1-C0203,D008-C0203,2026-03-08,2026Q1,false,14992.57,桂中,erp:order:O-D008-2026Q1-C0203
tenant-demo,D008,经销商08,O-D008-2026Q2-C0203,D008-C0203,2026-05-06,2026Q2,true,36422.56,桂中,erp:order:O-D008-2026Q2-C0203
tenant-demo,D008,经销商08,O-D008-2026Q1-C0204,D008-C0204,2026-02-05,2026Q1,true,42774.05,桂中,erp:order:O-D008-2026Q1-C0204
tenant-demo,D008,经销商08,O-D008-2026Q2-C0204,D008-C0204,2026-05-14,2026Q2,false,43833.0,桂中,erp:order:O-D008-2026Q2-C0204
tenant-demo,D008,经销商08,O-D008-2026Q1-C0205,D008-C0205,2026-02-03,2026Q1,false,17964.81,桂中,erp:order:O-D008-2026Q1-C0205
tenant-demo,D008,经销商08,O-D008-2026Q2-C0205,D008-C0205,2026-05-27,2026Q2,true,7818.16,桂中,erp:order:O-D008-2026Q2-C0205
tenant-demo,D008,经销商08,O-D008-2026Q1-C0206,D008-C0206,2026-03-28,2026Q1,true,7730.9,桂中,erp:order:O-D008-2026Q1-C0206
tenant-demo,D008,经销商08,O-D008-2026Q2-C0206,D008-C0206,2026-06-25,2026Q2,false,31873.19,桂中,erp:order:O-D008-2026Q2-C0206
tenant-demo,D008,经销商08,O-D008-2026Q1-C0207,D008-C0207,2026-01-17,2026Q1,false,43586.59,桂中,erp:order:O-D008-2026Q1-C0207
tenant-demo,D008,经销商08,O-D008-2026Q2-C0207,D008-C0207,2026-06-28,2026Q2,false,36373.12,桂中,erp:order:O-D008-2026Q2-C0207
tenant-demo,D008,经销商08,O-D008-2026Q1-C0208,D008-C0208,2026-03-12,2026Q1,true,10611.79,桂中,erp:order:O-D008-2026Q1-C0208
tenant-demo,D008,经销商08,O-D008-2026Q2-C0208,D008-C0208,2026-04-24,2026Q2,false,48572.08,桂中,erp:order:O-D008-2026Q2-C0208
tenant-demo,D008,经销商08,O-D008-2026Q1-C0209,D008-C0209,2026-03-07,2026Q1,true,49436.58,桂中,erp:order:O-D008-2026Q1-C0209
tenant-demo,D008,经销商08,O-D008-2026Q2-C0209,D008-C0209,2026-04-14,2026Q2,true,33115.34,桂中,erp:order:O-D008-2026Q2-C0209
tenant-demo,D008,经销商08,O-D008-2026Q1-C0210,D008-C0210,2026-02-18,2026Q1,false,17541.78,桂中,erp:order:O-D008-2026Q1-C0210
tenant-demo,D008,经销商08,O-D008-2026Q2-C0210,D008-C0210,2026-06-21,2026Q2,false,23582.68,桂中,erp:order:O-D008-2026Q2-C0210
tenant-demo,D008,经销商08,O-D008-2026Q1-C0211,D008-C0211,2026-02-23,2026Q1,false,30431.01,桂中,erp:order:O-D008-2026Q1-C0211
tenant-demo,D008,经销商08,O-D008-2026Q2-C0211,D008-C0211,2026-05-12,2026Q2,false,42782.47,桂中,erp:order:O-D008-2026Q2-C0211
tenant-demo,D008,经销商08,O-D008-2026Q1-C0212,D008-C0212,2026-02-12,2026Q1,false,10243.05,桂中,erp:order:O-D008-2026Q1-C0212
tenant-demo,D008,经销商08,O-D008-2026Q2-C0212,D008-C0212,2026-04-05,2026Q2,false,6143.66,桂中,erp:order:O-D008-2026Q2-C0212
tenant-demo,D008,经销商08,O-D008-2026Q1-C0213,D008-C0213,2026-03-24,2026Q1,false,49985.56,桂中,erp:order:O-D008-2026Q1-C0213
tenant-demo,D008,经销商08,O-D008-2026Q2-C0213,D008-C0213,2026-05-06,2026Q2,true,41816.22,桂中,erp:order:O-D008-2026Q2-C0213
tenant-demo,D008,经销商08,O-D008-2026Q1-C0214,D008-C0214,2026-01-22,2026Q1,true,20718.41,桂中,erp:order:O-D008-2026Q1-C0214
tenant-demo,D008,经销商08,O-D008-2026Q2-C0214,D008-C0214,2026-06-13,2026Q2,true,24029.11,桂中,erp:order:O-D008-2026Q2-C0214
tenant-demo,D008,经销商08,O-D008-2026Q1-C0215,D008-C0215,2026-02-03,2026Q1,true,20119.66,桂中,erp:order:O-D008-2026Q1-C0215
tenant-demo,D008,经销商08,O-D008-2026Q2-C0215,D008-C0215,2026-05-27,2026Q2,false,8269.33,桂中,erp:order:O-D008-2026Q2-C0215
tenant-demo,D008,经销商08,O-D008-2026Q1-C0216,D008-C0216,2026-01-05,2026Q1,true,16991.77,桂中,erp:order:O-D008-2026Q1-C0216
tenant-demo,D008,经销商08,O-D008-2026Q2-C0216,D008-C0216,2026-04-02,2026Q2,false,45286.32,桂中,erp:order:O-D008-2026Q2-C0216
tenant-demo,D008,经销商08,O-D008-2026Q1-C0217,D008-C0217,2026-02-13,2026Q1,true,8238.79,桂中,erp:order:O-D008-2026Q1-C0217
tenant-demo,D008,经销商08,O-D008-2026Q2-C0217,D008-C0217,2026-06-20,2026Q2,true,47855.08,桂中,erp:order:O-D008-2026Q2-C0217
tenant-demo,D008,经销商08,O-D008-2026Q1-C0218,D008-C0218,2026-01-01,2026Q1,true,36435.22,桂中,erp:order:O-D008-2026Q1-C0218
tenant-demo,D008,经销商08,O-D008-2026Q2-C0218,D008-C0218,2026-05-25,2026Q2,true,37816.11,桂中,erp:order:O-D008-2026Q2-C0218
tenant-demo,D008,经销商08,O-D008-2026Q1-C0219,D008-C0219,2026-01-25,2026Q1,true,46538.01,桂中,erp:order:O-D008-2026Q1-C0219
tenant-demo,D008,经销商08,O-D008-2026Q2-C0219,D008-C0219,2026-05-06,2026Q2,false,17933.52,桂中,erp:order:O-D008-2026Q2-C0219
tenant-demo,D008,经销商08,O-D008-2026Q1-C0220,D008-C0220,2026-02-11,2026Q1,true,11489.87,桂中,erp:order:O-D008-2026Q1-C0220
tenant-demo,D008,经销商08,O-D008-2026Q2-C0220,D008-C0220,2026-06-24,2026Q2,true,19315.0,桂中,erp:order:O-D008-2026Q2-C0220
tenant-demo,D008,经销商08,O-D008-2026Q1-C0221,D008-C0221,2026-03-17,2026Q1,true,13008.35,桂中,erp:order:O-D008-2026Q1-C0221
tenant-demo,D008,经销商08,O-D008-2026Q2-C0221,D008-C0221,2026-04-03,2026Q2,false,16754.48,桂中,erp:order:O-D008-2026Q2-C0221
tenant-demo,D008,经销商08,O-D008-2026Q1-C0222,D008-C0222,2026-02-28,2026Q1,false,28869.24,桂中,erp:order:O-D008-2026Q1-C0222
tenant-demo,D008,经销商08,O-D008-2026Q2-C0222,D008-C0222,2026-05-15,2026Q2,false,43170.8,桂中,erp:order:O-D008-2026Q2-C0222
tenant-demo,D008,经销商08,O-D008-2026Q1-C0223,D008-C0223,2026-01-04,2026Q1,false,20113.28,桂中,erp:order:O-D008-2026Q1-C0223
tenant-demo,D008,经销商08,O-D008-2026Q2-C0223,D008-C0223,2026-06-26,2026Q2,false,34072.84,桂中,erp:order:O-D008-2026Q2-C0223
tenant-demo,D008,经销商08,O-D008-2026Q1-C0224,D008-C0224,2026-01-10,2026Q1,false,23371.77,桂中,erp:order:O-D008-2026Q1-C0224
tenant-demo,D008,经销商08,O-D008-2026Q2-C0224,D008-C0224,2026-06-18,2026Q2,true,6782.79,桂中,erp:order:O-D008-2026Q2-C0224
tenant-demo,D008,经销商08,O-D008-2026Q1-C0225,D008-C0225,2026-02-09,2026Q1,true,23035.89,桂中,erp:order:O-D008-2026Q1-C0225
tenant-demo,D008,经销商08,O-D008-2026Q2-C0225,D008-C0225,2026-05-09,2026Q2,false,40578.91,桂中,erp:order:O-D008-2026Q2-C0225
tenant-demo,D008,经销商08,O-D008-2026Q1-C0226,D008-C0226,2026-01-21,2026Q1,false,24602.97,桂中,erp:order:O-D008-2026Q1-C0226
tenant-demo,D008,经销商08,O-D008-2026Q2-C0226,D008-C0226,2026-04-16,2026Q2,false,35867.52,桂中,erp:order:O-D008-2026Q2-C0226
tenant-demo,D008,经销商08,O-D008-2026Q1-C0227,D008-C0227,2026-02-11,2026Q1,false,45880.49,桂中,erp:order:O-D008-2026Q1-C0227
tenant-demo,D008,经销商08,O-D008-2026Q2-C0227,D008-C0227,2026-06-16,2026Q2,false,18844.45,桂中,erp:order:O-D008-2026Q2-C0227
tenant-demo,D008,经销商08,O-D008-2026Q1-C0228,D008-C0228,2026-03-17,2026Q1,false,34210.17,桂中,erp:order:O-D008-2026Q1-C0228
tenant-demo,D008,经销商08,O-D008-2026Q2-C0228,D008-C0228,2026-06-20,2026Q2,true,48581.29,桂中,erp:order:O-D008-2026Q2-C0228
tenant-demo,D008,经销商08,O-D008-2026Q1-C0229,D008-C0229,2026-01-23,2026Q1,false,19824.68,桂中,erp:order:O-D008-2026Q1-C0229
tenant-demo,D008,经销商08,O-D008-2026Q2-C0229,D008-C0229,2026-04-06,2026Q2,true,8717.95,桂中,erp:order:O-D008-2026Q2-C0229
tenant-demo,D008,经销商08,O-D008-2026Q1-C0230,D008-C0230,2026-02-16,2026Q1,false,24169.47,桂中,erp:order:O-D008-2026Q1-C0230
tenant-demo,D008,经销商08,O-D008-2026Q2-C0230,D008-C0230,2026-06-06,2026Q2,false,29950.76,桂中,erp:order:O-D008-2026Q2-C0230
tenant-demo,D008,经销商08,O-D008-2026Q1-C0231,D008-C0231,2026-03-04,2026Q1,true,35937.67,桂中,erp:order:O-D008-2026Q1-C0231
tenant-demo,D008,经销商08,O-D008-2026Q2-C0231,D008-C0231,2026-04-12,2026Q2,false,23100.89,桂中,erp:order:O-D008-2026Q2-C0231
tenant-demo,D008,经销商08,O-D008-2026Q1-C0232,D008-C0232,2026-03-01,2026Q1,false,8176.78,桂中,erp:order:O-D008-2026Q1-C0232
tenant-demo,D008,经销商08,O-D008-2026Q2-C0232,D008-C0232,2026-04-21,2026Q2,true,18459.62,桂中,erp:order:O-D008-2026Q2-C0232
tenant-demo,D008,经销商08,O-D008-2026Q1-C0233,D008-C0233,2026-02-11,2026Q1,false,16565.78,桂中,erp:order:O-D008-2026Q1-C0233
tenant-demo,D008,经销商08,O-D008-2026Q2-C0233,D008-C0233,2026-04-07,2026Q2,true,30187.84,桂中,erp:order:O-D008-2026Q2-C0233
tenant-demo,D008,经销商08,O-D008-2026Q1-C0234,D008-C0234,2026-03-01,2026Q1,true,10782.59,桂中,erp:order:O-D008-2026Q1-C0234
tenant-demo,D008,经销商08,O-D008-2026Q2-C0234,D008-C0234,2026-05-09,2026Q2,true,45782.1,桂中,erp:order:O-D008-2026Q2-C0234
tenant-demo,D008,经销商08,O-D008-2026Q1-C0235,D008-C0235,2026-02-02,2026Q1,true,31885.85,桂中,erp:order:O-D008-2026Q1-C0235
tenant-demo,D008,经销商08,O-D008-2026Q2-C0235,D008-C0235,2026-04-14,2026Q2,false,49391.97,桂中,erp:order:O-D008-2026Q2-C0235
tenant-demo,D008,经销商08,O-D008-2026Q1-C0236,D008-C0236,2026-02-04,2026Q1,true,35366.49,桂中,erp:order:O-D008-2026Q1-C0236
tenant-demo,D008,经销商08,O-D008-2026Q2-C0236,D008-C0236,2026-04-28,2026Q2,true,45953.69,桂中,erp:order:O-D008-2026Q2-C0236
tenant-demo,D008,经销商08,O-D008-2026Q1-C0237,D008-C0237,2026-02-06,2026Q1,false,14730.06,桂中,erp:order:O-D008-2026Q1-C0237
tenant-demo,D008,经销商08,O-D008-2026Q2-C0237,D008-C0237,2026-06-07,2026Q2,false,47463.6,桂中,erp:order:O-D008-2026Q2-C0237
tenant-demo,D008,经销商08,O-D008-2026Q1-C0238,D008-C0238,2026-03-14,2026Q1,false,28148.21,桂中,erp:order:O-D008-2026Q1-C0238
tenant-demo,D008,经销商08,O-D008-2026Q2-C0238,D008-C0238,2026-05-08,2026Q2,false,8083.06,桂中,erp:order:O-D008-2026Q2-C0238
tenant-demo,D008,经销商08,O-D008-2026Q1-C0239,D008-C0239,2026-02-14,2026Q1,true,29710.99,桂中,erp:order:O-D008-2026Q1-C0239
tenant-demo,D008,经销商08,O-D008-2026Q2-C0239,D008-C0239,2026-06-09,2026Q2,false,33470.84,桂中,erp:order:O-D008-2026Q2-C0239
tenant-demo,D008,经销商08,O-D008-2026Q1-C0240,D008-C0240,2026-01-10,2026Q1,false,48909.61,桂中,erp:order:O-D008-2026Q1-C0240
tenant-demo,D008,经销商08,O-D008-2026Q2-C0240,D008-C0240,2026-05-03,2026Q2,true,39582.38,桂中,erp:order:O-D008-2026Q2-C0240
tenant-demo,D008,经销商08,O-D008-2026Q1-C0241,D008-C0241,2026-03-19,2026Q1,true,48085.75,桂中,erp:order:O-D008-2026Q1-C0241
tenant-demo,D008,经销商08,O-D008-2026Q2-C0241,D008-C0241,2026-06-20,2026Q2,false,41620.07,桂中,erp:order:O-D008-2026Q2-C0241
tenant-demo,D008,经销商08,O-D008-2026Q1-C0242,D008-C0242,2026-02-10,2026Q1,false,10987.63,桂中,erp:order:O-D008-2026Q1-C0242
tenant-demo,D008,经销商08,O-D008-2026Q2-C0242,D008-C0242,2026-05-11,2026Q2,true,10156.44,桂中,erp:order:O-D008-2026Q2-C0242
tenant-demo,D008,经销商08,O-D008-2026Q1-C0243,D008-C0243,2026-01-06,2026Q1,false,44299.77,桂中,erp:order:O-D008-2026Q1-C0243
tenant-demo,D008,经销商08,O-D008-2026Q2-C0243,D008-C0243,2026-04-18,2026Q2,true,10563.64,桂中,erp:order:O-D008-2026Q2-C0243
tenant-demo,D008,经销商08,O-D008-2026Q1-C0244,D008-C0244,2026-02-09,2026Q1,false,12153.63,桂中,erp:order:O-D008-2026Q1-C0244
tenant-demo,D008,经销商08,O-D008-2026Q2-C0244,D008-C0244,2026-04-28,2026Q2,true,34863.48,桂中,erp:order:O-D008-2026Q2-C0244
tenant-demo,D008,经销商08,O-D008-2026Q1-C0245,D008-C0245,2026-03-24,2026Q1,false,39471.69,桂中,erp:order:O-D008-2026Q1-C0245
tenant-demo,D008,经销商08,O-D008-2026Q2-C0245,D008-C0245,2026-05-01,2026Q2,true,35078.74,桂中,erp:order:O-D008-2026Q2-C0245
tenant-demo,D008,经销商08,O-D008-2026Q1-C0246,D008-C0246,2026-03-15,2026Q1,true,34266.68,桂中,erp:order:O-D008-2026Q1-C0246
tenant-demo,D008,经销商08,O-D008-2026Q2-C0246,D008-C0246,2026-05-18,2026Q2,true,9541.51,桂中,erp:order:O-D008-2026Q2-C0246
tenant-demo,D008,经销商08,O-D008-2026Q1-C0247,D008-C0247,2026-02-08,2026Q1,false,46712.99,桂中,erp:order:O-D008-2026Q1-C0247
tenant-demo,D008,经销商08,O-D008-2026Q2-C0247,D008-C0247,2026-04-21,2026Q2,false,12899.07,桂中,erp:order:O-D008-2026Q2-C0247
tenant-demo,D008,经销商08,O-D008-2026Q1-C0248,D008-C0248,2026-03-23,2026Q1,false,18845.94,桂中,erp:order:O-D008-2026Q1-C0248
tenant-demo,D008,经销商08,O-D008-2026Q2-C0248,D008-C0248,2026-06-06,2026Q2,false,13671.33,桂中,erp:order:O-D008-2026Q2-C0248
tenant-demo,D008,经销商08,O-D008-2026Q1-C0249,D008-C0249,2026-02-28,2026Q1,true,26644.91,桂中,erp:order:O-D008-2026Q1-C0249
tenant-demo,D008,经销商08,O-D008-2026Q2-C0249,D008-C0249,2026-05-04,2026Q2,false,40539.91,桂中,erp:order:O-D008-2026Q2-C0249
tenant-demo,D008,经销商08,O-D008-2026Q1-C0250,D008-C0250,2026-03-09,2026Q1,false,7645.55,桂中,erp:order:O-D008-2026Q1-C0250
tenant-demo,D008,经销商08,O-D008-2026Q2-C0250,D008-C0250,2026-05-09,2026Q2,false,44972.83,桂中,erp:order:O-D008-2026Q2-C0250
tenant-demo,D008,经销商08,O-D008-2026Q1-C0251,D008-C0251,2026-01-13,2026Q1,true,13655.58,桂中,erp:order:O-D008-2026Q1-C0251
tenant-demo,D008,经销商08,O-D008-2026Q2-C0251,D008-C0251,2026-04-24,2026Q2,false,21209.34,桂中,erp:order:O-D008-2026Q2-C0251
tenant-demo,D008,经销商08,O-D008-2026Q1-C0252,D008-C0252,2026-01-23,2026Q1,false,29062.34,桂中,erp:order:O-D008-2026Q1-C0252
tenant-demo,D008,经销商08,O-D008-2026Q2-C0252,D008-C0252,2026-04-04,2026Q2,false,21334.34,桂中,erp:order:O-D008-2026Q2-C0252
tenant-demo,D008,经销商08,O-D008-2026Q1-C0253,D008-C0253,2026-03-03,2026Q1,true,6582.63,桂中,erp:order:O-D008-2026Q1-C0253
tenant-demo,D008,经销商08,O-D008-2026Q2-C0253,D008-C0253,2026-04-01,2026Q2,true,16530.28,桂中,erp:order:O-D008-2026Q2-C0253
tenant-demo,D008,经销商08,O-D008-2026Q1-C0254,D008-C0254,2026-02-11,2026Q1,true,39461.21,桂中,erp:order:O-D008-2026Q1-C0254
tenant-demo,D008,经销商08,O-D008-2026Q2-C0254,D008-C0254,2026-05-21,2026Q2,false,11534.59,桂中,erp:order:O-D008-2026Q2-C0254
tenant-demo,D008,经销商08,O-D008-2026Q1-C0255,D008-C0255,2026-02-12,2026Q1,true,28613.94,桂中,erp:order:O-D008-2026Q1-C0255
tenant-demo,D008,经销商08,O-D008-2026Q2-C0255,D008-C0255,2026-06-18,2026Q2,false,23894.61,桂中,erp:order:O-D008-2026Q2-C0255
tenant-demo,D008,经销商08,O-D008-2026Q1-C0256,D008-C0256,2026-01-15,2026Q1,false,20992.04,桂中,erp:order:O-D008-2026Q1-C0256
tenant-demo,D008,经销商08,O-D008-2026Q2-C0256,D008-C0256,2026-04-23,2026Q2,false,49930.62,桂中,erp:order:O-D008-2026Q2-C0256
tenant-demo,D008,经销商08,O-D008-2026Q1-C0257,D008-C0257,2026-03-13,2026Q1,true,34644.2,桂中,erp:order:O-D008-2026Q1-C0257
tenant-demo,D008,经销商08,O-D008-2026Q2-C0257,D008-C0257,2026-06-21,2026Q2,true,11013.57,桂中,erp:order:O-D008-2026Q2-C0257
tenant-demo,D008,经销商08,O-D008-2026Q1-C0258,D008-C0258,2026-02-04,2026Q1,false,12577.62,桂中,erp:order:O-D008-2026Q1-C0258
tenant-demo,D008,经销商08,O-D008-2026Q2-C0258,D008-C0258,2026-06-21,2026Q2,true,19937.23,桂中,erp:order:O-D008-2026Q2-C0258
tenant-demo,D008,经销商08,O-D008-2026Q1-C0259,D008-C0259,2026-02-24,2026Q1,false,5697.97,桂中,erp:order:O-D008-2026Q1-C0259
tenant-demo,D008,经销商08,O-D008-2026Q2-C0259,D008-C0259,2026-06-27,2026Q2,false,36079.44,桂中,erp:order:O-D008-2026Q2-C0259
tenant-demo,D008,经销商08,O-D008-2026Q1-C0260,D008-C0260,2026-03-27,2026Q1,true,33678.12,桂中,erp:order:O-D008-2026Q1-C0260
tenant-demo,D008,经销商08,O-D008-2026Q2-C0260,D008-C0260,2026-06-15,2026Q2,true,42840.63,桂中,erp:order:O-D008-2026Q2-C0260
tenant-demo,D009,经销商09,O-D009-2026Q1-C0001,D009-C0001,2026-02-21,2026Q1,true,27257.94,桂中,erp:order:O-D009-2026Q1-C0001
tenant-demo,D009,经销商09,O-D009-2026Q2-C0001,D009-C0001,2026-05-22,2026Q2,true,7171.0,桂中,erp:order:O-D009-2026Q2-C0001
tenant-demo,D009,经销商09,O-D009-2026Q1-C0002,D009-C0002,2026-02-11,2026Q1,false,44652.71,桂中,erp:order:O-D009-2026Q1-C0002
tenant-demo,D009,经销商09,O-D009-2026Q2-C0002,D009-C0002,2026-04-19,2026Q2,true,13575.58,桂中,erp:order:O-D009-2026Q2-C0002
tenant-demo,D009,经销商09,O-D009-2026Q1-C0003,D009-C0003,2026-03-04,2026Q1,true,21569.99,桂中,erp:order:O-D009-2026Q1-C0003
tenant-demo,D009,经销商09,O-D009-2026Q2-C0003,D009-C0003,2026-06-24,2026Q2,false,19414.21,桂中,erp:order:O-D009-2026Q2-C0003
tenant-demo,D009,经销商09,O-D009-2026Q1-C0004,D009-C0004,2026-03-24,2026Q1,true,43543.98,桂中,erp:order:O-D009-2026Q1-C0004
tenant-demo,D009,经销商09,O-D009-2026Q2-C0004,D009-C0004,2026-06-24,2026Q2,false,47695.93,桂中,erp:order:O-D009-2026Q2-C0004
tenant-demo,D009,经销商09,O-D009-2026Q1-C0005,D009-C0005,2026-01-02,2026Q1,true,8011.91,桂中,erp:order:O-D009-2026Q1-C0005
tenant-demo,D009,经销商09,O-D009-2026Q2-C0005,D009-C0005,2026-05-11,2026Q2,false,10165.47,桂中,erp:order:O-D009-2026Q2-C0005
tenant-demo,D009,经销商09,O-D009-2026Q1-C0006,D009-C0006,2026-01-15,2026Q1,true,40814.41,桂中,erp:order:O-D009-2026Q1-C0006
tenant-demo,D009,经销商09,O-D009-2026Q2-C0006,D009-C0006,2026-06-05,2026Q2,false,40242.78,桂中,erp:order:O-D009-2026Q2-C0006
tenant-demo,D009,经销商09,O-D009-2026Q1-C0007,D009-C0007,2026-02-13,2026Q1,false,19490.67,桂中,erp:order:O-D009-2026Q1-C0007
tenant-demo,D009,经销商09,O-D009-2026Q2-C0007,D009-C0007,2026-05-06,2026Q2,true,15862.12,桂中,erp:order:O-D009-2026Q2-C0007
tenant-demo,D009,经销商09,O-D009-2026Q1-C0008,D009-C0008,2026-03-14,2026Q1,true,15810.7,桂中,erp:order:O-D009-2026Q1-C0008
tenant-demo,D009,经销商09,O-D009-2026Q2-C0008,D009-C0008,2026-06-21,2026Q2,false,46347.96,桂中,erp:order:O-D009-2026Q2-C0008
tenant-demo,D009,经销商09,O-D009-2026Q1-C0009,D009-C0009,2026-01-26,2026Q1,false,5487.54,桂中,erp:order:O-D009-2026Q1-C0009
tenant-demo,D009,经销商09,O-D009-2026Q2-C0009,D009-C0009,2026-06-18,2026Q2,false,47481.11,桂中,erp:order:O-D009-2026Q2-C0009
tenant-demo,D009,经销商09,O-D009-2026Q1-C0010,D009-C0010,2026-03-09,2026Q1,false,41354.52,桂中,erp:order:O-D009-2026Q1-C0010
tenant-demo,D009,经销商09,O-D009-2026Q2-C0010,D009-C0010,2026-04-15,2026Q2,true,5509.04,桂中,erp:order:O-D009-2026Q2-C0010
tenant-demo,D009,经销商09,O-D009-2026Q1-C0011,D009-C0011,2026-01-15,2026Q1,true,21388.98,桂中,erp:order:O-D009-2026Q1-C0011
tenant-demo,D009,经销商09,O-D009-2026Q2-C0011,D009-C0011,2026-06-20,2026Q2,false,39713.78,桂中,erp:order:O-D009-2026Q2-C0011
tenant-demo,D009,经销商09,O-D009-2026Q1-C0012,D009-C0012,2026-01-02,2026Q1,true,31451.21,桂中,erp:order:O-D009-2026Q1-C0012
tenant-demo,D009,经销商09,O-D009-2026Q2-C0012,D009-C0012,2026-04-27,2026Q2,false,44920.15,桂中,erp:order:O-D009-2026Q2-C0012
tenant-demo,D009,经销商09,O-D009-2026Q1-C0013,D009-C0013,2026-01-11,2026Q1,true,40890.73,桂中,erp:order:O-D009-2026Q1-C0013
tenant-demo,D009,经销商09,O-D009-2026Q2-C0013,D009-C0013,2026-04-20,2026Q2,false,40706.56,桂中,erp:order:O-D009-2026Q2-C0013
tenant-demo,D009,经销商09,O-D009-2026Q1-C0014,D009-C0014,2026-02-26,2026Q1,false,42109.57,桂中,erp:order:O-D009-2026Q1-C0014
tenant-demo,D009,经销商09,O-D009-2026Q2-C0014,D009-C0014,2026-06-21,2026Q2,false,9889.36,桂中,erp:order:O-D009-2026Q2-C0014
tenant-demo,D009,经销商09,O-D009-2026Q1-C0015,D009-C0015,2026-01-26,2026Q1,false,46392.82,桂中,erp:order:O-D009-2026Q1-C0015
tenant-demo,D009,经销商09,O-D009-2026Q2-C0015,D009-C0015,2026-06-20,2026Q2,true,44844.9,桂中,erp:order:O-D009-2026Q2-C0015
tenant-demo,D009,经销商09,O-D009-2026Q1-C0016,D009-C0016,2026-02-15,2026Q1,false,46365.15,桂中,erp:order:O-D009-2026Q1-C0016
tenant-demo,D009,经销商09,O-D009-2026Q2-C0016,D009-C0016,2026-05-05,2026Q2,true,37292.17,桂中,erp:order:O-D009-2026Q2-C0016
tenant-demo,D009,经销商09,O-D009-2026Q1-C0017,D009-C0017,2026-03-19,2026Q1,true,30109.13,桂中,erp:order:O-D009-2026Q1-C0017
tenant-demo,D009,经销商09,O-D009-2026Q2-C0017,D009-C0017,2026-04-17,2026Q2,false,24104.52,桂中,erp:order:O-D009-2026Q2-C0017
tenant-demo,D009,经销商09,O-D009-2026Q1-C0018,D009-C0018,2026-03-11,2026Q1,false,13425.35,桂中,erp:order:O-D009-2026Q1-C0018
tenant-demo,D009,经销商09,O-D009-2026Q2-C0018,D009-C0018,2026-04-21,2026Q2,true,41621.85,桂中,erp:order:O-D009-2026Q2-C0018
tenant-demo,D009,经销商09,O-D009-2026Q1-C0019,D009-C0019,2026-03-19,2026Q1,false,5537.03,桂中,erp:order:O-D009-2026Q1-C0019
tenant-demo,D009,经销商09,O-D009-2026Q2-C0019,D009-C0019,2026-05-05,2026Q2,false,8892.38,桂中,erp:order:O-D009-2026Q2-C0019
tenant-demo,D009,经销商09,O-D009-2026Q1-C0020,D009-C0020,2026-01-28,2026Q1,false,12009.53,桂中,erp:order:O-D009-2026Q1-C0020
tenant-demo,D009,经销商09,O-D009-2026Q2-C0020,D009-C0020,2026-06-05,2026Q2,true,7182.83,桂中,erp:order:O-D009-2026Q2-C0020
tenant-demo,D009,经销商09,O-D009-2026Q1-C0021,D009-C0021,2026-03-04,2026Q1,false,35754.09,桂中,erp:order:O-D009-2026Q1-C0021
tenant-demo,D009,经销商09,O-D009-2026Q2-C0021,D009-C0021,2026-05-02,2026Q2,false,26070.45,桂中,erp:order:O-D009-2026Q2-C0021
tenant-demo,D009,经销商09,O-D009-2026Q1-C0022,D009-C0022,2026-01-15,2026Q1,false,8633.36,桂中,erp:order:O-D009-2026Q1-C0022
tenant-demo,D009,经销商09,O-D009-2026Q2-C0022,D009-C0022,2026-06-14,2026Q2,true,26108.05,桂中,erp:order:O-D009-2026Q2-C0022
tenant-demo,D009,经销商09,O-D009-2026Q1-C0023,D009-C0023,2026-03-04,2026Q1,false,49215.0,桂中,erp:order:O-D009-2026Q1-C0023
tenant-demo,D009,经销商09,O-D009-2026Q2-C0023,D009-C0023,2026-04-03,2026Q2,false,14742.48,桂中,erp:order:O-D009-2026Q2-C0023
tenant-demo,D009,经销商09,O-D009-2026Q1-C0024,D009-C0024,2026-02-13,2026Q1,true,20285.05,桂中,erp:order:O-D009-2026Q1-C0024
tenant-demo,D009,经销商09,O-D009-2026Q2-C0024,D009-C0024,2026-04-04,2026Q2,true,20119.94,桂中,erp:order:O-D009-2026Q2-C0024
tenant-demo,D009,经销商09,O-D009-2026Q1-C0025,D009-C0025,2026-01-01,2026Q1,true,38692.63,桂中,erp:order:O-D009-2026Q1-C0025
tenant-demo,D009,经销商09,O-D009-2026Q2-C0025,D009-C0025,2026-04-25,2026Q2,false,9463.26,桂中,erp:order:O-D009-2026Q2-C0025
tenant-demo,D009,经销商09,O-D009-2026Q1-C0026,D009-C0026,2026-02-23,2026Q1,true,39795.3,桂中,erp:order:O-D009-2026Q1-C0026
tenant-demo,D009,经销商09,O-D009-2026Q2-C0026,D009-C0026,2026-05-27,2026Q2,true,30963.41,桂中,erp:order:O-D009-2026Q2-C0026
tenant-demo,D009,经销商09,O-D009-2026Q1-C0027,D009-C0027,2026-03-22,2026Q1,true,7966.64,桂中,erp:order:O-D009-2026Q1-C0027
tenant-demo,D009,经销商09,O-D009-2026Q2-C0027,D009-C0027,2026-04-04,2026Q2,true,28668.82,桂中,erp:order:O-D009-2026Q2-C0027
tenant-demo,D009,经销商09,O-D009-2026Q1-C0028,D009-C0028,2026-01-09,2026Q1,true,40640.45,桂中,erp:order:O-D009-2026Q1-C0028
tenant-demo,D009,经销商09,O-D009-2026Q2-C0028,D009-C0028,2026-04-09,2026Q2,false,37291.96,桂中,erp:order:O-D009-2026Q2-C0028
tenant-demo,D009,经销商09,O-D009-2026Q1-C0029,D009-C0029,2026-01-05,2026Q1,true,20141.69,桂中,erp:order:O-D009-2026Q1-C0029
tenant-demo,D009,经销商09,O-D009-2026Q2-C0029,D009-C0029,2026-05-13,2026Q2,false,13811.34,桂中,erp:order:O-D009-2026Q2-C0029
tenant-demo,D009,经销商09,O-D009-2026Q1-C0030,D009-C0030,2026-03-09,2026Q1,false,20628.68,桂中,erp:order:O-D009-2026Q1-C0030
tenant-demo,D009,经销商09,O-D009-2026Q2-C0030,D009-C0030,2026-05-17,2026Q2,false,29049.72,桂中,erp:order:O-D009-2026Q2-C0030
tenant-demo,D009,经销商09,O-D009-2026Q1-C0031,D009-C0031,2026-03-09,2026Q1,true,12181.63,桂中,erp:order:O-D009-2026Q1-C0031
tenant-demo,D009,经销商09,O-D009-2026Q2-C0031,D009-C0031,2026-06-02,2026Q2,true,24978.86,桂中,erp:order:O-D009-2026Q2-C0031
tenant-demo,D009,经销商09,O-D009-2026Q1-C0032,D009-C0032,2026-01-27,2026Q1,false,31778.62,桂中,erp:order:O-D009-2026Q1-C0032
tenant-demo,D009,经销商09,O-D009-2026Q2-C0032,D009-C0032,2026-05-06,2026Q2,false,41598.65,桂中,erp:order:O-D009-2026Q2-C0032
tenant-demo,D009,经销商09,O-D009-2026Q1-C0033,D009-C0033,2026-02-16,2026Q1,false,44221.0,桂中,erp:order:O-D009-2026Q1-C0033
tenant-demo,D009,经销商09,O-D009-2026Q2-C0033,D009-C0033,2026-05-12,2026Q2,true,28959.96,桂中,erp:order:O-D009-2026Q2-C0033
tenant-demo,D009,经销商09,O-D009-2026Q1-C0034,D009-C0034,2026-01-15,2026Q1,true,20191.99,桂中,erp:order:O-D009-2026Q1-C0034
tenant-demo,D009,经销商09,O-D009-2026Q2-C0034,D009-C0034,2026-05-11,2026Q2,false,48717.71,桂中,erp:order:O-D009-2026Q2-C0034
tenant-demo,D009,经销商09,O-D009-2026Q1-C0035,D009-C0035,2026-02-01,2026Q1,false,36915.65,桂中,erp:order:O-D009-2026Q1-C0035
tenant-demo,D009,经销商09,O-D009-2026Q2-C0035,D009-C0035,2026-05-16,2026Q2,false,36023.84,桂中,erp:order:O-D009-2026Q2-C0035
tenant-demo,D009,经销商09,O-D009-2026Q1-C0036,D009-C0036,2026-01-03,2026Q1,false,46541.21,桂中,erp:order:O-D009-2026Q1-C0036
tenant-demo,D009,经销商09,O-D009-2026Q2-C0036,D009-C0036,2026-04-08,2026Q2,false,25711.16,桂中,erp:order:O-D009-2026Q2-C0036
tenant-demo,D009,经销商09,O-D009-2026Q1-C0037,D009-C0037,2026-02-01,2026Q1,false,44721.95,桂中,erp:order:O-D009-2026Q1-C0037
tenant-demo,D009,经销商09,O-D009-2026Q2-C0037,D009-C0037,2026-04-27,2026Q2,true,15497.66,桂中,erp:order:O-D009-2026Q2-C0037
tenant-demo,D009,经销商09,O-D009-2026Q1-C0038,D009-C0038,2026-03-15,2026Q1,false,7455.01,桂中,erp:order:O-D009-2026Q1-C0038
tenant-demo,D009,经销商09,O-D009-2026Q2-C0038,D009-C0038,2026-05-25,2026Q2,true,24720.89,桂中,erp:order:O-D009-2026Q2-C0038
tenant-demo,D009,经销商09,O-D009-2026Q1-C0039,D009-C0039,2026-03-20,2026Q1,false,11722.95,桂中,erp:order:O-D009-2026Q1-C0039
tenant-demo,D009,经销商09,O-D009-2026Q2-C0039,D009-C0039,2026-05-26,2026Q2,true,19033.46,桂中,erp:order:O-D009-2026Q2-C0039
tenant-demo,D009,经销商09,O-D009-2026Q1-C0040,D009-C0040,2026-01-21,2026Q1,false,8776.45,桂中,erp:order:O-D009-2026Q1-C0040
tenant-demo,D009,经销商09,O-D009-2026Q2-C0040,D009-C0040,2026-05-08,2026Q2,true,47823.94,桂中,erp:order:O-D009-2026Q2-C0040
tenant-demo,D009,经销商09,O-D009-2026Q1-C0041,D009-C0041,2026-01-01,2026Q1,false,47078.0,桂中,erp:order:O-D009-2026Q1-C0041
tenant-demo,D009,经销商09,O-D009-2026Q2-C0041,D009-C0041,2026-04-06,2026Q2,true,33585.17,桂中,erp:order:O-D009-2026Q2-C0041
tenant-demo,D009,经销商09,O-D009-2026Q1-C0042,D009-C0042,2026-01-19,2026Q1,false,10095.85,桂中,erp:order:O-D009-2026Q1-C0042
tenant-demo,D009,经销商09,O-D009-2026Q2-C0042,D009-C0042,2026-04-27,2026Q2,false,32292.22,桂中,erp:order:O-D009-2026Q2-C0042
tenant-demo,D009,经销商09,O-D009-2026Q1-C0043,D009-C0043,2026-03-20,2026Q1,false,21624.26,桂中,erp:order:O-D009-2026Q1-C0043
tenant-demo,D009,经销商09,O-D009-2026Q2-C0043,D009-C0043,2026-06-25,2026Q2,false,7835.82,桂中,erp:order:O-D009-2026Q2-C0043
tenant-demo,D009,经销商09,O-D009-2026Q1-C0044,D009-C0044,2026-03-16,2026Q1,false,43142.1,桂中,erp:order:O-D009-2026Q1-C0044
tenant-demo,D009,经销商09,O-D009-2026Q2-C0044,D009-C0044,2026-04-08,2026Q2,false,39712.46,桂中,erp:order:O-D009-2026Q2-C0044
tenant-demo,D009,经销商09,O-D009-2026Q1-C0045,D009-C0045,2026-02-10,2026Q1,false,42198.35,桂中,erp:order:O-D009-2026Q1-C0045
tenant-demo,D009,经销商09,O-D009-2026Q2-C0045,D009-C0045,2026-04-05,2026Q2,false,27820.97,桂中,erp:order:O-D009-2026Q2-C0045
tenant-demo,D009,经销商09,O-D009-2026Q1-C0046,D009-C0046,2026-03-04,2026Q1,false,19962.37,桂中,erp:order:O-D009-2026Q1-C0046
tenant-demo,D009,经销商09,O-D009-2026Q2-C0046,D009-C0046,2026-04-16,2026Q2,true,27965.85,桂中,erp:order:O-D009-2026Q2-C0046
tenant-demo,D009,经销商09,O-D009-2026Q1-C0047,D009-C0047,2026-01-03,2026Q1,true,10122.02,桂中,erp:order:O-D009-2026Q1-C0047
tenant-demo,D009,经销商09,O-D009-2026Q2-C0047,D009-C0047,2026-04-23,2026Q2,true,14637.6,桂中,erp:order:O-D009-2026Q2-C0047
tenant-demo,D009,经销商09,O-D009-2026Q1-C0048,D009-C0048,2026-02-28,2026Q1,true,12583.78,桂中,erp:order:O-D009-2026Q1-C0048
tenant-demo,D009,经销商09,O-D009-2026Q2-C0048,D009-C0048,2026-04-16,2026Q2,false,11406.3,桂中,erp:order:O-D009-2026Q2-C0048
tenant-demo,D009,经销商09,O-D009-2026Q1-C0049,D009-C0049,2026-02-19,2026Q1,false,15603.34,桂中,erp:order:O-D009-2026Q1-C0049
tenant-demo,D009,经销商09,O-D009-2026Q2-C0049,D009-C0049,2026-06-23,2026Q2,false,8271.82,桂中,erp:order:O-D009-2026Q2-C0049
tenant-demo,D009,经销商09,O-D009-2026Q1-C0050,D009-C0050,2026-01-20,2026Q1,true,35045.29,桂中,erp:order:O-D009-2026Q1-C0050
tenant-demo,D009,经销商09,O-D009-2026Q2-C0050,D009-C0050,2026-04-04,2026Q2,true,10026.21,桂中,erp:order:O-D009-2026Q2-C0050
tenant-demo,D009,经销商09,O-D009-2026Q1-C0051,D009-C0051,2026-03-25,2026Q1,false,12221.29,桂中,erp:order:O-D009-2026Q1-C0051
tenant-demo,D009,经销商09,O-D009-2026Q2-C0051,D009-C0051,2026-04-20,2026Q2,false,8784.85,桂中,erp:order:O-D009-2026Q2-C0051
tenant-demo,D009,经销商09,O-D009-2026Q1-C0052,D009-C0052,2026-02-21,2026Q1,true,6347.0,桂中,erp:order:O-D009-2026Q1-C0052
tenant-demo,D009,经销商09,O-D009-2026Q2-C0052,D009-C0052,2026-05-22,2026Q2,false,24318.65,桂中,erp:order:O-D009-2026Q2-C0052
tenant-demo,D009,经销商09,O-D009-2026Q1-C0053,D009-C0053,2026-03-26,2026Q1,false,20874.28,桂中,erp:order:O-D009-2026Q1-C0053
tenant-demo,D009,经销商09,O-D009-2026Q2-C0053,D009-C0053,2026-05-15,2026Q2,false,28575.35,桂中,erp:order:O-D009-2026Q2-C0053
tenant-demo,D009,经销商09,O-D009-2026Q1-C0054,D009-C0054,2026-01-17,2026Q1,false,46426.41,桂中,erp:order:O-D009-2026Q1-C0054
tenant-demo,D009,经销商09,O-D009-2026Q2-C0054,D009-C0054,2026-06-09,2026Q2,true,14934.15,桂中,erp:order:O-D009-2026Q2-C0054
tenant-demo,D009,经销商09,O-D009-2026Q1-C0055,D009-C0055,2026-01-06,2026Q1,true,22540.43,桂中,erp:order:O-D009-2026Q1-C0055
tenant-demo,D009,经销商09,O-D009-2026Q2-C0055,D009-C0055,2026-05-28,2026Q2,false,38070.2,桂中,erp:order:O-D009-2026Q2-C0055
tenant-demo,D009,经销商09,O-D009-2026Q1-C0056,D009-C0056,2026-02-01,2026Q1,false,46571.78,桂中,erp:order:O-D009-2026Q1-C0056
tenant-demo,D009,经销商09,O-D009-2026Q2-C0056,D009-C0056,2026-06-09,2026Q2,false,9197.8,桂中,erp:order:O-D009-2026Q2-C0056
tenant-demo,D009,经销商09,O-D009-2026Q1-C0057,D009-C0057,2026-01-27,2026Q1,false,44353.6,桂中,erp:order:O-D009-2026Q1-C0057
tenant-demo,D009,经销商09,O-D009-2026Q2-C0057,D009-C0057,2026-06-14,2026Q2,false,47137.6,桂中,erp:order:O-D009-2026Q2-C0057
tenant-demo,D009,经销商09,O-D009-2026Q1-C0058,D009-C0058,2026-03-16,2026Q1,true,26806.15,桂中,erp:order:O-D009-2026Q1-C0058
tenant-demo,D009,经销商09,O-D009-2026Q2-C0058,D009-C0058,2026-06-05,2026Q2,false,37332.47,桂中,erp:order:O-D009-2026Q2-C0058
tenant-demo,D009,经销商09,O-D009-2026Q1-C0059,D009-C0059,2026-03-09,2026Q1,false,32182.81,桂中,erp:order:O-D009-2026Q1-C0059
tenant-demo,D009,经销商09,O-D009-2026Q2-C0059,D009-C0059,2026-06-22,2026Q2,false,7696.87,桂中,erp:order:O-D009-2026Q2-C0059
tenant-demo,D009,经销商09,O-D009-2026Q1-C0060,D009-C0060,2026-01-23,2026Q1,true,38962.72,桂中,erp:order:O-D009-2026Q1-C0060
tenant-demo,D009,经销商09,O-D009-2026Q2-C0060,D009-C0060,2026-06-23,2026Q2,false,40020.18,桂中,erp:order:O-D009-2026Q2-C0060
tenant-demo,D009,经销商09,O-D009-2026Q1-C0061,D009-C0061,2026-01-21,2026Q1,true,47120.54,桂中,erp:order:O-D009-2026Q1-C0061
tenant-demo,D009,经销商09,O-D009-2026Q2-C0061,D009-C0061,2026-06-07,2026Q2,false,19583.64,桂中,erp:order:O-D009-2026Q2-C0061
tenant-demo,D009,经销商09,O-D009-2026Q1-C0062,D009-C0062,2026-03-12,2026Q1,false,12344.31,桂中,erp:order:O-D009-2026Q1-C0062
tenant-demo,D009,经销商09,O-D009-2026Q2-C0062,D009-C0062,2026-04-10,2026Q2,true,23310.52,桂中,erp:order:O-D009-2026Q2-C0062
tenant-demo,D009,经销商09,O-D009-2026Q1-C0063,D009-C0063,2026-02-23,2026Q1,true,33906.94,桂中,erp:order:O-D009-2026Q1-C0063
tenant-demo,D009,经销商09,O-D009-2026Q2-C0063,D009-C0063,2026-05-21,2026Q2,true,40611.3,桂中,erp:order:O-D009-2026Q2-C0063
tenant-demo,D009,经销商09,O-D009-2026Q1-C0064,D009-C0064,2026-03-09,2026Q1,true,6099.67,桂中,erp:order:O-D009-2026Q1-C0064
tenant-demo,D009,经销商09,O-D009-2026Q2-C0064,D009-C0064,2026-04-18,2026Q2,true,43071.13,桂中,erp:order:O-D009-2026Q2-C0064
tenant-demo,D009,经销商09,O-D009-2026Q1-C0065,D009-C0065,2026-02-12,2026Q1,true,9787.5,桂中,erp:order:O-D009-2026Q1-C0065
tenant-demo,D009,经销商09,O-D009-2026Q2-C0065,D009-C0065,2026-05-23,2026Q2,true,11362.0,桂中,erp:order:O-D009-2026Q2-C0065
tenant-demo,D009,经销商09,O-D009-2026Q1-C0066,D009-C0066,2026-01-10,2026Q1,false,33639.25,桂中,erp:order:O-D009-2026Q1-C0066
tenant-demo,D009,经销商09,O-D009-2026Q2-C0066,D009-C0066,2026-05-12,2026Q2,true,34659.06,桂中,erp:order:O-D009-2026Q2-C0066
tenant-demo,D009,经销商09,O-D009-2026Q1-C0067,D009-C0067,2026-02-07,2026Q1,false,15242.99,桂中,erp:order:O-D009-2026Q1-C0067
tenant-demo,D009,经销商09,O-D009-2026Q2-C0067,D009-C0067,2026-05-12,2026Q2,false,31408.11,桂中,erp:order:O-D009-2026Q2-C0067
tenant-demo,D009,经销商09,O-D009-2026Q1-C0068,D009-C0068,2026-01-10,2026Q1,true,26573.37,桂中,erp:order:O-D009-2026Q1-C0068
tenant-demo,D009,经销商09,O-D009-2026Q2-C0068,D009-C0068,2026-06-03,2026Q2,false,13566.78,桂中,erp:order:O-D009-2026Q2-C0068
tenant-demo,D009,经销商09,O-D009-2026Q1-C0069,D009-C0069,2026-03-14,2026Q1,true,25973.43,桂中,erp:order:O-D009-2026Q1-C0069
tenant-demo,D009,经销商09,O-D009-2026Q2-C0069,D009-C0069,2026-04-16,2026Q2,true,42013.15,桂中,erp:order:O-D009-2026Q2-C0069
tenant-demo,D009,经销商09,O-D009-2026Q1-C0070,D009-C0070,2026-03-09,2026Q1,false,48511.41,桂中,erp:order:O-D009-2026Q1-C0070
tenant-demo,D009,经销商09,O-D009-2026Q2-C0070,D009-C0070,2026-06-26,2026Q2,false,20664.37,桂中,erp:order:O-D009-2026Q2-C0070
tenant-demo,D009,经销商09,O-D009-2026Q1-C0071,D009-C0071,2026-02-13,2026Q1,false,41992.22,桂中,erp:order:O-D009-2026Q1-C0071
tenant-demo,D009,经销商09,O-D009-2026Q2-C0071,D009-C0071,2026-06-12,2026Q2,true,25822.02,桂中,erp:order:O-D009-2026Q2-C0071
tenant-demo,D009,经销商09,O-D009-2026Q1-C0072,D009-C0072,2026-01-15,2026Q1,false,41205.64,桂中,erp:order:O-D009-2026Q1-C0072
tenant-demo,D009,经销商09,O-D009-2026Q2-C0072,D009-C0072,2026-05-28,2026Q2,true,23567.95,桂中,erp:order:O-D009-2026Q2-C0072
tenant-demo,D009,经销商09,O-D009-2026Q1-C0073,D009-C0073,2026-01-27,2026Q1,false,9825.54,桂中,erp:order:O-D009-2026Q1-C0073
tenant-demo,D009,经销商09,O-D009-2026Q2-C0073,D009-C0073,2026-05-25,2026Q2,false,15859.48,桂中,erp:order:O-D009-2026Q2-C0073
tenant-demo,D009,经销商09,O-D009-2026Q1-C0074,D009-C0074,2026-01-05,2026Q1,false,22961.91,桂中,erp:order:O-D009-2026Q1-C0074
tenant-demo,D009,经销商09,O-D009-2026Q2-C0074,D009-C0074,2026-05-22,2026Q2,false,40907.41,桂中,erp:order:O-D009-2026Q2-C0074
tenant-demo,D009,经销商09,O-D009-2026Q1-C0075,D009-C0075,2026-03-26,2026Q1,false,17306.69,桂中,erp:order:O-D009-2026Q1-C0075
tenant-demo,D009,经销商09,O-D009-2026Q2-C0075,D009-C0075,2026-05-03,2026Q2,false,33327.57,桂中,erp:order:O-D009-2026Q2-C0075
tenant-demo,D009,经销商09,O-D009-2026Q1-C0076,D009-C0076,2026-02-02,2026Q1,false,26877.18,桂中,erp:order:O-D009-2026Q1-C0076
tenant-demo,D009,经销商09,O-D009-2026Q2-C0076,D009-C0076,2026-04-20,2026Q2,false,9603.93,桂中,erp:order:O-D009-2026Q2-C0076
tenant-demo,D009,经销商09,O-D009-2026Q1-C0077,D009-C0077,2026-02-17,2026Q1,false,24859.28,桂中,erp:order:O-D009-2026Q1-C0077
tenant-demo,D009,经销商09,O-D009-2026Q2-C0077,D009-C0077,2026-04-15,2026Q2,false,46322.53,桂中,erp:order:O-D009-2026Q2-C0077
tenant-demo,D009,经销商09,O-D009-2026Q1-C0078,D009-C0078,2026-02-13,2026Q1,true,38687.03,桂中,erp:order:O-D009-2026Q1-C0078
tenant-demo,D009,经销商09,O-D009-2026Q2-C0078,D009-C0078,2026-04-21,2026Q2,true,7906.55,桂中,erp:order:O-D009-2026Q2-C0078
tenant-demo,D009,经销商09,O-D009-2026Q1-C0079,D009-C0079,2026-03-21,2026Q1,true,8871.55,桂中,erp:order:O-D009-2026Q1-C0079
tenant-demo,D009,经销商09,O-D009-2026Q2-C0079,D009-C0079,2026-06-28,2026Q2,true,42975.4,桂中,erp:order:O-D009-2026Q2-C0079
tenant-demo,D009,经销商09,O-D009-2026Q1-C0080,D009-C0080,2026-01-09,2026Q1,true,27029.99,桂中,erp:order:O-D009-2026Q1-C0080
tenant-demo,D009,经销商09,O-D009-2026Q2-C0080,D009-C0080,2026-04-04,2026Q2,false,9359.29,桂中,erp:order:O-D009-2026Q2-C0080
tenant-demo,D009,经销商09,O-D009-2026Q1-C0081,D009-C0081,2026-02-20,2026Q1,true,16876.85,桂中,erp:order:O-D009-2026Q1-C0081
tenant-demo,D009,经销商09,O-D009-2026Q2-C0081,D009-C0081,2026-05-21,2026Q2,false,32073.55,桂中,erp:order:O-D009-2026Q2-C0081
tenant-demo,D009,经销商09,O-D009-2026Q1-C0082,D009-C0082,2026-02-02,2026Q1,false,43699.51,桂中,erp:order:O-D009-2026Q1-C0082
tenant-demo,D009,经销商09,O-D009-2026Q2-C0082,D009-C0082,2026-05-15,2026Q2,true,6072.06,桂中,erp:order:O-D009-2026Q2-C0082
tenant-demo,D009,经销商09,O-D009-2026Q1-C0083,D009-C0083,2026-02-14,2026Q1,false,31972.31,桂中,erp:order:O-D009-2026Q1-C0083
tenant-demo,D009,经销商09,O-D009-2026Q2-C0083,D009-C0083,2026-04-21,2026Q2,true,21116.29,桂中,erp:order:O-D009-2026Q2-C0083
tenant-demo,D009,经销商09,O-D009-2026Q1-C0084,D009-C0084,2026-01-24,2026Q1,false,19264.13,桂中,erp:order:O-D009-2026Q1-C0084
tenant-demo,D009,经销商09,O-D009-2026Q2-C0084,D009-C0084,2026-04-21,2026Q2,true,15322.28,桂中,erp:order:O-D009-2026Q2-C0084
tenant-demo,D009,经销商09,O-D009-2026Q1-C0085,D009-C0085,2026-03-22,2026Q1,false,38775.11,桂中,erp:order:O-D009-2026Q1-C0085
tenant-demo,D009,经销商09,O-D009-2026Q2-C0085,D009-C0085,2026-04-27,2026Q2,false,47296.99,桂中,erp:order:O-D009-2026Q2-C0085
tenant-demo,D009,经销商09,O-D009-2026Q1-C0086,D009-C0086,2026-03-11,2026Q1,true,31376.32,桂中,erp:order:O-D009-2026Q1-C0086
tenant-demo,D009,经销商09,O-D009-2026Q2-C0086,D009-C0086,2026-06-09,2026Q2,false,15363.3,桂中,erp:order:O-D009-2026Q2-C0086
tenant-demo,D009,经销商09,O-D009-2026Q1-C0087,D009-C0087,2026-01-21,2026Q1,false,28110.52,桂中,erp:order:O-D009-2026Q1-C0087
tenant-demo,D009,经销商09,O-D009-2026Q2-C0087,D009-C0087,2026-05-08,2026Q2,true,42410.66,桂中,erp:order:O-D009-2026Q2-C0087
tenant-demo,D009,经销商09,O-D009-2026Q1-C0088,D009-C0088,2026-03-06,2026Q1,false,29686.37,桂中,erp:order:O-D009-2026Q1-C0088
tenant-demo,D009,经销商09,O-D009-2026Q2-C0088,D009-C0088,2026-05-13,2026Q2,false,45362.34,桂中,erp:order:O-D009-2026Q2-C0088
tenant-demo,D009,经销商09,O-D009-2026Q1-C0089,D009-C0089,2026-01-01,2026Q1,true,13493.5,桂中,erp:order:O-D009-2026Q1-C0089
tenant-demo,D009,经销商09,O-D009-2026Q2-C0089,D009-C0089,2026-05-15,2026Q2,false,46638.31,桂中,erp:order:O-D009-2026Q2-C0089
tenant-demo,D009,经销商09,O-D009-2026Q1-C0090,D009-C0090,2026-03-19,2026Q1,true,46820.76,桂中,erp:order:O-D009-2026Q1-C0090
tenant-demo,D009,经销商09,O-D009-2026Q2-C0090,D009-C0090,2026-06-04,2026Q2,false,34146.69,桂中,erp:order:O-D009-2026Q2-C0090
tenant-demo,D009,经销商09,O-D009-2026Q1-C0091,D009-C0091,2026-02-20,2026Q1,false,30808.18,桂中,erp:order:O-D009-2026Q1-C0091
tenant-demo,D009,经销商09,O-D009-2026Q2-C0091,D009-C0091,2026-05-27,2026Q2,false,16366.45,桂中,erp:order:O-D009-2026Q2-C0091
tenant-demo,D009,经销商09,O-D009-2026Q1-C0092,D009-C0092,2026-01-24,2026Q1,false,25503.98,桂中,erp:order:O-D009-2026Q1-C0092
tenant-demo,D009,经销商09,O-D009-2026Q2-C0092,D009-C0092,2026-04-16,2026Q2,false,41902.18,桂中,erp:order:O-D009-2026Q2-C0092
tenant-demo,D009,经销商09,O-D009-2026Q1-C0093,D009-C0093,2026-02-23,2026Q1,false,5226.73,桂中,erp:order:O-D009-2026Q1-C0093
tenant-demo,D009,经销商09,O-D009-2026Q2-C0093,D009-C0093,2026-05-16,2026Q2,true,37732.99,桂中,erp:order:O-D009-2026Q2-C0093
tenant-demo,D009,经销商09,O-D009-2026Q1-C0094,D009-C0094,2026-03-25,2026Q1,true,25581.09,桂中,erp:order:O-D009-2026Q1-C0094
tenant-demo,D009,经销商09,O-D009-2026Q2-C0094,D009-C0094,2026-04-09,2026Q2,false,10145.59,桂中,erp:order:O-D009-2026Q2-C0094
tenant-demo,D009,经销商09,O-D009-2026Q1-C0095,D009-C0095,2026-03-28,2026Q1,true,20467.19,桂中,erp:order:O-D009-2026Q1-C0095
tenant-demo,D009,经销商09,O-D009-2026Q2-C0095,D009-C0095,2026-06-07,2026Q2,false,11360.56,桂中,erp:order:O-D009-2026Q2-C0095
tenant-demo,D009,经销商09,O-D009-2026Q1-C0096,D009-C0096,2026-02-09,2026Q1,true,21412.28,桂中,erp:order:O-D009-2026Q1-C0096
tenant-demo,D009,经销商09,O-D009-2026Q2-C0096,D009-C0096,2026-06-26,2026Q2,false,25658.91,桂中,erp:order:O-D009-2026Q2-C0096
tenant-demo,D009,经销商09,O-D009-2026Q1-C0097,D009-C0097,2026-01-27,2026Q1,false,6077.14,桂中,erp:order:O-D009-2026Q1-C0097
tenant-demo,D009,经销商09,O-D009-2026Q2-C0097,D009-C0097,2026-06-01,2026Q2,true,20583.71,桂中,erp:order:O-D009-2026Q2-C0097
tenant-demo,D009,经销商09,O-D009-2026Q1-C0098,D009-C0098,2026-03-06,2026Q1,false,43640.36,桂中,erp:order:O-D009-2026Q1-C0098
tenant-demo,D009,经销商09,O-D009-2026Q2-C0098,D009-C0098,2026-05-07,2026Q2,false,16874.11,桂中,erp:order:O-D009-2026Q2-C0098
tenant-demo,D009,经销商09,O-D009-2026Q1-C0099,D009-C0099,2026-01-26,2026Q1,false,8159.63,桂中,erp:order:O-D009-2026Q1-C0099
tenant-demo,D009,经销商09,O-D009-2026Q2-C0099,D009-C0099,2026-06-03,2026Q2,true,13723.97,桂中,erp:order:O-D009-2026Q2-C0099
tenant-demo,D009,经销商09,O-D009-2026Q1-C0100,D009-C0100,2026-03-24,2026Q1,true,16803.52,桂中,erp:order:O-D009-2026Q1-C0100
tenant-demo,D009,经销商09,O-D009-2026Q2-C0100,D009-C0100,2026-05-18,2026Q2,false,36236.01,桂中,erp:order:O-D009-2026Q2-C0100
tenant-demo,D009,经销商09,O-D009-2026Q1-C0101,D009-C0101,2026-03-27,2026Q1,false,9509.63,桂中,erp:order:O-D009-2026Q1-C0101
tenant-demo,D009,经销商09,O-D009-2026Q2-C0101,D009-C0101,2026-04-08,2026Q2,false,8385.01,桂中,erp:order:O-D009-2026Q2-C0101
tenant-demo,D009,经销商09,O-D009-2026Q1-C0102,D009-C0102,2026-03-13,2026Q1,false,13941.03,桂中,erp:order:O-D009-2026Q1-C0102
tenant-demo,D009,经销商09,O-D009-2026Q2-C0102,D009-C0102,2026-05-06,2026Q2,false,46089.63,桂中,erp:order:O-D009-2026Q2-C0102
tenant-demo,D009,经销商09,O-D009-2026Q1-C0103,D009-C0103,2026-02-17,2026Q1,false,27404.99,桂中,erp:order:O-D009-2026Q1-C0103
tenant-demo,D009,经销商09,O-D009-2026Q2-C0103,D009-C0103,2026-06-14,2026Q2,false,26846.26,桂中,erp:order:O-D009-2026Q2-C0103
tenant-demo,D009,经销商09,O-D009-2026Q1-C0104,D009-C0104,2026-03-10,2026Q1,false,38855.1,桂中,erp:order:O-D009-2026Q1-C0104
tenant-demo,D009,经销商09,O-D009-2026Q2-C0104,D009-C0104,2026-05-12,2026Q2,true,9093.68,桂中,erp:order:O-D009-2026Q2-C0104
tenant-demo,D009,经销商09,O-D009-2026Q1-C0105,D009-C0105,2026-01-14,2026Q1,true,17002.54,桂中,erp:order:O-D009-2026Q1-C0105
tenant-demo,D009,经销商09,O-D009-2026Q2-C0105,D009-C0105,2026-06-16,2026Q2,true,10322.12,桂中,erp:order:O-D009-2026Q2-C0105
tenant-demo,D009,经销商09,O-D009-2026Q1-C0106,D009-C0106,2026-02-10,2026Q1,false,33841.33,桂中,erp:order:O-D009-2026Q1-C0106
tenant-demo,D009,经销商09,O-D009-2026Q2-C0106,D009-C0106,2026-04-03,2026Q2,true,23618.44,桂中,erp:order:O-D009-2026Q2-C0106
tenant-demo,D009,经销商09,O-D009-2026Q1-C0107,D009-C0107,2026-02-07,2026Q1,false,20879.47,桂中,erp:order:O-D009-2026Q1-C0107
tenant-demo,D009,经销商09,O-D009-2026Q2-C0107,D009-C0107,2026-05-10,2026Q2,false,13952.09,桂中,erp:order:O-D009-2026Q2-C0107
tenant-demo,D009,经销商09,O-D009-2026Q1-C0108,D009-C0108,2026-02-17,2026Q1,false,22594.11,桂中,erp:order:O-D009-2026Q1-C0108
tenant-demo,D009,经销商09,O-D009-2026Q2-C0108,D009-C0108,2026-04-15,2026Q2,false,12550.49,桂中,erp:order:O-D009-2026Q2-C0108
tenant-demo,D009,经销商09,O-D009-2026Q1-C0109,D009-C0109,2026-03-14,2026Q1,false,7054.41,桂中,erp:order:O-D009-2026Q1-C0109
tenant-demo,D009,经销商09,O-D009-2026Q2-C0109,D009-C0109,2026-04-19,2026Q2,false,20916.64,桂中,erp:order:O-D009-2026Q2-C0109
tenant-demo,D009,经销商09,O-D009-2026Q1-C0110,D009-C0110,2026-03-20,2026Q1,true,28928.74,桂中,erp:order:O-D009-2026Q1-C0110
tenant-demo,D009,经销商09,O-D009-2026Q2-C0110,D009-C0110,2026-05-20,2026Q2,true,15748.08,桂中,erp:order:O-D009-2026Q2-C0110
tenant-demo,D009,经销商09,O-D009-2026Q1-C0111,D009-C0111,2026-03-11,2026Q1,false,45250.1,桂中,erp:order:O-D009-2026Q1-C0111
tenant-demo,D009,经销商09,O-D009-2026Q2-C0111,D009-C0111,2026-05-08,2026Q2,false,23077.7,桂中,erp:order:O-D009-2026Q2-C0111
tenant-demo,D009,经销商09,O-D009-2026Q1-C0112,D009-C0112,2026-01-15,2026Q1,true,13257.83,桂中,erp:order:O-D009-2026Q1-C0112
tenant-demo,D009,经销商09,O-D009-2026Q2-C0112,D009-C0112,2026-05-21,2026Q2,false,5660.88,桂中,erp:order:O-D009-2026Q2-C0112
tenant-demo,D009,经销商09,O-D009-2026Q1-C0113,D009-C0113,2026-01-19,2026Q1,false,7301.74,桂中,erp:order:O-D009-2026Q1-C0113
tenant-demo,D009,经销商09,O-D009-2026Q2-C0113,D009-C0113,2026-06-21,2026Q2,false,5739.68,桂中,erp:order:O-D009-2026Q2-C0113
tenant-demo,D009,经销商09,O-D009-2026Q1-C0114,D009-C0114,2026-03-02,2026Q1,false,24744.39,桂中,erp:order:O-D009-2026Q1-C0114
tenant-demo,D009,经销商09,O-D009-2026Q2-C0114,D009-C0114,2026-05-15,2026Q2,false,39371.3,桂中,erp:order:O-D009-2026Q2-C0114
tenant-demo,D009,经销商09,O-D009-2026Q1-C0115,D009-C0115,2026-01-28,2026Q1,true,36167.18,桂中,erp:order:O-D009-2026Q1-C0115
tenant-demo,D009,经销商09,O-D009-2026Q2-C0115,D009-C0115,2026-06-06,2026Q2,false,39880.23,桂中,erp:order:O-D009-2026Q2-C0115
tenant-demo,D009,经销商09,O-D009-2026Q1-C0116,D009-C0116,2026-01-03,2026Q1,false,22808.07,桂中,erp:order:O-D009-2026Q1-C0116
tenant-demo,D009,经销商09,O-D009-2026Q2-C0116,D009-C0116,2026-04-06,2026Q2,true,20023.48,桂中,erp:order:O-D009-2026Q2-C0116
tenant-demo,D009,经销商09,O-D009-2026Q1-C0117,D009-C0117,2026-02-06,2026Q1,false,12060.38,桂中,erp:order:O-D009-2026Q1-C0117
tenant-demo,D009,经销商09,O-D009-2026Q2-C0117,D009-C0117,2026-05-15,2026Q2,true,28442.37,桂中,erp:order:O-D009-2026Q2-C0117
tenant-demo,D009,经销商09,O-D009-2026Q1-C0118,D009-C0118,2026-01-14,2026Q1,true,49241.87,桂中,erp:order:O-D009-2026Q1-C0118
tenant-demo,D009,经销商09,O-D009-2026Q2-C0118,D009-C0118,2026-05-13,2026Q2,false,43981.63,桂中,erp:order:O-D009-2026Q2-C0118
tenant-demo,D009,经销商09,O-D009-2026Q1-C0119,D009-C0119,2026-02-21,2026Q1,false,10926.14,桂中,erp:order:O-D009-2026Q1-C0119
tenant-demo,D009,经销商09,O-D009-2026Q2-C0119,D009-C0119,2026-05-23,2026Q2,false,12868.61,桂中,erp:order:O-D009-2026Q2-C0119
tenant-demo,D009,经销商09,O-D009-2026Q1-C0120,D009-C0120,2026-01-10,2026Q1,true,46138.01,桂中,erp:order:O-D009-2026Q1-C0120
tenant-demo,D009,经销商09,O-D009-2026Q2-C0120,D009-C0120,2026-06-19,2026Q2,false,17530.54,桂中,erp:order:O-D009-2026Q2-C0120
tenant-demo,D009,经销商09,O-D009-2026Q1-C0121,D009-C0121,2026-01-05,2026Q1,false,38572.78,桂中,erp:order:O-D009-2026Q1-C0121
tenant-demo,D009,经销商09,O-D009-2026Q2-C0121,D009-C0121,2026-04-02,2026Q2,true,16573.34,桂中,erp:order:O-D009-2026Q2-C0121
tenant-demo,D009,经销商09,O-D009-2026Q1-C0122,D009-C0122,2026-02-13,2026Q1,true,28221.76,桂中,erp:order:O-D009-2026Q1-C0122
tenant-demo,D009,经销商09,O-D009-2026Q2-C0122,D009-C0122,2026-05-03,2026Q2,false,17943.25,桂中,erp:order:O-D009-2026Q2-C0122
tenant-demo,D009,经销商09,O-D009-2026Q1-C0123,D009-C0123,2026-01-23,2026Q1,false,19572.78,桂中,erp:order:O-D009-2026Q1-C0123
tenant-demo,D009,经销商09,O-D009-2026Q2-C0123,D009-C0123,2026-06-03,2026Q2,false,38024.22,桂中,erp:order:O-D009-2026Q2-C0123
tenant-demo,D009,经销商09,O-D009-2026Q1-C0124,D009-C0124,2026-01-13,2026Q1,true,7653.47,桂中,erp:order:O-D009-2026Q1-C0124
tenant-demo,D009,经销商09,O-D009-2026Q2-C0124,D009-C0124,2026-05-14,2026Q2,true,8609.79,桂中,erp:order:O-D009-2026Q2-C0124
tenant-demo,D009,经销商09,O-D009-2026Q1-C0125,D009-C0125,2026-03-10,2026Q1,true,31382.69,桂中,erp:order:O-D009-2026Q1-C0125
tenant-demo,D009,经销商09,O-D009-2026Q2-C0125,D009-C0125,2026-04-08,2026Q2,true,45743.74,桂中,erp:order:O-D009-2026Q2-C0125
tenant-demo,D009,经销商09,O-D009-2026Q1-C0126,D009-C0126,2026-03-22,2026Q1,false,27133.09,桂中,erp:order:O-D009-2026Q1-C0126
tenant-demo,D009,经销商09,O-D009-2026Q2-C0126,D009-C0126,2026-04-04,2026Q2,false,6052.52,桂中,erp:order:O-D009-2026Q2-C0126
tenant-demo,D009,经销商09,O-D009-2026Q1-C0127,D009-C0127,2026-01-28,2026Q1,false,30226.45,桂中,erp:order:O-D009-2026Q1-C0127
tenant-demo,D009,经销商09,O-D009-2026Q2-C0127,D009-C0127,2026-05-27,2026Q2,true,25433.0,桂中,erp:order:O-D009-2026Q2-C0127
tenant-demo,D009,经销商09,O-D009-2026Q1-C0128,D009-C0128,2026-02-19,2026Q1,false,16679.43,桂中,erp:order:O-D009-2026Q1-C0128
tenant-demo,D009,经销商09,O-D009-2026Q2-C0128,D009-C0128,2026-05-06,2026Q2,true,37971.42,桂中,erp:order:O-D009-2026Q2-C0128
tenant-demo,D009,经销商09,O-D009-2026Q1-C0129,D009-C0129,2026-01-03,2026Q1,false,8318.6,桂中,erp:order:O-D009-2026Q1-C0129
tenant-demo,D009,经销商09,O-D009-2026Q2-C0129,D009-C0129,2026-05-12,2026Q2,false,10615.21,桂中,erp:order:O-D009-2026Q2-C0129
tenant-demo,D009,经销商09,O-D009-2026Q1-C0130,D009-C0130,2026-03-10,2026Q1,true,45442.56,桂中,erp:order:O-D009-2026Q1-C0130
tenant-demo,D009,经销商09,O-D009-2026Q2-C0130,D009-C0130,2026-06-04,2026Q2,false,16941.47,桂中,erp:order:O-D009-2026Q2-C0130
tenant-demo,D009,经销商09,O-D009-2026Q1-C0131,D009-C0131,2026-02-14,2026Q1,true,48330.34,桂中,erp:order:O-D009-2026Q1-C0131
tenant-demo,D009,经销商09,O-D009-2026Q2-C0131,D009-C0131,2026-05-01,2026Q2,true,45341.25,桂中,erp:order:O-D009-2026Q2-C0131
tenant-demo,D009,经销商09,O-D009-2026Q1-C0132,D009-C0132,2026-03-20,2026Q1,false,10493.29,桂中,erp:order:O-D009-2026Q1-C0132
tenant-demo,D009,经销商09,O-D009-2026Q2-C0132,D009-C0132,2026-04-04,2026Q2,false,31226.47,桂中,erp:order:O-D009-2026Q2-C0132
tenant-demo,D009,经销商09,O-D009-2026Q1-C0133,D009-C0133,2026-01-08,2026Q1,true,29953.53,桂中,erp:order:O-D009-2026Q1-C0133
tenant-demo,D009,经销商09,O-D009-2026Q2-C0133,D009-C0133,2026-06-05,2026Q2,false,16320.57,桂中,erp:order:O-D009-2026Q2-C0133
tenant-demo,D009,经销商09,O-D009-2026Q1-C0134,D009-C0134,2026-01-25,2026Q1,true,37680.41,桂中,erp:order:O-D009-2026Q1-C0134
tenant-demo,D009,经销商09,O-D009-2026Q2-C0134,D009-C0134,2026-04-13,2026Q2,false,33162.1,桂中,erp:order:O-D009-2026Q2-C0134
tenant-demo,D009,经销商09,O-D009-2026Q1-C0135,D009-C0135,2026-02-20,2026Q1,true,46353.89,桂中,erp:order:O-D009-2026Q1-C0135
tenant-demo,D009,经销商09,O-D009-2026Q2-C0135,D009-C0135,2026-06-12,2026Q2,false,26514.39,桂中,erp:order:O-D009-2026Q2-C0135
tenant-demo,D009,经销商09,O-D009-2026Q1-C0136,D009-C0136,2026-01-16,2026Q1,true,16076.0,桂中,erp:order:O-D009-2026Q1-C0136
tenant-demo,D009,经销商09,O-D009-2026Q2-C0136,D009-C0136,2026-06-18,2026Q2,false,9229.83,桂中,erp:order:O-D009-2026Q2-C0136
tenant-demo,D009,经销商09,O-D009-2026Q1-C0137,D009-C0137,2026-03-07,2026Q1,false,43593.4,桂中,erp:order:O-D009-2026Q1-C0137
tenant-demo,D009,经销商09,O-D009-2026Q2-C0137,D009-C0137,2026-05-17,2026Q2,false,23689.46,桂中,erp:order:O-D009-2026Q2-C0137
tenant-demo,D009,经销商09,O-D009-2026Q1-C0138,D009-C0138,2026-03-21,2026Q1,true,8994.55,桂中,erp:order:O-D009-2026Q1-C0138
tenant-demo,D009,经销商09,O-D009-2026Q2-C0138,D009-C0138,2026-04-03,2026Q2,false,24395.04,桂中,erp:order:O-D009-2026Q2-C0138
tenant-demo,D009,经销商09,O-D009-2026Q1-C0139,D009-C0139,2026-01-19,2026Q1,false,16584.92,桂中,erp:order:O-D009-2026Q1-C0139
tenant-demo,D009,经销商09,O-D009-2026Q2-C0139,D009-C0139,2026-05-07,2026Q2,false,6159.48,桂中,erp:order:O-D009-2026Q2-C0139
tenant-demo,D009,经销商09,O-D009-2026Q1-C0140,D009-C0140,2026-01-14,2026Q1,true,22555.41,桂中,erp:order:O-D009-2026Q1-C0140
tenant-demo,D009,经销商09,O-D009-2026Q2-C0140,D009-C0140,2026-05-23,2026Q2,true,25980.13,桂中,erp:order:O-D009-2026Q2-C0140
tenant-demo,D009,经销商09,O-D009-2026Q1-C0141,D009-C0141,2026-03-26,2026Q1,false,5473.26,桂中,erp:order:O-D009-2026Q1-C0141
tenant-demo,D009,经销商09,O-D009-2026Q2-C0141,D009-C0141,2026-05-16,2026Q2,false,21289.0,桂中,erp:order:O-D009-2026Q2-C0141
tenant-demo,D009,经销商09,O-D009-2026Q1-C0142,D009-C0142,2026-01-07,2026Q1,false,40897.18,桂中,erp:order:O-D009-2026Q1-C0142
tenant-demo,D009,经销商09,O-D009-2026Q2-C0142,D009-C0142,2026-06-05,2026Q2,false,15336.73,桂中,erp:order:O-D009-2026Q2-C0142
tenant-demo,D009,经销商09,O-D009-2026Q1-C0143,D009-C0143,2026-03-27,2026Q1,false,15515.35,桂中,erp:order:O-D009-2026Q1-C0143
tenant-demo,D009,经销商09,O-D009-2026Q2-C0143,D009-C0143,2026-05-12,2026Q2,false,30902.53,桂中,erp:order:O-D009-2026Q2-C0143
tenant-demo,D009,经销商09,O-D009-2026Q1-C0144,D009-C0144,2026-01-16,2026Q1,true,9877.67,桂中,erp:order:O-D009-2026Q1-C0144
tenant-demo,D009,经销商09,O-D009-2026Q2-C0144,D009-C0144,2026-06-16,2026Q2,true,27876.49,桂中,erp:order:O-D009-2026Q2-C0144
tenant-demo,D009,经销商09,O-D009-2026Q1-C0145,D009-C0145,2026-02-27,2026Q1,false,15791.74,桂中,erp:order:O-D009-2026Q1-C0145
tenant-demo,D009,经销商09,O-D009-2026Q2-C0145,D009-C0145,2026-04-05,2026Q2,true,12085.89,桂中,erp:order:O-D009-2026Q2-C0145
tenant-demo,D009,经销商09,O-D009-2026Q1-C0146,D009-C0146,2026-01-24,2026Q1,false,7168.61,桂中,erp:order:O-D009-2026Q1-C0146
tenant-demo,D009,经销商09,O-D009-2026Q2-C0146,D009-C0146,2026-05-06,2026Q2,true,31277.09,桂中,erp:order:O-D009-2026Q2-C0146
tenant-demo,D009,经销商09,O-D009-2026Q1-C0147,D009-C0147,2026-01-05,2026Q1,false,8379.18,桂中,erp:order:O-D009-2026Q1-C0147
tenant-demo,D009,经销商09,O-D009-2026Q2-C0147,D009-C0147,2026-05-26,2026Q2,true,15027.93,桂中,erp:order:O-D009-2026Q2-C0147
tenant-demo,D009,经销商09,O-D009-2026Q1-C0148,D009-C0148,2026-02-20,2026Q1,false,28094.43,桂中,erp:order:O-D009-2026Q1-C0148
tenant-demo,D009,经销商09,O-D009-2026Q2-C0148,D009-C0148,2026-04-05,2026Q2,false,15273.98,桂中,erp:order:O-D009-2026Q2-C0148
tenant-demo,D009,经销商09,O-D009-2026Q1-C0149,D009-C0149,2026-02-17,2026Q1,false,44013.9,桂中,erp:order:O-D009-2026Q1-C0149
tenant-demo,D009,经销商09,O-D009-2026Q2-C0149,D009-C0149,2026-06-20,2026Q2,true,9208.3,桂中,erp:order:O-D009-2026Q2-C0149
tenant-demo,D009,经销商09,O-D009-2026Q1-C0150,D009-C0150,2026-01-12,2026Q1,false,43361.1,桂中,erp:order:O-D009-2026Q1-C0150
tenant-demo,D009,经销商09,O-D009-2026Q2-C0150,D009-C0150,2026-06-05,2026Q2,false,7365.06,桂中,erp:order:O-D009-2026Q2-C0150
tenant-demo,D009,经销商09,O-D009-2026Q1-C0151,D009-C0151,2026-01-13,2026Q1,false,21396.41,桂中,erp:order:O-D009-2026Q1-C0151
tenant-demo,D009,经销商09,O-D009-2026Q2-C0151,D009-C0151,2026-06-21,2026Q2,true,29211.19,桂中,erp:order:O-D009-2026Q2-C0151
tenant-demo,D009,经销商09,O-D009-2026Q1-C0152,D009-C0152,2026-01-26,2026Q1,false,33229.39,桂中,erp:order:O-D009-2026Q1-C0152
tenant-demo,D009,经销商09,O-D009-2026Q2-C0152,D009-C0152,2026-05-17,2026Q2,false,11217.5,桂中,erp:order:O-D009-2026Q2-C0152
tenant-demo,D009,经销商09,O-D009-2026Q1-C0153,D009-C0153,2026-01-18,2026Q1,false,13754.93,桂中,erp:order:O-D009-2026Q1-C0153
tenant-demo,D009,经销商09,O-D009-2026Q2-C0153,D009-C0153,2026-05-15,2026Q2,true,43173.66,桂中,erp:order:O-D009-2026Q2-C0153
tenant-demo,D009,经销商09,O-D009-2026Q1-C0154,D009-C0154,2026-01-04,2026Q1,false,18642.08,桂中,erp:order:O-D009-2026Q1-C0154
tenant-demo,D009,经销商09,O-D009-2026Q2-C0154,D009-C0154,2026-06-01,2026Q2,true,47488.09,桂中,erp:order:O-D009-2026Q2-C0154
tenant-demo,D009,经销商09,O-D009-2026Q1-C0155,D009-C0155,2026-03-10,2026Q1,false,11023.88,桂中,erp:order:O-D009-2026Q1-C0155
tenant-demo,D009,经销商09,O-D009-2026Q2-C0155,D009-C0155,2026-05-23,2026Q2,true,36375.36,桂中,erp:order:O-D009-2026Q2-C0155
tenant-demo,D009,经销商09,O-D009-2026Q1-C0156,D009-C0156,2026-03-01,2026Q1,false,19247.03,桂中,erp:order:O-D009-2026Q1-C0156
tenant-demo,D009,经销商09,O-D009-2026Q2-C0156,D009-C0156,2026-04-28,2026Q2,false,42276.65,桂中,erp:order:O-D009-2026Q2-C0156
tenant-demo,D009,经销商09,O-D009-2026Q1-C0157,D009-C0157,2026-02-10,2026Q1,false,45319.33,桂中,erp:order:O-D009-2026Q1-C0157
tenant-demo,D009,经销商09,O-D009-2026Q2-C0157,D009-C0157,2026-05-15,2026Q2,false,10689.52,桂中,erp:order:O-D009-2026Q2-C0157
tenant-demo,D009,经销商09,O-D009-2026Q1-C0158,D009-C0158,2026-02-05,2026Q1,true,27807.74,桂中,erp:order:O-D009-2026Q1-C0158
tenant-demo,D009,经销商09,O-D009-2026Q2-C0158,D009-C0158,2026-05-07,2026Q2,false,46418.62,桂中,erp:order:O-D009-2026Q2-C0158
tenant-demo,D009,经销商09,O-D009-2026Q1-C0159,D009-C0159,2026-02-09,2026Q1,true,13969.23,桂中,erp:order:O-D009-2026Q1-C0159
tenant-demo,D009,经销商09,O-D009-2026Q2-C0159,D009-C0159,2026-04-23,2026Q2,false,20326.09,桂中,erp:order:O-D009-2026Q2-C0159
tenant-demo,D009,经销商09,O-D009-2026Q1-C0160,D009-C0160,2026-03-11,2026Q1,true,39979.4,桂中,erp:order:O-D009-2026Q1-C0160
tenant-demo,D009,经销商09,O-D009-2026Q2-C0160,D009-C0160,2026-05-27,2026Q2,false,31295.03,桂中,erp:order:O-D009-2026Q2-C0160
tenant-demo,D009,经销商09,O-D009-2026Q1-C0161,D009-C0161,2026-03-20,2026Q1,false,20833.4,桂中,erp:order:O-D009-2026Q1-C0161
tenant-demo,D009,经销商09,O-D009-2026Q2-C0161,D009-C0161,2026-05-11,2026Q2,false,36503.39,桂中,erp:order:O-D009-2026Q2-C0161
tenant-demo,D009,经销商09,O-D009-2026Q1-C0162,D009-C0162,2026-03-23,2026Q1,false,38698.93,桂中,erp:order:O-D009-2026Q1-C0162
tenant-demo,D009,经销商09,O-D009-2026Q2-C0162,D009-C0162,2026-06-25,2026Q2,false,20655.62,桂中,erp:order:O-D009-2026Q2-C0162
tenant-demo,D009,经销商09,O-D009-2026Q1-C0163,D009-C0163,2026-01-24,2026Q1,true,5162.46,桂中,erp:order:O-D009-2026Q1-C0163
tenant-demo,D009,经销商09,O-D009-2026Q2-C0163,D009-C0163,2026-06-20,2026Q2,true,24951.49,桂中,erp:order:O-D009-2026Q2-C0163
tenant-demo,D009,经销商09,O-D009-2026Q1-C0164,D009-C0164,2026-01-28,2026Q1,true,24751.24,桂中,erp:order:O-D009-2026Q1-C0164
tenant-demo,D009,经销商09,O-D009-2026Q2-C0164,D009-C0164,2026-04-12,2026Q2,false,21126.15,桂中,erp:order:O-D009-2026Q2-C0164
tenant-demo,D009,经销商09,O-D009-2026Q1-C0165,D009-C0165,2026-03-19,2026Q1,false,30250.01,桂中,erp:order:O-D009-2026Q1-C0165
tenant-demo,D009,经销商09,O-D009-2026Q2-C0165,D009-C0165,2026-04-19,2026Q2,false,39393.78,桂中,erp:order:O-D009-2026Q2-C0165
tenant-demo,D009,经销商09,O-D009-2026Q1-C0166,D009-C0166,2026-03-09,2026Q1,true,20621.86,桂中,erp:order:O-D009-2026Q1-C0166
tenant-demo,D009,经销商09,O-D009-2026Q2-C0166,D009-C0166,2026-06-11,2026Q2,false,20939.07,桂中,erp:order:O-D009-2026Q2-C0166
tenant-demo,D009,经销商09,O-D009-2026Q1-C0167,D009-C0167,2026-01-11,2026Q1,true,21100.92,桂中,erp:order:O-D009-2026Q1-C0167
tenant-demo,D009,经销商09,O-D009-2026Q2-C0167,D009-C0167,2026-05-15,2026Q2,false,47214.99,桂中,erp:order:O-D009-2026Q2-C0167
tenant-demo,D009,经销商09,O-D009-2026Q1-C0168,D009-C0168,2026-01-26,2026Q1,true,44405.06,桂中,erp:order:O-D009-2026Q1-C0168
tenant-demo,D009,经销商09,O-D009-2026Q2-C0168,D009-C0168,2026-05-03,2026Q2,true,15489.8,桂中,erp:order:O-D009-2026Q2-C0168
tenant-demo,D009,经销商09,O-D009-2026Q1-C0169,D009-C0169,2026-02-11,2026Q1,true,36685.39,桂中,erp:order:O-D009-2026Q1-C0169
tenant-demo,D009,经销商09,O-D009-2026Q2-C0169,D009-C0169,2026-05-01,2026Q2,true,23809.68,桂中,erp:order:O-D009-2026Q2-C0169
tenant-demo,D009,经销商09,O-D009-2026Q1-C0170,D009-C0170,2026-03-03,2026Q1,false,26687.13,桂中,erp:order:O-D009-2026Q1-C0170
tenant-demo,D009,经销商09,O-D009-2026Q2-C0170,D009-C0170,2026-04-06,2026Q2,false,21151.17,桂中,erp:order:O-D009-2026Q2-C0170
tenant-demo,D009,经销商09,O-D009-2026Q1-C0171,D009-C0171,2026-02-21,2026Q1,false,25016.9,桂中,erp:order:O-D009-2026Q1-C0171
tenant-demo,D009,经销商09,O-D009-2026Q2-C0171,D009-C0171,2026-04-10,2026Q2,true,19730.21,桂中,erp:order:O-D009-2026Q2-C0171
tenant-demo,D009,经销商09,O-D009-2026Q1-C0172,D009-C0172,2026-03-12,2026Q1,true,24043.47,桂中,erp:order:O-D009-2026Q1-C0172
tenant-demo,D009,经销商09,O-D009-2026Q2-C0172,D009-C0172,2026-06-06,2026Q2,false,22764.62,桂中,erp:order:O-D009-2026Q2-C0172
tenant-demo,D009,经销商09,O-D009-2026Q1-C0173,D009-C0173,2026-03-01,2026Q1,false,20553.03,桂中,erp:order:O-D009-2026Q1-C0173
tenant-demo,D009,经销商09,O-D009-2026Q2-C0173,D009-C0173,2026-06-23,2026Q2,false,7131.56,桂中,erp:order:O-D009-2026Q2-C0173
tenant-demo,D009,经销商09,O-D009-2026Q1-C0174,D009-C0174,2026-03-10,2026Q1,false,20853.34,桂中,erp:order:O-D009-2026Q1-C0174
tenant-demo,D009,经销商09,O-D009-2026Q2-C0174,D009-C0174,2026-06-20,2026Q2,false,39107.65,桂中,erp:order:O-D009-2026Q2-C0174
tenant-demo,D009,经销商09,O-D009-2026Q1-C0175,D009-C0175,2026-02-14,2026Q1,true,18723.38,桂中,erp:order:O-D009-2026Q1-C0175
tenant-demo,D009,经销商09,O-D009-2026Q2-C0175,D009-C0175,2026-04-19,2026Q2,true,26373.17,桂中,erp:order:O-D009-2026Q2-C0175
tenant-demo,D009,经销商09,O-D009-2026Q1-C0176,D009-C0176,2026-01-09,2026Q1,false,24189.21,桂中,erp:order:O-D009-2026Q1-C0176
tenant-demo,D009,经销商09,O-D009-2026Q2-C0176,D009-C0176,2026-06-16,2026Q2,false,35582.42,桂中,erp:order:O-D009-2026Q2-C0176
tenant-demo,D009,经销商09,O-D009-2026Q1-C0177,D009-C0177,2026-01-01,2026Q1,true,46996.47,桂中,erp:order:O-D009-2026Q1-C0177
tenant-demo,D009,经销商09,O-D009-2026Q2-C0177,D009-C0177,2026-04-06,2026Q2,false,8079.23,桂中,erp:order:O-D009-2026Q2-C0177
tenant-demo,D009,经销商09,O-D009-2026Q1-C0178,D009-C0178,2026-03-17,2026Q1,true,15367.99,桂中,erp:order:O-D009-2026Q1-C0178
tenant-demo,D009,经销商09,O-D009-2026Q2-C0178,D009-C0178,2026-05-03,2026Q2,false,39655.33,桂中,erp:order:O-D009-2026Q2-C0178
tenant-demo,D009,经销商09,O-D009-2026Q1-C0179,D009-C0179,2026-01-22,2026Q1,false,46987.76,桂中,erp:order:O-D009-2026Q1-C0179
tenant-demo,D009,经销商09,O-D009-2026Q2-C0179,D009-C0179,2026-06-05,2026Q2,true,34703.46,桂中,erp:order:O-D009-2026Q2-C0179
tenant-demo,D009,经销商09,O-D009-2026Q1-C0180,D009-C0180,2026-03-19,2026Q1,true,41296.16,桂中,erp:order:O-D009-2026Q1-C0180
tenant-demo,D009,经销商09,O-D009-2026Q2-C0180,D009-C0180,2026-06-03,2026Q2,true,33235.56,桂中,erp:order:O-D009-2026Q2-C0180
tenant-demo,D009,经销商09,O-D009-2026Q1-C0181,D009-C0181,2026-03-11,2026Q1,true,36363.54,桂中,erp:order:O-D009-2026Q1-C0181
tenant-demo,D009,经销商09,O-D009-2026Q2-C0181,D009-C0181,2026-06-23,2026Q2,true,28928.95,桂中,erp:order:O-D009-2026Q2-C0181
tenant-demo,D009,经销商09,O-D009-2026Q1-C0182,D009-C0182,2026-02-09,2026Q1,false,20873.71,桂中,erp:order:O-D009-2026Q1-C0182
tenant-demo,D009,经销商09,O-D009-2026Q2-C0182,D009-C0182,2026-05-03,2026Q2,false,26435.32,桂中,erp:order:O-D009-2026Q2-C0182
tenant-demo,D009,经销商09,O-D009-2026Q1-C0183,D009-C0183,2026-02-02,2026Q1,false,14670.86,桂中,erp:order:O-D009-2026Q1-C0183
tenant-demo,D009,经销商09,O-D009-2026Q2-C0183,D009-C0183,2026-04-28,2026Q2,true,18978.83,桂中,erp:order:O-D009-2026Q2-C0183
tenant-demo,D009,经销商09,O-D009-2026Q1-C0184,D009-C0184,2026-02-03,2026Q1,false,33196.36,桂中,erp:order:O-D009-2026Q1-C0184
tenant-demo,D009,经销商09,O-D009-2026Q2-C0184,D009-C0184,2026-06-14,2026Q2,false,16164.44,桂中,erp:order:O-D009-2026Q2-C0184
tenant-demo,D009,经销商09,O-D009-2026Q1-C0185,D009-C0185,2026-02-04,2026Q1,false,24333.64,桂中,erp:order:O-D009-2026Q1-C0185
tenant-demo,D009,经销商09,O-D009-2026Q2-C0185,D009-C0185,2026-04-27,2026Q2,true,44595.53,桂中,erp:order:O-D009-2026Q2-C0185
tenant-demo,D009,经销商09,O-D009-2026Q1-C0186,D009-C0186,2026-01-18,2026Q1,false,24333.12,桂中,erp:order:O-D009-2026Q1-C0186
tenant-demo,D009,经销商09,O-D009-2026Q2-C0186,D009-C0186,2026-04-17,2026Q2,false,39080.37,桂中,erp:order:O-D009-2026Q2-C0186
tenant-demo,D009,经销商09,O-D009-2026Q1-C0187,D009-C0187,2026-02-20,2026Q1,false,27915.14,桂中,erp:order:O-D009-2026Q1-C0187
tenant-demo,D009,经销商09,O-D009-2026Q2-C0187,D009-C0187,2026-05-13,2026Q2,true,48291.21,桂中,erp:order:O-D009-2026Q2-C0187
tenant-demo,D009,经销商09,O-D009-2026Q1-C0188,D009-C0188,2026-03-13,2026Q1,true,9949.99,桂中,erp:order:O-D009-2026Q1-C0188
tenant-demo,D009,经销商09,O-D009-2026Q2-C0188,D009-C0188,2026-06-18,2026Q2,true,26180.83,桂中,erp:order:O-D009-2026Q2-C0188
tenant-demo,D009,经销商09,O-D009-2026Q1-C0189,D009-C0189,2026-03-26,2026Q1,false,31844.47,桂中,erp:order:O-D009-2026Q1-C0189
tenant-demo,D009,经销商09,O-D009-2026Q2-C0189,D009-C0189,2026-04-16,2026Q2,false,19766.97,桂中,erp:order:O-D009-2026Q2-C0189
tenant-demo,D009,经销商09,O-D009-2026Q1-C0190,D009-C0190,2026-01-02,2026Q1,true,23935.07,桂中,erp:order:O-D009-2026Q1-C0190
tenant-demo,D009,经销商09,O-D009-2026Q2-C0190,D009-C0190,2026-06-15,2026Q2,false,27584.02,桂中,erp:order:O-D009-2026Q2-C0190
tenant-demo,D009,经销商09,O-D009-2026Q1-C0191,D009-C0191,2026-01-13,2026Q1,false,9897.45,桂中,erp:order:O-D009-2026Q1-C0191
tenant-demo,D009,经销商09,O-D009-2026Q2-C0191,D009-C0191,2026-04-22,2026Q2,true,25974.48,桂中,erp:order:O-D009-2026Q2-C0191
tenant-demo,D009,经销商09,O-D009-2026Q1-C0192,D009-C0192,2026-02-18,2026Q1,true,30178.17,桂中,erp:order:O-D009-2026Q1-C0192
tenant-demo,D009,经销商09,O-D009-2026Q2-C0192,D009-C0192,2026-05-02,2026Q2,false,5036.88,桂中,erp:order:O-D009-2026Q2-C0192
tenant-demo,D009,经销商09,O-D009-2026Q1-C0193,D009-C0193,2026-01-04,2026Q1,true,46202.5,桂中,erp:order:O-D009-2026Q1-C0193
tenant-demo,D009,经销商09,O-D009-2026Q2-C0193,D009-C0193,2026-04-16,2026Q2,false,24971.4,桂中,erp:order:O-D009-2026Q2-C0193
tenant-demo,D009,经销商09,O-D009-2026Q1-C0194,D009-C0194,2026-02-08,2026Q1,false,48640.37,桂中,erp:order:O-D009-2026Q1-C0194
tenant-demo,D009,经销商09,O-D009-2026Q2-C0194,D009-C0194,2026-04-12,2026Q2,false,10295.81,桂中,erp:order:O-D009-2026Q2-C0194
tenant-demo,D009,经销商09,O-D009-2026Q1-C0195,D009-C0195,2026-03-28,2026Q1,true,36663.57,桂中,erp:order:O-D009-2026Q1-C0195
tenant-demo,D009,经销商09,O-D009-2026Q2-C0195,D009-C0195,2026-04-01,2026Q2,true,11932.04,桂中,erp:order:O-D009-2026Q2-C0195
tenant-demo,D009,经销商09,O-D009-2026Q1-C0196,D009-C0196,2026-01-20,2026Q1,true,10120.12,桂中,erp:order:O-D009-2026Q1-C0196
tenant-demo,D009,经销商09,O-D009-2026Q2-C0196,D009-C0196,2026-05-19,2026Q2,true,48504.67,桂中,erp:order:O-D009-2026Q2-C0196
tenant-demo,D009,经销商09,O-D009-2026Q1-C0197,D009-C0197,2026-02-09,2026Q1,false,18876.09,桂中,erp:order:O-D009-2026Q1-C0197
tenant-demo,D009,经销商09,O-D009-2026Q2-C0197,D009-C0197,2026-05-12,2026Q2,true,43351.25,桂中,erp:order:O-D009-2026Q2-C0197
tenant-demo,D009,经销商09,O-D009-2026Q1-C0198,D009-C0198,2026-01-28,2026Q1,true,9833.8,桂中,erp:order:O-D009-2026Q1-C0198
tenant-demo,D009,经销商09,O-D009-2026Q2-C0198,D009-C0198,2026-05-04,2026Q2,false,25496.67,桂中,erp:order:O-D009-2026Q2-C0198
tenant-demo,D009,经销商09,O-D009-2026Q1-C0199,D009-C0199,2026-01-02,2026Q1,false,43198.04,桂中,erp:order:O-D009-2026Q1-C0199
tenant-demo,D009,经销商09,O-D009-2026Q2-C0199,D009-C0199,2026-04-11,2026Q2,false,26551.55,桂中,erp:order:O-D009-2026Q2-C0199
tenant-demo,D009,经销商09,O-D009-2026Q1-C0200,D009-C0200,2026-03-12,2026Q1,true,41858.73,桂中,erp:order:O-D009-2026Q1-C0200
tenant-demo,D009,经销商09,O-D009-2026Q2-C0200,D009-C0200,2026-04-09,2026Q2,true,37183.87,桂中,erp:order:O-D009-2026Q2-C0200
tenant-demo,D009,经销商09,O-D009-2026Q1-C0201,D009-C0201,2026-03-18,2026Q1,false,26880.37,桂中,erp:order:O-D009-2026Q1-C0201
tenant-demo,D009,经销商09,O-D009-2026Q2-C0201,D009-C0201,2026-04-08,2026Q2,false,47154.54,桂中,erp:order:O-D009-2026Q2-C0201
tenant-demo,D009,经销商09,O-D009-2026Q1-C0202,D009-C0202,2026-03-16,2026Q1,false,8129.14,桂中,erp:order:O-D009-2026Q1-C0202
tenant-demo,D009,经销商09,O-D009-2026Q2-C0202,D009-C0202,2026-05-27,2026Q2,true,46649.37,桂中,erp:order:O-D009-2026Q2-C0202
tenant-demo,D009,经销商09,O-D009-2026Q1-C0203,D009-C0203,2026-03-06,2026Q1,false,27030.51,桂中,erp:order:O-D009-2026Q1-C0203
tenant-demo,D009,经销商09,O-D009-2026Q2-C0203,D009-C0203,2026-04-05,2026Q2,false,6238.16,桂中,erp:order:O-D009-2026Q2-C0203
tenant-demo,D009,经销商09,O-D009-2026Q1-C0204,D009-C0204,2026-01-20,2026Q1,true,26147.89,桂中,erp:order:O-D009-2026Q1-C0204
tenant-demo,D009,经销商09,O-D009-2026Q2-C0204,D009-C0204,2026-06-16,2026Q2,false,24851.15,桂中,erp:order:O-D009-2026Q2-C0204
tenant-demo,D009,经销商09,O-D009-2026Q1-C0205,D009-C0205,2026-01-16,2026Q1,false,12287.09,桂中,erp:order:O-D009-2026Q1-C0205
tenant-demo,D009,经销商09,O-D009-2026Q2-C0205,D009-C0205,2026-04-22,2026Q2,true,11256.73,桂中,erp:order:O-D009-2026Q2-C0205
tenant-demo,D009,经销商09,O-D009-2026Q1-C0206,D009-C0206,2026-03-21,2026Q1,false,31187.87,桂中,erp:order:O-D009-2026Q1-C0206
tenant-demo,D009,经销商09,O-D009-2026Q2-C0206,D009-C0206,2026-06-21,2026Q2,true,48080.8,桂中,erp:order:O-D009-2026Q2-C0206
tenant-demo,D009,经销商09,O-D009-2026Q1-C0207,D009-C0207,2026-03-07,2026Q1,false,22652.37,桂中,erp:order:O-D009-2026Q1-C0207
tenant-demo,D009,经销商09,O-D009-2026Q2-C0207,D009-C0207,2026-06-08,2026Q2,false,13866.08,桂中,erp:order:O-D009-2026Q2-C0207
tenant-demo,D009,经销商09,O-D009-2026Q1-C0208,D009-C0208,2026-03-27,2026Q1,false,46526.68,桂中,erp:order:O-D009-2026Q1-C0208
tenant-demo,D009,经销商09,O-D009-2026Q2-C0208,D009-C0208,2026-05-10,2026Q2,true,40258.8,桂中,erp:order:O-D009-2026Q2-C0208
tenant-demo,D009,经销商09,O-D009-2026Q1-C0209,D009-C0209,2026-02-14,2026Q1,false,46022.56,桂中,erp:order:O-D009-2026Q1-C0209
tenant-demo,D009,经销商09,O-D009-2026Q2-C0209,D009-C0209,2026-05-11,2026Q2,false,47253.72,桂中,erp:order:O-D009-2026Q2-C0209
tenant-demo,D009,经销商09,O-D009-2026Q1-C0210,D009-C0210,2026-03-16,2026Q1,false,37135.31,桂中,erp:order:O-D009-2026Q1-C0210
tenant-demo,D009,经销商09,O-D009-2026Q2-C0210,D009-C0210,2026-06-20,2026Q2,true,25661.85,桂中,erp:order:O-D009-2026Q2-C0210
tenant-demo,D009,经销商09,O-D009-2026Q1-C0211,D009-C0211,2026-02-13,2026Q1,true,42095.76,桂中,erp:order:O-D009-2026Q1-C0211
tenant-demo,D009,经销商09,O-D009-2026Q2-C0211,D009-C0211,2026-04-07,2026Q2,true,25569.3,桂中,erp:order:O-D009-2026Q2-C0211
tenant-demo,D009,经销商09,O-D009-2026Q1-C0212,D009-C0212,2026-01-26,2026Q1,false,13272.26,桂中,erp:order:O-D009-2026Q1-C0212
tenant-demo,D009,经销商09,O-D009-2026Q2-C0212,D009-C0212,2026-04-15,2026Q2,false,20525.22,桂中,erp:order:O-D009-2026Q2-C0212
tenant-demo,D009,经销商09,O-D009-2026Q1-C0213,D009-C0213,2026-03-19,2026Q1,true,23498.49,桂中,erp:order:O-D009-2026Q1-C0213
tenant-demo,D009,经销商09,O-D009-2026Q2-C0213,D009-C0213,2026-05-10,2026Q2,false,41092.12,桂中,erp:order:O-D009-2026Q2-C0213
tenant-demo,D009,经销商09,O-D009-2026Q1-C0214,D009-C0214,2026-01-28,2026Q1,false,40303.32,桂中,erp:order:O-D009-2026Q1-C0214
tenant-demo,D009,经销商09,O-D009-2026Q2-C0214,D009-C0214,2026-04-15,2026Q2,false,40903.68,桂中,erp:order:O-D009-2026Q2-C0214
tenant-demo,D009,经销商09,O-D009-2026Q1-C0215,D009-C0215,2026-03-15,2026Q1,true,27784.28,桂中,erp:order:O-D009-2026Q1-C0215
tenant-demo,D009,经销商09,O-D009-2026Q2-C0215,D009-C0215,2026-04-17,2026Q2,false,17689.35,桂中,erp:order:O-D009-2026Q2-C0215
tenant-demo,D009,经销商09,O-D009-2026Q1-C0216,D009-C0216,2026-02-16,2026Q1,true,14618.12,桂中,erp:order:O-D009-2026Q1-C0216
tenant-demo,D009,经销商09,O-D009-2026Q2-C0216,D009-C0216,2026-06-14,2026Q2,false,45208.71,桂中,erp:order:O-D009-2026Q2-C0216
tenant-demo,D009,经销商09,O-D009-2026Q1-C0217,D009-C0217,2026-02-16,2026Q1,true,17106.33,桂中,erp:order:O-D009-2026Q1-C0217
tenant-demo,D009,经销商09,O-D009-2026Q2-C0217,D009-C0217,2026-05-24,2026Q2,false,32842.33,桂中,erp:order:O-D009-2026Q2-C0217
tenant-demo,D009,经销商09,O-D009-2026Q1-C0218,D009-C0218,2026-01-21,2026Q1,true,45269.08,桂中,erp:order:O-D009-2026Q1-C0218
tenant-demo,D009,经销商09,O-D009-2026Q2-C0218,D009-C0218,2026-04-21,2026Q2,true,39812.2,桂中,erp:order:O-D009-2026Q2-C0218
tenant-demo,D009,经销商09,O-D009-2026Q1-C0219,D009-C0219,2026-03-12,2026Q1,false,38799.54,桂中,erp:order:O-D009-2026Q1-C0219
tenant-demo,D009,经销商09,O-D009-2026Q2-C0219,D009-C0219,2026-06-09,2026Q2,true,15071.87,桂中,erp:order:O-D009-2026Q2-C0219
tenant-demo,D009,经销商09,O-D009-2026Q1-C0220,D009-C0220,2026-03-08,2026Q1,true,14872.73,桂中,erp:order:O-D009-2026Q1-C0220
tenant-demo,D009,经销商09,O-D009-2026Q2-C0220,D009-C0220,2026-04-21,2026Q2,true,5740.28,桂中,erp:order:O-D009-2026Q2-C0220
tenant-demo,D009,经销商09,O-D009-2026Q1-C0221,D009-C0221,2026-03-15,2026Q1,false,30488.43,桂中,erp:order:O-D009-2026Q1-C0221
tenant-demo,D009,经销商09,O-D009-2026Q2-C0221,D009-C0221,2026-06-14,2026Q2,false,20532.6,桂中,erp:order:O-D009-2026Q2-C0221
tenant-demo,D009,经销商09,O-D009-2026Q1-C0222,D009-C0222,2026-02-25,2026Q1,false,26594.23,桂中,erp:order:O-D009-2026Q1-C0222
tenant-demo,D009,经销商09,O-D009-2026Q2-C0222,D009-C0222,2026-05-02,2026Q2,false,47813.18,桂中,erp:order:O-D009-2026Q2-C0222
tenant-demo,D009,经销商09,O-D009-2026Q1-C0223,D009-C0223,2026-02-06,2026Q1,false,36561.03,桂中,erp:order:O-D009-2026Q1-C0223
tenant-demo,D009,经销商09,O-D009-2026Q2-C0223,D009-C0223,2026-06-28,2026Q2,true,45032.44,桂中,erp:order:O-D009-2026Q2-C0223
tenant-demo,D009,经销商09,O-D009-2026Q1-C0224,D009-C0224,2026-02-15,2026Q1,false,14767.57,桂中,erp:order:O-D009-2026Q1-C0224
tenant-demo,D009,经销商09,O-D009-2026Q2-C0224,D009-C0224,2026-05-09,2026Q2,true,6951.26,桂中,erp:order:O-D009-2026Q2-C0224
tenant-demo,D009,经销商09,O-D009-2026Q1-C0225,D009-C0225,2026-02-06,2026Q1,true,19999.11,桂中,erp:order:O-D009-2026Q1-C0225
tenant-demo,D009,经销商09,O-D009-2026Q2-C0225,D009-C0225,2026-05-15,2026Q2,true,13359.35,桂中,erp:order:O-D009-2026Q2-C0225
tenant-demo,D009,经销商09,O-D009-2026Q1-C0226,D009-C0226,2026-03-17,2026Q1,true,5069.27,桂中,erp:order:O-D009-2026Q1-C0226
tenant-demo,D009,经销商09,O-D009-2026Q2-C0226,D009-C0226,2026-05-27,2026Q2,false,45727.4,桂中,erp:order:O-D009-2026Q2-C0226
tenant-demo,D009,经销商09,O-D009-2026Q1-C0227,D009-C0227,2026-01-05,2026Q1,true,25205.32,桂中,erp:order:O-D009-2026Q1-C0227
tenant-demo,D009,经销商09,O-D009-2026Q2-C0227,D009-C0227,2026-05-17,2026Q2,true,23162.88,桂中,erp:order:O-D009-2026Q2-C0227
tenant-demo,D009,经销商09,O-D009-2026Q1-C0228,D009-C0228,2026-02-12,2026Q1,false,49328.05,桂中,erp:order:O-D009-2026Q1-C0228
tenant-demo,D009,经销商09,O-D009-2026Q2-C0228,D009-C0228,2026-04-21,2026Q2,false,5418.2,桂中,erp:order:O-D009-2026Q2-C0228
tenant-demo,D009,经销商09,O-D009-2026Q1-C0229,D009-C0229,2026-03-25,2026Q1,false,36990.58,桂中,erp:order:O-D009-2026Q1-C0229
tenant-demo,D009,经销商09,O-D009-2026Q2-C0229,D009-C0229,2026-06-01,2026Q2,false,38302.66,桂中,erp:order:O-D009-2026Q2-C0229
tenant-demo,D009,经销商09,O-D009-2026Q1-C0230,D009-C0230,2026-03-27,2026Q1,true,47104.72,桂中,erp:order:O-D009-2026Q1-C0230
tenant-demo,D009,经销商09,O-D009-2026Q2-C0230,D009-C0230,2026-04-05,2026Q2,false,29606.64,桂中,erp:order:O-D009-2026Q2-C0230
tenant-demo,D009,经销商09,O-D009-2026Q1-C0231,D009-C0231,2026-02-10,2026Q1,false,45202.49,桂中,erp:order:O-D009-2026Q1-C0231
tenant-demo,D009,经销商09,O-D009-2026Q2-C0231,D009-C0231,2026-04-23,2026Q2,true,37852.79,桂中,erp:order:O-D009-2026Q2-C0231
tenant-demo,D009,经销商09,O-D009-2026Q1-C0232,D009-C0232,2026-03-19,2026Q1,false,10966.51,桂中,erp:order:O-D009-2026Q1-C0232
tenant-demo,D009,经销商09,O-D009-2026Q2-C0232,D009-C0232,2026-05-08,2026Q2,false,36549.46,桂中,erp:order:O-D009-2026Q2-C0232
tenant-demo,D009,经销商09,O-D009-2026Q1-C0233,D009-C0233,2026-03-19,2026Q1,true,45600.18,桂中,erp:order:O-D009-2026Q1-C0233
tenant-demo,D009,经销商09,O-D009-2026Q2-C0233,D009-C0233,2026-04-21,2026Q2,false,34413.06,桂中,erp:order:O-D009-2026Q2-C0233
tenant-demo,D009,经销商09,O-D009-2026Q1-C0234,D009-C0234,2026-03-25,2026Q1,true,14644.1,桂中,erp:order:O-D009-2026Q1-C0234
tenant-demo,D009,经销商09,O-D009-2026Q2-C0234,D009-C0234,2026-05-17,2026Q2,true,13586.14,桂中,erp:order:O-D009-2026Q2-C0234
tenant-demo,D009,经销商09,O-D009-2026Q1-C0235,D009-C0235,2026-01-02,2026Q1,false,35688.69,桂中,erp:order:O-D009-2026Q1-C0235
tenant-demo,D009,经销商09,O-D009-2026Q2-C0235,D009-C0235,2026-05-13,2026Q2,true,28010.81,桂中,erp:order:O-D009-2026Q2-C0235
tenant-demo,D009,经销商09,O-D009-2026Q1-C0236,D009-C0236,2026-03-20,2026Q1,true,29722.91,桂中,erp:order:O-D009-2026Q1-C0236
tenant-demo,D009,经销商09,O-D009-2026Q2-C0236,D009-C0236,2026-05-16,2026Q2,false,6752.2,桂中,erp:order:O-D009-2026Q2-C0236
tenant-demo,D009,经销商09,O-D009-2026Q1-C0237,D009-C0237,2026-02-28,2026Q1,false,8737.19,桂中,erp:order:O-D009-2026Q1-C0237
tenant-demo,D009,经销商09,O-D009-2026Q2-C0237,D009-C0237,2026-04-14,2026Q2,true,11865.1,桂中,erp:order:O-D009-2026Q2-C0237
tenant-demo,D009,经销商09,O-D009-2026Q1-C0238,D009-C0238,2026-03-03,2026Q1,false,19808.6,桂中,erp:order:O-D009-2026Q1-C0238
tenant-demo,D009,经销商09,O-D009-2026Q2-C0238,D009-C0238,2026-06-27,2026Q2,false,29309.53,桂中,erp:order:O-D009-2026Q2-C0238
tenant-demo,D009,经销商09,O-D009-2026Q1-C0239,D009-C0239,2026-01-12,2026Q1,false,34410.86,桂中,erp:order:O-D009-2026Q1-C0239
tenant-demo,D009,经销商09,O-D009-2026Q2-C0239,D009-C0239,2026-05-19,2026Q2,false,42638.46,桂中,erp:order:O-D009-2026Q2-C0239
tenant-demo,D009,经销商09,O-D009-2026Q1-C0240,D009-C0240,2026-01-19,2026Q1,false,44691.11,桂中,erp:order:O-D009-2026Q1-C0240
tenant-demo,D009,经销商09,O-D009-2026Q2-C0240,D009-C0240,2026-05-12,2026Q2,true,28618.54,桂中,erp:order:O-D009-2026Q2-C0240
tenant-demo,D010,经销商10,O-D010-2026Q1-C0001,D010-C0001,2026-01-22,2026Q1,false,27351.45,桂中,erp:order:O-D010-2026Q1-C0001
tenant-demo,D010,经销商10,O-D010-2026Q2-C0001,D010-C0001,2026-04-23,2026Q2,false,15977.69,桂中,erp:order:O-D010-2026Q2-C0001
tenant-demo,D010,经销商10,O-D010-2026Q1-C0002,D010-C0002,2026-03-19,2026Q1,false,14285.76,桂中,erp:order:O-D010-2026Q1-C0002
tenant-demo,D010,经销商10,O-D010-2026Q2-C0002,D010-C0002,2026-04-01,2026Q2,false,8211.95,桂中,erp:order:O-D010-2026Q2-C0002
tenant-demo,D010,经销商10,O-D010-2026Q1-C0003,D010-C0003,2026-01-10,2026Q1,false,42706.2,桂中,erp:order:O-D010-2026Q1-C0003
tenant-demo,D010,经销商10,O-D010-2026Q2-C0003,D010-C0003,2026-04-09,2026Q2,true,32190.94,桂中,erp:order:O-D010-2026Q2-C0003
tenant-demo,D010,经销商10,O-D010-2026Q1-C0004,D010-C0004,2026-03-21,2026Q1,true,8908.41,桂中,erp:order:O-D010-2026Q1-C0004
tenant-demo,D010,经销商10,O-D010-2026Q2-C0004,D010-C0004,2026-05-17,2026Q2,true,16635.28,桂中,erp:order:O-D010-2026Q2-C0004
tenant-demo,D010,经销商10,O-D010-2026Q1-C0005,D010-C0005,2026-02-03,2026Q1,false,45991.15,桂中,erp:order:O-D010-2026Q1-C0005
tenant-demo,D010,经销商10,O-D010-2026Q2-C0005,D010-C0005,2026-06-28,2026Q2,false,32836.1,桂中,erp:order:O-D010-2026Q2-C0005
tenant-demo,D010,经销商10,O-D010-2026Q1-C0006,D010-C0006,2026-01-14,2026Q1,false,23893.43,桂中,erp:order:O-D010-2026Q1-C0006
tenant-demo,D010,经销商10,O-D010-2026Q2-C0006,D010-C0006,2026-04-16,2026Q2,false,26887.6,桂中,erp:order:O-D010-2026Q2-C0006
tenant-demo,D010,经销商10,O-D010-2026Q1-C0007,D010-C0007,2026-01-21,2026Q1,true,39666.11,桂中,erp:order:O-D010-2026Q1-C0007
tenant-demo,D010,经销商10,O-D010-2026Q2-C0007,D010-C0007,2026-06-17,2026Q2,false,27862.85,桂中,erp:order:O-D010-2026Q2-C0007
tenant-demo,D010,经销商10,O-D010-2026Q1-C0008,D010-C0008,2026-03-07,2026Q1,true,46118.63,桂中,erp:order:O-D010-2026Q1-C0008
tenant-demo,D010,经销商10,O-D010-2026Q2-C0008,D010-C0008,2026-04-13,2026Q2,true,21600.95,桂中,erp:order:O-D010-2026Q2-C0008
tenant-demo,D010,经销商10,O-D010-2026Q1-C0009,D010-C0009,2026-01-20,2026Q1,true,37299.59,桂中,erp:order:O-D010-2026Q1-C0009
tenant-demo,D010,经销商10,O-D010-2026Q2-C0009,D010-C0009,2026-06-12,2026Q2,false,19863.74,桂中,erp:order:O-D010-2026Q2-C0009
tenant-demo,D010,经销商10,O-D010-2026Q1-C0010,D010-C0010,2026-02-27,2026Q1,true,46787.9,桂中,erp:order:O-D010-2026Q1-C0010
tenant-demo,D010,经销商10,O-D010-2026Q2-C0010,D010-C0010,2026-06-09,2026Q2,true,48798.64,桂中,erp:order:O-D010-2026Q2-C0010
tenant-demo,D010,经销商10,O-D010-2026Q1-C0011,D010-C0011,2026-02-17,2026Q1,true,14219.49,桂中,erp:order:O-D010-2026Q1-C0011
tenant-demo,D010,经销商10,O-D010-2026Q2-C0011,D010-C0011,2026-04-04,2026Q2,true,48937.18,桂中,erp:order:O-D010-2026Q2-C0011
tenant-demo,D010,经销商10,O-D010-2026Q1-C0012,D010-C0012,2026-02-03,2026Q1,false,13227.5,桂中,erp:order:O-D010-2026Q1-C0012
tenant-demo,D010,经销商10,O-D010-2026Q2-C0012,D010-C0012,2026-04-17,2026Q2,false,16259.74,桂中,erp:order:O-D010-2026Q2-C0012
tenant-demo,D010,经销商10,O-D010-2026Q1-C0013,D010-C0013,2026-02-26,2026Q1,false,43134.61,桂中,erp:order:O-D010-2026Q1-C0013
tenant-demo,D010,经销商10,O-D010-2026Q2-C0013,D010-C0013,2026-06-27,2026Q2,false,39068.05,桂中,erp:order:O-D010-2026Q2-C0013
tenant-demo,D010,经销商10,O-D010-2026Q1-C0014,D010-C0014,2026-01-11,2026Q1,false,44123.72,桂中,erp:order:O-D010-2026Q1-C0014
tenant-demo,D010,经销商10,O-D010-2026Q2-C0014,D010-C0014,2026-04-11,2026Q2,true,14488.47,桂中,erp:order:O-D010-2026Q2-C0014
tenant-demo,D010,经销商10,O-D010-2026Q1-C0015,D010-C0015,2026-03-25,2026Q1,true,39959.6,桂中,erp:order:O-D010-2026Q1-C0015
tenant-demo,D010,经销商10,O-D010-2026Q2-C0015,D010-C0015,2026-06-27,2026Q2,false,16203.35,桂中,erp:order:O-D010-2026Q2-C0015
tenant-demo,D010,经销商10,O-D010-2026Q1-C0016,D010-C0016,2026-03-15,2026Q1,true,13842.5,桂中,erp:order:O-D010-2026Q1-C0016
tenant-demo,D010,经销商10,O-D010-2026Q2-C0016,D010-C0016,2026-05-12,2026Q2,true,30944.25,桂中,erp:order:O-D010-2026Q2-C0016
tenant-demo,D010,经销商10,O-D010-2026Q1-C0017,D010-C0017,2026-01-20,2026Q1,false,32766.37,桂中,erp:order:O-D010-2026Q1-C0017
tenant-demo,D010,经销商10,O-D010-2026Q2-C0017,D010-C0017,2026-05-02,2026Q2,false,11004.67,桂中,erp:order:O-D010-2026Q2-C0017
tenant-demo,D010,经销商10,O-D010-2026Q1-C0018,D010-C0018,2026-02-14,2026Q1,true,42471.97,桂中,erp:order:O-D010-2026Q1-C0018
tenant-demo,D010,经销商10,O-D010-2026Q2-C0018,D010-C0018,2026-06-01,2026Q2,true,32505.26,桂中,erp:order:O-D010-2026Q2-C0018
tenant-demo,D010,经销商10,O-D010-2026Q1-C0019,D010-C0019,2026-01-18,2026Q1,false,37882.98,桂中,erp:order:O-D010-2026Q1-C0019
tenant-demo,D010,经销商10,O-D010-2026Q2-C0019,D010-C0019,2026-06-05,2026Q2,false,44241.43,桂中,erp:order:O-D010-2026Q2-C0019
tenant-demo,D010,经销商10,O-D010-2026Q1-C0020,D010-C0020,2026-02-18,2026Q1,false,21941.98,桂中,erp:order:O-D010-2026Q1-C0020
tenant-demo,D010,经销商10,O-D010-2026Q2-C0020,D010-C0020,2026-06-02,2026Q2,true,35070.35,桂中,erp:order:O-D010-2026Q2-C0020
tenant-demo,D010,经销商10,O-D010-2026Q1-C0021,D010-C0021,2026-01-21,2026Q1,true,8948.45,桂中,erp:order:O-D010-2026Q1-C0021
tenant-demo,D010,经销商10,O-D010-2026Q2-C0021,D010-C0021,2026-05-26,2026Q2,true,27922.55,桂中,erp:order:O-D010-2026Q2-C0021
tenant-demo,D010,经销商10,O-D010-2026Q1-C0022,D010-C0022,2026-02-03,2026Q1,false,23815.79,桂中,erp:order:O-D010-2026Q1-C0022
tenant-demo,D010,经销商10,O-D010-2026Q2-C0022,D010-C0022,2026-05-26,2026Q2,false,28081.56,桂中,erp:order:O-D010-2026Q2-C0022
tenant-demo,D010,经销商10,O-D010-2026Q1-C0023,D010-C0023,2026-03-12,2026Q1,true,10280.62,桂中,erp:order:O-D010-2026Q1-C0023
tenant-demo,D010,经销商10,O-D010-2026Q2-C0023,D010-C0023,2026-05-06,2026Q2,true,30703.04,桂中,erp:order:O-D010-2026Q2-C0023
tenant-demo,D010,经销商10,O-D010-2026Q1-C0024,D010-C0024,2026-03-22,2026Q1,true,49211.63,桂中,erp:order:O-D010-2026Q1-C0024
tenant-demo,D010,经销商10,O-D010-2026Q2-C0024,D010-C0024,2026-04-13,2026Q2,false,26991.62,桂中,erp:order:O-D010-2026Q2-C0024
tenant-demo,D010,经销商10,O-D010-2026Q1-C0025,D010-C0025,2026-01-04,2026Q1,true,41645.91,桂中,erp:order:O-D010-2026Q1-C0025
tenant-demo,D010,经销商10,O-D010-2026Q2-C0025,D010-C0025,2026-04-24,2026Q2,true,48136.01,桂中,erp:order:O-D010-2026Q2-C0025
tenant-demo,D010,经销商10,O-D010-2026Q1-C0026,D010-C0026,2026-03-28,2026Q1,true,47890.34,桂中,erp:order:O-D010-2026Q1-C0026
tenant-demo,D010,经销商10,O-D010-2026Q2-C0026,D010-C0026,2026-05-12,2026Q2,false,27316.41,桂中,erp:order:O-D010-2026Q2-C0026
tenant-demo,D010,经销商10,O-D010-2026Q1-C0027,D010-C0027,2026-03-17,2026Q1,true,23571.38,桂中,erp:order:O-D010-2026Q1-C0027
tenant-demo,D010,经销商10,O-D010-2026Q2-C0027,D010-C0027,2026-04-19,2026Q2,false,48214.7,桂中,erp:order:O-D010-2026Q2-C0027
tenant-demo,D010,经销商10,O-D010-2026Q1-C0028,D010-C0028,2026-02-09,2026Q1,false,27697.35,桂中,erp:order:O-D010-2026Q1-C0028
tenant-demo,D010,经销商10,O-D010-2026Q2-C0028,D010-C0028,2026-05-19,2026Q2,false,25124.12,桂中,erp:order:O-D010-2026Q2-C0028
tenant-demo,D010,经销商10,O-D010-2026Q1-C0029,D010-C0029,2026-02-18,2026Q1,true,41277.64,桂中,erp:order:O-D010-2026Q1-C0029
tenant-demo,D010,经销商10,O-D010-2026Q2-C0029,D010-C0029,2026-04-23,2026Q2,false,13016.12,桂中,erp:order:O-D010-2026Q2-C0029
tenant-demo,D010,经销商10,O-D010-2026Q1-C0030,D010-C0030,2026-01-27,2026Q1,false,32786.96,桂中,erp:order:O-D010-2026Q1-C0030
tenant-demo,D010,经销商10,O-D010-2026Q2-C0030,D010-C0030,2026-06-18,2026Q2,true,15653.11,桂中,erp:order:O-D010-2026Q2-C0030
tenant-demo,D010,经销商10,O-D010-2026Q1-C0031,D010-C0031,2026-03-03,2026Q1,true,36244.77,桂中,erp:order:O-D010-2026Q1-C0031
tenant-demo,D010,经销商10,O-D010-2026Q2-C0031,D010-C0031,2026-04-13,2026Q2,false,15309.54,桂中,erp:order:O-D010-2026Q2-C0031
tenant-demo,D010,经销商10,O-D010-2026Q1-C0032,D010-C0032,2026-01-21,2026Q1,false,30205.19,桂中,erp:order:O-D010-2026Q1-C0032
tenant-demo,D010,经销商10,O-D010-2026Q2-C0032,D010-C0032,2026-06-04,2026Q2,true,37766.76,桂中,erp:order:O-D010-2026Q2-C0032
tenant-demo,D010,经销商10,O-D010-2026Q1-C0033,D010-C0033,2026-01-21,2026Q1,false,25284.26,桂中,erp:order:O-D010-2026Q1-C0033
tenant-demo,D010,经销商10,O-D010-2026Q2-C0033,D010-C0033,2026-04-25,2026Q2,false,15241.01,桂中,erp:order:O-D010-2026Q2-C0033
tenant-demo,D010,经销商10,O-D010-2026Q1-C0034,D010-C0034,2026-03-12,2026Q1,true,42567.39,桂中,erp:order:O-D010-2026Q1-C0034
tenant-demo,D010,经销商10,O-D010-2026Q2-C0034,D010-C0034,2026-06-17,2026Q2,true,24301.17,桂中,erp:order:O-D010-2026Q2-C0034
tenant-demo,D010,经销商10,O-D010-2026Q1-C0035,D010-C0035,2026-03-26,2026Q1,false,21499.45,桂中,erp:order:O-D010-2026Q1-C0035
tenant-demo,D010,经销商10,O-D010-2026Q2-C0035,D010-C0035,2026-05-17,2026Q2,true,17279.77,桂中,erp:order:O-D010-2026Q2-C0035
tenant-demo,D010,经销商10,O-D010-2026Q1-C0036,D010-C0036,2026-03-09,2026Q1,false,26888.67,桂中,erp:order:O-D010-2026Q1-C0036
tenant-demo,D010,经销商10,O-D010-2026Q2-C0036,D010-C0036,2026-05-14,2026Q2,false,32207.27,桂中,erp:order:O-D010-2026Q2-C0036
tenant-demo,D010,经销商10,O-D010-2026Q1-C0037,D010-C0037,2026-01-07,2026Q1,false,12624.59,桂中,erp:order:O-D010-2026Q1-C0037
tenant-demo,D010,经销商10,O-D010-2026Q2-C0037,D010-C0037,2026-06-28,2026Q2,false,34048.01,桂中,erp:order:O-D010-2026Q2-C0037
tenant-demo,D010,经销商10,O-D010-2026Q1-C0038,D010-C0038,2026-02-18,2026Q1,true,39269.94,桂中,erp:order:O-D010-2026Q1-C0038
tenant-demo,D010,经销商10,O-D010-2026Q2-C0038,D010-C0038,2026-04-18,2026Q2,true,45617.49,桂中,erp:order:O-D010-2026Q2-C0038
tenant-demo,D010,经销商10,O-D010-2026Q1-C0039,D010-C0039,2026-01-10,2026Q1,true,10019.49,桂中,erp:order:O-D010-2026Q1-C0039
tenant-demo,D010,经销商10,O-D010-2026Q2-C0039,D010-C0039,2026-04-01,2026Q2,false,15808.68,桂中,erp:order:O-D010-2026Q2-C0039
tenant-demo,D010,经销商10,O-D010-2026Q1-C0040,D010-C0040,2026-03-16,2026Q1,false,19476.81,桂中,erp:order:O-D010-2026Q1-C0040
tenant-demo,D010,经销商10,O-D010-2026Q2-C0040,D010-C0040,2026-04-25,2026Q2,true,49289.85,桂中,erp:order:O-D010-2026Q2-C0040
tenant-demo,D010,经销商10,O-D010-2026Q1-C0041,D010-C0041,2026-03-23,2026Q1,true,20462.01,桂中,erp:order:O-D010-2026Q1-C0041
tenant-demo,D010,经销商10,O-D010-2026Q2-C0041,D010-C0041,2026-04-07,2026Q2,true,14075.19,桂中,erp:order:O-D010-2026Q2-C0041
tenant-demo,D010,经销商10,O-D010-2026Q1-C0042,D010-C0042,2026-02-01,2026Q1,true,17394.55,桂中,erp:order:O-D010-2026Q1-C0042
tenant-demo,D010,经销商10,O-D010-2026Q2-C0042,D010-C0042,2026-06-21,2026Q2,false,44236.51,桂中,erp:order:O-D010-2026Q2-C0042
tenant-demo,D010,经销商10,O-D010-2026Q1-C0043,D010-C0043,2026-02-05,2026Q1,false,8953.84,桂中,erp:order:O-D010-2026Q1-C0043
tenant-demo,D010,经销商10,O-D010-2026Q2-C0043,D010-C0043,2026-04-18,2026Q2,true,28635.84,桂中,erp:order:O-D010-2026Q2-C0043
tenant-demo,D010,经销商10,O-D010-2026Q1-C0044,D010-C0044,2026-02-04,2026Q1,false,33941.92,桂中,erp:order:O-D010-2026Q1-C0044
tenant-demo,D010,经销商10,O-D010-2026Q2-C0044,D010-C0044,2026-04-02,2026Q2,false,37518.58,桂中,erp:order:O-D010-2026Q2-C0044
tenant-demo,D010,经销商10,O-D010-2026Q1-C0045,D010-C0045,2026-01-27,2026Q1,false,31069.11,桂中,erp:order:O-D010-2026Q1-C0045
tenant-demo,D010,经销商10,O-D010-2026Q2-C0045,D010-C0045,2026-06-16,2026Q2,false,17306.01,桂中,erp:order:O-D010-2026Q2-C0045
tenant-demo,D010,经销商10,O-D010-2026Q1-C0046,D010-C0046,2026-03-21,2026Q1,false,24001.11,桂中,erp:order:O-D010-2026Q1-C0046
tenant-demo,D010,经销商10,O-D010-2026Q2-C0046,D010-C0046,2026-04-06,2026Q2,false,7323.16,桂中,erp:order:O-D010-2026Q2-C0046
tenant-demo,D010,经销商10,O-D010-2026Q1-C0047,D010-C0047,2026-01-26,2026Q1,false,12609.39,桂中,erp:order:O-D010-2026Q1-C0047
tenant-demo,D010,经销商10,O-D010-2026Q2-C0047,D010-C0047,2026-06-01,2026Q2,true,36384.45,桂中,erp:order:O-D010-2026Q2-C0047
tenant-demo,D010,经销商10,O-D010-2026Q1-C0048,D010-C0048,2026-01-22,2026Q1,false,24829.22,桂中,erp:order:O-D010-2026Q1-C0048
tenant-demo,D010,经销商10,O-D010-2026Q2-C0048,D010-C0048,2026-05-15,2026Q2,true,14793.25,桂中,erp:order:O-D010-2026Q2-C0048
tenant-demo,D010,经销商10,O-D010-2026Q1-C0049,D010-C0049,2026-02-19,2026Q1,false,35597.43,桂中,erp:order:O-D010-2026Q1-C0049
tenant-demo,D010,经销商10,O-D010-2026Q2-C0049,D010-C0049,2026-04-24,2026Q2,false,10276.92,桂中,erp:order:O-D010-2026Q2-C0049
tenant-demo,D010,经销商10,O-D010-2026Q1-C0050,D010-C0050,2026-03-18,2026Q1,true,25045.59,桂中,erp:order:O-D010-2026Q1-C0050
tenant-demo,D010,经销商10,O-D010-2026Q2-C0050,D010-C0050,2026-06-15,2026Q2,false,28625.87,桂中,erp:order:O-D010-2026Q2-C0050
tenant-demo,D010,经销商10,O-D010-2026Q1-C0051,D010-C0051,2026-02-19,2026Q1,false,29731.37,桂中,erp:order:O-D010-2026Q1-C0051
tenant-demo,D010,经销商10,O-D010-2026Q2-C0051,D010-C0051,2026-05-21,2026Q2,false,24976.29,桂中,erp:order:O-D010-2026Q2-C0051
tenant-demo,D010,经销商10,O-D010-2026Q1-C0052,D010-C0052,2026-03-22,2026Q1,true,42537.81,桂中,erp:order:O-D010-2026Q1-C0052
tenant-demo,D010,经销商10,O-D010-2026Q2-C0052,D010-C0052,2026-05-20,2026Q2,false,28789.28,桂中,erp:order:O-D010-2026Q2-C0052
tenant-demo,D010,经销商10,O-D010-2026Q1-C0053,D010-C0053,2026-03-15,2026Q1,false,42400.79,桂中,erp:order:O-D010-2026Q1-C0053
tenant-demo,D010,经销商10,O-D010-2026Q2-C0053,D010-C0053,2026-06-13,2026Q2,false,37438.7,桂中,erp:order:O-D010-2026Q2-C0053
tenant-demo,D010,经销商10,O-D010-2026Q1-C0054,D010-C0054,2026-03-28,2026Q1,false,20224.29,桂中,erp:order:O-D010-2026Q1-C0054
tenant-demo,D010,经销商10,O-D010-2026Q2-C0054,D010-C0054,2026-04-22,2026Q2,true,5672.06,桂中,erp:order:O-D010-2026Q2-C0054
tenant-demo,D010,经销商10,O-D010-2026Q1-C0055,D010-C0055,2026-01-02,2026Q1,false,41285.71,桂中,erp:order:O-D010-2026Q1-C0055
tenant-demo,D010,经销商10,O-D010-2026Q2-C0055,D010-C0055,2026-04-15,2026Q2,true,33025.0,桂中,erp:order:O-D010-2026Q2-C0055
tenant-demo,D010,经销商10,O-D010-2026Q1-C0056,D010-C0056,2026-01-01,2026Q1,false,33414.74,桂中,erp:order:O-D010-2026Q1-C0056
tenant-demo,D010,经销商10,O-D010-2026Q2-C0056,D010-C0056,2026-06-22,2026Q2,true,38045.89,桂中,erp:order:O-D010-2026Q2-C0056
tenant-demo,D010,经销商10,O-D010-2026Q1-C0057,D010-C0057,2026-02-23,2026Q1,true,42672.15,桂中,erp:order:O-D010-2026Q1-C0057
tenant-demo,D010,经销商10,O-D010-2026Q2-C0057,D010-C0057,2026-04-11,2026Q2,true,22977.75,桂中,erp:order:O-D010-2026Q2-C0057
tenant-demo,D010,经销商10,O-D010-2026Q1-C0058,D010-C0058,2026-01-14,2026Q1,false,31339.91,桂中,erp:order:O-D010-2026Q1-C0058
tenant-demo,D010,经销商10,O-D010-2026Q2-C0058,D010-C0058,2026-04-14,2026Q2,false,33033.67,桂中,erp:order:O-D010-2026Q2-C0058
tenant-demo,D010,经销商10,O-D010-2026Q1-C0059,D010-C0059,2026-01-25,2026Q1,false,47426.92,桂中,erp:order:O-D010-2026Q1-C0059
tenant-demo,D010,经销商10,O-D010-2026Q2-C0059,D010-C0059,2026-05-10,2026Q2,true,39048.78,桂中,erp:order:O-D010-2026Q2-C0059
tenant-demo,D010,经销商10,O-D010-2026Q1-C0060,D010-C0060,2026-01-07,2026Q1,true,31370.26,桂中,erp:order:O-D010-2026Q1-C0060
tenant-demo,D010,经销商10,O-D010-2026Q2-C0060,D010-C0060,2026-05-06,2026Q2,true,47652.85,桂中,erp:order:O-D010-2026Q2-C0060
tenant-demo,D010,经销商10,O-D010-2026Q1-C0061,D010-C0061,2026-03-09,2026Q1,false,17199.3,桂中,erp:order:O-D010-2026Q1-C0061
tenant-demo,D010,经销商10,O-D010-2026Q2-C0061,D010-C0061,2026-05-08,2026Q2,false,35801.14,桂中,erp:order:O-D010-2026Q2-C0061
tenant-demo,D010,经销商10,O-D010-2026Q1-C0062,D010-C0062,2026-01-24,2026Q1,false,13837.89,桂中,erp:order:O-D010-2026Q1-C0062
tenant-demo,D010,经销商10,O-D010-2026Q2-C0062,D010-C0062,2026-04-15,2026Q2,false,41561.04,桂中,erp:order:O-D010-2026Q2-C0062
tenant-demo,D010,经销商10,O-D010-2026Q1-C0063,D010-C0063,2026-02-27,2026Q1,false,14948.13,桂中,erp:order:O-D010-2026Q1-C0063
tenant-demo,D010,经销商10,O-D010-2026Q2-C0063,D010-C0063,2026-05-14,2026Q2,true,27865.02,桂中,erp:order:O-D010-2026Q2-C0063
tenant-demo,D010,经销商10,O-D010-2026Q1-C0064,D010-C0064,2026-02-21,2026Q1,false,49617.36,桂中,erp:order:O-D010-2026Q1-C0064
tenant-demo,D010,经销商10,O-D010-2026Q2-C0064,D010-C0064,2026-04-06,2026Q2,false,6206.12,桂中,erp:order:O-D010-2026Q2-C0064
tenant-demo,D010,经销商10,O-D010-2026Q1-C0065,D010-C0065,2026-02-02,2026Q1,false,41697.1,桂中,erp:order:O-D010-2026Q1-C0065
tenant-demo,D010,经销商10,O-D010-2026Q2-C0065,D010-C0065,2026-05-11,2026Q2,false,20335.95,桂中,erp:order:O-D010-2026Q2-C0065
tenant-demo,D010,经销商10,O-D010-2026Q1-C0066,D010-C0066,2026-02-14,2026Q1,true,8254.94,桂中,erp:order:O-D010-2026Q1-C0066
tenant-demo,D010,经销商10,O-D010-2026Q2-C0066,D010-C0066,2026-04-22,2026Q2,false,43821.14,桂中,erp:order:O-D010-2026Q2-C0066
tenant-demo,D010,经销商10,O-D010-2026Q1-C0067,D010-C0067,2026-01-11,2026Q1,true,15526.55,桂中,erp:order:O-D010-2026Q1-C0067
tenant-demo,D010,经销商10,O-D010-2026Q2-C0067,D010-C0067,2026-05-04,2026Q2,true,10798.21,桂中,erp:order:O-D010-2026Q2-C0067
tenant-demo,D010,经销商10,O-D010-2026Q1-C0068,D010-C0068,2026-01-20,2026Q1,false,12306.2,桂中,erp:order:O-D010-2026Q1-C0068
tenant-demo,D010,经销商10,O-D010-2026Q2-C0068,D010-C0068,2026-05-10,2026Q2,true,42702.09,桂中,erp:order:O-D010-2026Q2-C0068
tenant-demo,D010,经销商10,O-D010-2026Q1-C0069,D010-C0069,2026-01-08,2026Q1,true,27211.32,桂中,erp:order:O-D010-2026Q1-C0069
tenant-demo,D010,经销商10,O-D010-2026Q2-C0069,D010-C0069,2026-04-12,2026Q2,false,22018.38,桂中,erp:order:O-D010-2026Q2-C0069
tenant-demo,D010,经销商10,O-D010-2026Q1-C0070,D010-C0070,2026-03-28,2026Q1,true,20935.09,桂中,erp:order:O-D010-2026Q1-C0070
tenant-demo,D010,经销商10,O-D010-2026Q2-C0070,D010-C0070,2026-04-15,2026Q2,true,22625.55,桂中,erp:order:O-D010-2026Q2-C0070
tenant-demo,D010,经销商10,O-D010-2026Q1-C0071,D010-C0071,2026-03-02,2026Q1,true,14874.7,桂中,erp:order:O-D010-2026Q1-C0071
tenant-demo,D010,经销商10,O-D010-2026Q2-C0071,D010-C0071,2026-04-17,2026Q2,false,40437.75,桂中,erp:order:O-D010-2026Q2-C0071
tenant-demo,D010,经销商10,O-D010-2026Q1-C0072,D010-C0072,2026-02-06,2026Q1,false,34791.27,桂中,erp:order:O-D010-2026Q1-C0072
tenant-demo,D010,经销商10,O-D010-2026Q2-C0072,D010-C0072,2026-05-05,2026Q2,true,23462.22,桂中,erp:order:O-D010-2026Q2-C0072
tenant-demo,D010,经销商10,O-D010-2026Q1-C0073,D010-C0073,2026-03-08,2026Q1,false,43498.32,桂中,erp:order:O-D010-2026Q1-C0073
tenant-demo,D010,经销商10,O-D010-2026Q2-C0073,D010-C0073,2026-06-10,2026Q2,false,32357.84,桂中,erp:order:O-D010-2026Q2-C0073
tenant-demo,D010,经销商10,O-D010-2026Q1-C0074,D010-C0074,2026-02-09,2026Q1,true,33352.41,桂中,erp:order:O-D010-2026Q1-C0074
tenant-demo,D010,经销商10,O-D010-2026Q2-C0074,D010-C0074,2026-04-22,2026Q2,true,27804.45,桂中,erp:order:O-D010-2026Q2-C0074
tenant-demo,D010,经销商10,O-D010-2026Q1-C0075,D010-C0075,2026-02-27,2026Q1,false,25104.82,桂中,erp:order:O-D010-2026Q1-C0075
tenant-demo,D010,经销商10,O-D010-2026Q2-C0075,D010-C0075,2026-04-21,2026Q2,false,35791.42,桂中,erp:order:O-D010-2026Q2-C0075
tenant-demo,D010,经销商10,O-D010-2026Q1-C0076,D010-C0076,2026-03-26,2026Q1,true,25943.14,桂中,erp:order:O-D010-2026Q1-C0076
tenant-demo,D010,经销商10,O-D010-2026Q2-C0076,D010-C0076,2026-05-04,2026Q2,false,34422.5,桂中,erp:order:O-D010-2026Q2-C0076
tenant-demo,D010,经销商10,O-D010-2026Q1-C0077,D010-C0077,2026-03-07,2026Q1,false,19357.28,桂中,erp:order:O-D010-2026Q1-C0077
tenant-demo,D010,经销商10,O-D010-2026Q2-C0077,D010-C0077,2026-05-20,2026Q2,true,10054.6,桂中,erp:order:O-D010-2026Q2-C0077
tenant-demo,D010,经销商10,O-D010-2026Q1-C0078,D010-C0078,2026-03-05,2026Q1,true,8465.87,桂中,erp:order:O-D010-2026Q1-C0078
tenant-demo,D010,经销商10,O-D010-2026Q2-C0078,D010-C0078,2026-04-02,2026Q2,false,16583.57,桂中,erp:order:O-D010-2026Q2-C0078
tenant-demo,D010,经销商10,O-D010-2026Q1-C0079,D010-C0079,2026-01-19,2026Q1,false,48647.66,桂中,erp:order:O-D010-2026Q1-C0079
tenant-demo,D010,经销商10,O-D010-2026Q2-C0079,D010-C0079,2026-06-20,2026Q2,false,19876.57,桂中,erp:order:O-D010-2026Q2-C0079
tenant-demo,D010,经销商10,O-D010-2026Q1-C0080,D010-C0080,2026-02-02,2026Q1,false,39326.81,桂中,erp:order:O-D010-2026Q1-C0080
tenant-demo,D010,经销商10,O-D010-2026Q2-C0080,D010-C0080,2026-05-05,2026Q2,false,25294.2,桂中,erp:order:O-D010-2026Q2-C0080
tenant-demo,D010,经销商10,O-D010-2026Q1-C0081,D010-C0081,2026-03-28,2026Q1,false,47787.96,桂中,erp:order:O-D010-2026Q1-C0081
tenant-demo,D010,经销商10,O-D010-2026Q2-C0081,D010-C0081,2026-05-21,2026Q2,true,5367.25,桂中,erp:order:O-D010-2026Q2-C0081
tenant-demo,D010,经销商10,O-D010-2026Q1-C0082,D010-C0082,2026-03-16,2026Q1,true,19752.72,桂中,erp:order:O-D010-2026Q1-C0082
tenant-demo,D010,经销商10,O-D010-2026Q2-C0082,D010-C0082,2026-06-08,2026Q2,false,18744.21,桂中,erp:order:O-D010-2026Q2-C0082
tenant-demo,D010,经销商10,O-D010-2026Q1-C0083,D010-C0083,2026-02-13,2026Q1,false,44967.45,桂中,erp:order:O-D010-2026Q1-C0083
tenant-demo,D010,经销商10,O-D010-2026Q2-C0083,D010-C0083,2026-04-14,2026Q2,false,15835.24,桂中,erp:order:O-D010-2026Q2-C0083
tenant-demo,D010,经销商10,O-D010-2026Q1-C0084,D010-C0084,2026-01-24,2026Q1,true,44606.86,桂中,erp:order:O-D010-2026Q1-C0084
tenant-demo,D010,经销商10,O-D010-2026Q2-C0084,D010-C0084,2026-05-10,2026Q2,false,12233.52,桂中,erp:order:O-D010-2026Q2-C0084
tenant-demo,D010,经销商10,O-D010-2026Q1-C0085,D010-C0085,2026-01-05,2026Q1,false,8667.69,桂中,erp:order:O-D010-2026Q1-C0085
tenant-demo,D010,经销商10,O-D010-2026Q2-C0085,D010-C0085,2026-04-09,2026Q2,false,9352.03,桂中,erp:order:O-D010-2026Q2-C0085
tenant-demo,D010,经销商10,O-D010-2026Q1-C0086,D010-C0086,2026-02-13,2026Q1,false,32888.78,桂中,erp:order:O-D010-2026Q1-C0086
tenant-demo,D010,经销商10,O-D010-2026Q2-C0086,D010-C0086,2026-04-19,2026Q2,true,49028.59,桂中,erp:order:O-D010-2026Q2-C0086
tenant-demo,D010,经销商10,O-D010-2026Q1-C0087,D010-C0087,2026-01-17,2026Q1,false,27842.97,桂中,erp:order:O-D010-2026Q1-C0087
tenant-demo,D010,经销商10,O-D010-2026Q2-C0087,D010-C0087,2026-04-09,2026Q2,true,48706.36,桂中,erp:order:O-D010-2026Q2-C0087
tenant-demo,D010,经销商10,O-D010-2026Q1-C0088,D010-C0088,2026-03-25,2026Q1,false,27197.75,桂中,erp:order:O-D010-2026Q1-C0088
tenant-demo,D010,经销商10,O-D010-2026Q2-C0088,D010-C0088,2026-06-24,2026Q2,false,11206.32,桂中,erp:order:O-D010-2026Q2-C0088
tenant-demo,D010,经销商10,O-D010-2026Q1-C0089,D010-C0089,2026-01-21,2026Q1,false,32286.68,桂中,erp:order:O-D010-2026Q1-C0089
tenant-demo,D010,经销商10,O-D010-2026Q2-C0089,D010-C0089,2026-05-02,2026Q2,false,26281.2,桂中,erp:order:O-D010-2026Q2-C0089
tenant-demo,D010,经销商10,O-D010-2026Q1-C0090,D010-C0090,2026-03-12,2026Q1,false,35468.38,桂中,erp:order:O-D010-2026Q1-C0090
tenant-demo,D010,经销商10,O-D010-2026Q2-C0090,D010-C0090,2026-06-12,2026Q2,false,46118.04,桂中,erp:order:O-D010-2026Q2-C0090
tenant-demo,D010,经销商10,O-D010-2026Q1-C0091,D010-C0091,2026-02-02,2026Q1,false,32885.93,桂中,erp:order:O-D010-2026Q1-C0091
tenant-demo,D010,经销商10,O-D010-2026Q2-C0091,D010-C0091,2026-04-25,2026Q2,true,23890.43,桂中,erp:order:O-D010-2026Q2-C0091
tenant-demo,D010,经销商10,O-D010-2026Q1-C0092,D010-C0092,2026-01-21,2026Q1,true,28818.58,桂中,erp:order:O-D010-2026Q1-C0092
tenant-demo,D010,经销商10,O-D010-2026Q2-C0092,D010-C0092,2026-05-28,2026Q2,false,46494.31,桂中,erp:order:O-D010-2026Q2-C0092
tenant-demo,D010,经销商10,O-D010-2026Q1-C0093,D010-C0093,2026-03-23,2026Q1,false,17818.67,桂中,erp:order:O-D010-2026Q1-C0093
tenant-demo,D010,经销商10,O-D010-2026Q2-C0093,D010-C0093,2026-05-08,2026Q2,false,24031.02,桂中,erp:order:O-D010-2026Q2-C0093
tenant-demo,D010,经销商10,O-D010-2026Q1-C0094,D010-C0094,2026-02-09,2026Q1,true,12873.62,桂中,erp:order:O-D010-2026Q1-C0094
tenant-demo,D010,经销商10,O-D010-2026Q2-C0094,D010-C0094,2026-04-18,2026Q2,true,15525.08,桂中,erp:order:O-D010-2026Q2-C0094
tenant-demo,D010,经销商10,O-D010-2026Q1-C0095,D010-C0095,2026-01-26,2026Q1,false,12200.94,桂中,erp:order:O-D010-2026Q1-C0095
tenant-demo,D010,经销商10,O-D010-2026Q2-C0095,D010-C0095,2026-04-10,2026Q2,false,45899.42,桂中,erp:order:O-D010-2026Q2-C0095
tenant-demo,D010,经销商10,O-D010-2026Q1-C0096,D010-C0096,2026-02-27,2026Q1,false,31431.63,桂中,erp:order:O-D010-2026Q1-C0096
tenant-demo,D010,经销商10,O-D010-2026Q2-C0096,D010-C0096,2026-06-17,2026Q2,false,41101.57,桂中,erp:order:O-D010-2026Q2-C0096
tenant-demo,D010,经销商10,O-D010-2026Q1-C0097,D010-C0097,2026-03-18,2026Q1,true,17008.86,桂中,erp:order:O-D010-2026Q1-C0097
tenant-demo,D010,经销商10,O-D010-2026Q2-C0097,D010-C0097,2026-05-12,2026Q2,false,12585.87,桂中,erp:order:O-D010-2026Q2-C0097
tenant-demo,D010,经销商10,O-D010-2026Q1-C0098,D010-C0098,2026-02-02,2026Q1,false,13486.63,桂中,erp:order:O-D010-2026Q1-C0098
tenant-demo,D010,经销商10,O-D010-2026Q2-C0098,D010-C0098,2026-06-05,2026Q2,false,37899.79,桂中,erp:order:O-D010-2026Q2-C0098
tenant-demo,D010,经销商10,O-D010-2026Q1-C0099,D010-C0099,2026-01-14,2026Q1,true,30125.82,桂中,erp:order:O-D010-2026Q1-C0099
tenant-demo,D010,经销商10,O-D010-2026Q2-C0099,D010-C0099,2026-05-08,2026Q2,false,14836.19,桂中,erp:order:O-D010-2026Q2-C0099
tenant-demo,D010,经销商10,O-D010-2026Q1-C0100,D010-C0100,2026-03-10,2026Q1,false,22753.22,桂中,erp:order:O-D010-2026Q1-C0100
tenant-demo,D010,经销商10,O-D010-2026Q2-C0100,D010-C0100,2026-06-01,2026Q2,true,31072.5,桂中,erp:order:O-D010-2026Q2-C0100
tenant-demo,D010,经销商10,O-D010-2026Q1-C0101,D010-C0101,2026-01-18,2026Q1,true,49562.4,桂中,erp:order:O-D010-2026Q1-C0101
tenant-demo,D010,经销商10,O-D010-2026Q2-C0101,D010-C0101,2026-06-07,2026Q2,false,49911.47,桂中,erp:order:O-D010-2026Q2-C0101
tenant-demo,D010,经销商10,O-D010-2026Q1-C0102,D010-C0102,2026-03-01,2026Q1,false,34268.98,桂中,erp:order:O-D010-2026Q1-C0102
tenant-demo,D010,经销商10,O-D010-2026Q2-C0102,D010-C0102,2026-05-27,2026Q2,false,17057.92,桂中,erp:order:O-D010-2026Q2-C0102
tenant-demo,D010,经销商10,O-D010-2026Q1-C0103,D010-C0103,2026-02-28,2026Q1,false,23365.35,桂中,erp:order:O-D010-2026Q1-C0103
tenant-demo,D010,经销商10,O-D010-2026Q2-C0103,D010-C0103,2026-06-22,2026Q2,true,18909.86,桂中,erp:order:O-D010-2026Q2-C0103
tenant-demo,D010,经销商10,O-D010-2026Q1-C0104,D010-C0104,2026-02-06,2026Q1,true,31353.71,桂中,erp:order:O-D010-2026Q1-C0104
tenant-demo,D010,经销商10,O-D010-2026Q2-C0104,D010-C0104,2026-04-19,2026Q2,false,20817.62,桂中,erp:order:O-D010-2026Q2-C0104
tenant-demo,D010,经销商10,O-D010-2026Q1-C0105,D010-C0105,2026-01-08,2026Q1,false,16450.5,桂中,erp:order:O-D010-2026Q1-C0105
tenant-demo,D010,经销商10,O-D010-2026Q2-C0105,D010-C0105,2026-05-27,2026Q2,false,26027.12,桂中,erp:order:O-D010-2026Q2-C0105
tenant-demo,D010,经销商10,O-D010-2026Q1-C0106,D010-C0106,2026-02-16,2026Q1,false,21948.45,桂中,erp:order:O-D010-2026Q1-C0106
tenant-demo,D010,经销商10,O-D010-2026Q2-C0106,D010-C0106,2026-06-09,2026Q2,true,18817.3,桂中,erp:order:O-D010-2026Q2-C0106
tenant-demo,D010,经销商10,O-D010-2026Q1-C0107,D010-C0107,2026-01-23,2026Q1,true,8682.17,桂中,erp:order:O-D010-2026Q1-C0107
tenant-demo,D010,经销商10,O-D010-2026Q2-C0107,D010-C0107,2026-04-09,2026Q2,false,15155.66,桂中,erp:order:O-D010-2026Q2-C0107
tenant-demo,D010,经销商10,O-D010-2026Q1-C0108,D010-C0108,2026-01-12,2026Q1,false,38722.52,桂中,erp:order:O-D010-2026Q1-C0108
tenant-demo,D010,经销商10,O-D010-2026Q2-C0108,D010-C0108,2026-04-26,2026Q2,false,5574.89,桂中,erp:order:O-D010-2026Q2-C0108
tenant-demo,D010,经销商10,O-D010-2026Q1-C0109,D010-C0109,2026-01-24,2026Q1,false,7078.56,桂中,erp:order:O-D010-2026Q1-C0109
tenant-demo,D010,经销商10,O-D010-2026Q2-C0109,D010-C0109,2026-06-22,2026Q2,false,49365.78,桂中,erp:order:O-D010-2026Q2-C0109
tenant-demo,D010,经销商10,O-D010-2026Q1-C0110,D010-C0110,2026-02-16,2026Q1,false,30435.87,桂中,erp:order:O-D010-2026Q1-C0110
tenant-demo,D010,经销商10,O-D010-2026Q2-C0110,D010-C0110,2026-05-19,2026Q2,false,28140.76,桂中,erp:order:O-D010-2026Q2-C0110
tenant-demo,D010,经销商10,O-D010-2026Q1-C0111,D010-C0111,2026-03-14,2026Q1,false,30996.37,桂中,erp:order:O-D010-2026Q1-C0111
tenant-demo,D010,经销商10,O-D010-2026Q2-C0111,D010-C0111,2026-05-07,2026Q2,true,48626.13,桂中,erp:order:O-D010-2026Q2-C0111
tenant-demo,D010,经销商10,O-D010-2026Q1-C0112,D010-C0112,2026-03-20,2026Q1,true,23762.66,桂中,erp:order:O-D010-2026Q1-C0112
tenant-demo,D010,经销商10,O-D010-2026Q2-C0112,D010-C0112,2026-04-15,2026Q2,false,22288.24,桂中,erp:order:O-D010-2026Q2-C0112
tenant-demo,D010,经销商10,O-D010-2026Q1-C0113,D010-C0113,2026-03-11,2026Q1,true,28241.87,桂中,erp:order:O-D010-2026Q1-C0113
tenant-demo,D010,经销商10,O-D010-2026Q2-C0113,D010-C0113,2026-04-26,2026Q2,true,10589.76,桂中,erp:order:O-D010-2026Q2-C0113
tenant-demo,D010,经销商10,O-D010-2026Q1-C0114,D010-C0114,2026-03-20,2026Q1,false,49374.52,桂中,erp:order:O-D010-2026Q1-C0114
tenant-demo,D010,经销商10,O-D010-2026Q2-C0114,D010-C0114,2026-05-09,2026Q2,false,49455.98,桂中,erp:order:O-D010-2026Q2-C0114
tenant-demo,D010,经销商10,O-D010-2026Q1-C0115,D010-C0115,2026-01-17,2026Q1,false,49472.05,桂中,erp:order:O-D010-2026Q1-C0115
tenant-demo,D010,经销商10,O-D010-2026Q2-C0115,D010-C0115,2026-06-17,2026Q2,false,9058.88,桂中,erp:order:O-D010-2026Q2-C0115
tenant-demo,D010,经销商10,O-D010-2026Q1-C0116,D010-C0116,2026-03-18,2026Q1,false,31931.45,桂中,erp:order:O-D010-2026Q1-C0116
tenant-demo,D010,经销商10,O-D010-2026Q2-C0116,D010-C0116,2026-04-12,2026Q2,false,38221.52,桂中,erp:order:O-D010-2026Q2-C0116
tenant-demo,D010,经销商10,O-D010-2026Q1-C0117,D010-C0117,2026-01-01,2026Q1,false,45998.27,桂中,erp:order:O-D010-2026Q1-C0117
tenant-demo,D010,经销商10,O-D010-2026Q2-C0117,D010-C0117,2026-04-09,2026Q2,true,22187.55,桂中,erp:order:O-D010-2026Q2-C0117
tenant-demo,D010,经销商10,O-D010-2026Q1-C0118,D010-C0118,2026-03-11,2026Q1,false,32141.77,桂中,erp:order:O-D010-2026Q1-C0118
tenant-demo,D010,经销商10,O-D010-2026Q2-C0118,D010-C0118,2026-05-13,2026Q2,false,45234.34,桂中,erp:order:O-D010-2026Q2-C0118
tenant-demo,D010,经销商10,O-D010-2026Q1-C0119,D010-C0119,2026-03-25,2026Q1,true,27921.91,桂中,erp:order:O-D010-2026Q1-C0119
tenant-demo,D010,经销商10,O-D010-2026Q2-C0119,D010-C0119,2026-06-06,2026Q2,false,41151.38,桂中,erp:order:O-D010-2026Q2-C0119
tenant-demo,D010,经销商10,O-D010-2026Q1-C0120,D010-C0120,2026-01-07,2026Q1,false,26230.57,桂中,erp:order:O-D010-2026Q1-C0120
tenant-demo,D010,经销商10,O-D010-2026Q2-C0120,D010-C0120,2026-05-16,2026Q2,false,20605.14,桂中,erp:order:O-D010-2026Q2-C0120
tenant-demo,D010,经销商10,O-D010-2026Q1-C0121,D010-C0121,2026-02-23,2026Q1,false,33929.12,桂中,erp:order:O-D010-2026Q1-C0121
tenant-demo,D010,经销商10,O-D010-2026Q2-C0121,D010-C0121,2026-05-15,2026Q2,false,47015.56,桂中,erp:order:O-D010-2026Q2-C0121
tenant-demo,D010,经销商10,O-D010-2026Q1-C0122,D010-C0122,2026-03-17,2026Q1,false,9168.68,桂中,erp:order:O-D010-2026Q1-C0122
tenant-demo,D010,经销商10,O-D010-2026Q2-C0122,D010-C0122,2026-05-13,2026Q2,true,22015.58,桂中,erp:order:O-D010-2026Q2-C0122
tenant-demo,D010,经销商10,O-D010-2026Q1-C0123,D010-C0123,2026-03-04,2026Q1,true,9565.58,桂中,erp:order:O-D010-2026Q1-C0123
tenant-demo,D010,经销商10,O-D010-2026Q2-C0123,D010-C0123,2026-06-04,2026Q2,true,29956.76,桂中,erp:order:O-D010-2026Q2-C0123
tenant-demo,D010,经销商10,O-D010-2026Q1-C0124,D010-C0124,2026-01-26,2026Q1,true,18602.43,桂中,erp:order:O-D010-2026Q1-C0124
tenant-demo,D010,经销商10,O-D010-2026Q2-C0124,D010-C0124,2026-06-16,2026Q2,true,27173.4,桂中,erp:order:O-D010-2026Q2-C0124
tenant-demo,D010,经销商10,O-D010-2026Q1-C0125,D010-C0125,2026-02-10,2026Q1,false,16510.99,桂中,erp:order:O-D010-2026Q1-C0125
tenant-demo,D010,经销商10,O-D010-2026Q2-C0125,D010-C0125,2026-05-03,2026Q2,false,37234.05,桂中,erp:order:O-D010-2026Q2-C0125
tenant-demo,D010,经销商10,O-D010-2026Q1-C0126,D010-C0126,2026-02-08,2026Q1,false,6849.45,桂中,erp:order:O-D010-2026Q1-C0126
tenant-demo,D010,经销商10,O-D010-2026Q2-C0126,D010-C0126,2026-05-07,2026Q2,true,25391.79,桂中,erp:order:O-D010-2026Q2-C0126
tenant-demo,D010,经销商10,O-D010-2026Q1-C0127,D010-C0127,2026-02-23,2026Q1,false,23668.9,桂中,erp:order:O-D010-2026Q1-C0127
tenant-demo,D010,经销商10,O-D010-2026Q2-C0127,D010-C0127,2026-05-21,2026Q2,false,16619.13,桂中,erp:order:O-D010-2026Q2-C0127
tenant-demo,D010,经销商10,O-D010-2026Q1-C0128,D010-C0128,2026-02-10,2026Q1,true,44827.28,桂中,erp:order:O-D010-2026Q1-C0128
tenant-demo,D010,经销商10,O-D010-2026Q2-C0128,D010-C0128,2026-06-25,2026Q2,true,13256.56,桂中,erp:order:O-D010-2026Q2-C0128
tenant-demo,D010,经销商10,O-D010-2026Q1-C0129,D010-C0129,2026-02-07,2026Q1,true,34667.29,桂中,erp:order:O-D010-2026Q1-C0129
tenant-demo,D010,经销商10,O-D010-2026Q2-C0129,D010-C0129,2026-06-20,2026Q2,true,9056.62,桂中,erp:order:O-D010-2026Q2-C0129
tenant-demo,D010,经销商10,O-D010-2026Q1-C0130,D010-C0130,2026-02-24,2026Q1,true,48193.29,桂中,erp:order:O-D010-2026Q1-C0130
tenant-demo,D010,经销商10,O-D010-2026Q2-C0130,D010-C0130,2026-06-21,2026Q2,true,33070.46,桂中,erp:order:O-D010-2026Q2-C0130
tenant-demo,D010,经销商10,O-D010-2026Q1-C0131,D010-C0131,2026-01-10,2026Q1,false,6189.05,桂中,erp:order:O-D010-2026Q1-C0131
tenant-demo,D010,经销商10,O-D010-2026Q2-C0131,D010-C0131,2026-06-18,2026Q2,true,12784.6,桂中,erp:order:O-D010-2026Q2-C0131
tenant-demo,D010,经销商10,O-D010-2026Q1-C0132,D010-C0132,2026-02-15,2026Q1,true,21672.23,桂中,erp:order:O-D010-2026Q1-C0132
tenant-demo,D010,经销商10,O-D010-2026Q2-C0132,D010-C0132,2026-05-02,2026Q2,true,26932.03,桂中,erp:order:O-D010-2026Q2-C0132
tenant-demo,D010,经销商10,O-D010-2026Q1-C0133,D010-C0133,2026-01-11,2026Q1,false,16903.38,桂中,erp:order:O-D010-2026Q1-C0133
tenant-demo,D010,经销商10,O-D010-2026Q2-C0133,D010-C0133,2026-06-07,2026Q2,false,30240.87,桂中,erp:order:O-D010-2026Q2-C0133
tenant-demo,D010,经销商10,O-D010-2026Q1-C0134,D010-C0134,2026-03-20,2026Q1,false,24778.96,桂中,erp:order:O-D010-2026Q1-C0134
tenant-demo,D010,经销商10,O-D010-2026Q2-C0134,D010-C0134,2026-05-21,2026Q2,false,23685.16,桂中,erp:order:O-D010-2026Q2-C0134
tenant-demo,D010,经销商10,O-D010-2026Q1-C0135,D010-C0135,2026-03-17,2026Q1,true,29215.57,桂中,erp:order:O-D010-2026Q1-C0135
tenant-demo,D010,经销商10,O-D010-2026Q2-C0135,D010-C0135,2026-04-28,2026Q2,true,38196.41,桂中,erp:order:O-D010-2026Q2-C0135
tenant-demo,D010,经销商10,O-D010-2026Q1-C0136,D010-C0136,2026-03-18,2026Q1,true,8296.21,桂中,erp:order:O-D010-2026Q1-C0136
tenant-demo,D010,经销商10,O-D010-2026Q2-C0136,D010-C0136,2026-04-16,2026Q2,false,45957.17,桂中,erp:order:O-D010-2026Q2-C0136
tenant-demo,D010,经销商10,O-D010-2026Q1-C0137,D010-C0137,2026-02-06,2026Q1,true,30635.89,桂中,erp:order:O-D010-2026Q1-C0137
tenant-demo,D010,经销商10,O-D010-2026Q2-C0137,D010-C0137,2026-04-09,2026Q2,true,21620.78,桂中,erp:order:O-D010-2026Q2-C0137
tenant-demo,D010,经销商10,O-D010-2026Q1-C0138,D010-C0138,2026-01-06,2026Q1,true,14918.14,桂中,erp:order:O-D010-2026Q1-C0138
tenant-demo,D010,经销商10,O-D010-2026Q2-C0138,D010-C0138,2026-06-22,2026Q2,true,23094.03,桂中,erp:order:O-D010-2026Q2-C0138
tenant-demo,D010,经销商10,O-D010-2026Q1-C0139,D010-C0139,2026-03-04,2026Q1,true,28002.46,桂中,erp:order:O-D010-2026Q1-C0139
tenant-demo,D010,经销商10,O-D010-2026Q2-C0139,D010-C0139,2026-05-23,2026Q2,false,47662.78,桂中,erp:order:O-D010-2026Q2-C0139
tenant-demo,D010,经销商10,O-D010-2026Q1-C0140,D010-C0140,2026-01-14,2026Q1,true,38876.04,桂中,erp:order:O-D010-2026Q1-C0140
tenant-demo,D010,经销商10,O-D010-2026Q2-C0140,D010-C0140,2026-04-28,2026Q2,true,28613.96,桂中,erp:order:O-D010-2026Q2-C0140
tenant-demo,D010,经销商10,O-D010-2026Q1-C0141,D010-C0141,2026-01-08,2026Q1,true,29990.06,桂中,erp:order:O-D010-2026Q1-C0141
tenant-demo,D010,经销商10,O-D010-2026Q2-C0141,D010-C0141,2026-04-03,2026Q2,true,40352.15,桂中,erp:order:O-D010-2026Q2-C0141
tenant-demo,D010,经销商10,O-D010-2026Q1-C0142,D010-C0142,2026-03-22,2026Q1,true,42544.45,桂中,erp:order:O-D010-2026Q1-C0142
tenant-demo,D010,经销商10,O-D010-2026Q2-C0142,D010-C0142,2026-05-16,2026Q2,false,23640.32,桂中,erp:order:O-D010-2026Q2-C0142
tenant-demo,D010,经销商10,O-D010-2026Q1-C0143,D010-C0143,2026-02-01,2026Q1,true,33319.09,桂中,erp:order:O-D010-2026Q1-C0143
tenant-demo,D010,经销商10,O-D010-2026Q2-C0143,D010-C0143,2026-04-19,2026Q2,false,49167.25,桂中,erp:order:O-D010-2026Q2-C0143
tenant-demo,D010,经销商10,O-D010-2026Q1-C0144,D010-C0144,2026-03-20,2026Q1,true,48370.96,桂中,erp:order:O-D010-2026Q1-C0144
tenant-demo,D010,经销商10,O-D010-2026Q2-C0144,D010-C0144,2026-05-23,2026Q2,false,19222.58,桂中,erp:order:O-D010-2026Q2-C0144
tenant-demo,D010,经销商10,O-D010-2026Q1-C0145,D010-C0145,2026-01-15,2026Q1,true,28518.55,桂中,erp:order:O-D010-2026Q1-C0145
tenant-demo,D010,经销商10,O-D010-2026Q2-C0145,D010-C0145,2026-05-07,2026Q2,false,29632.77,桂中,erp:order:O-D010-2026Q2-C0145
tenant-demo,D010,经销商10,O-D010-2026Q1-C0146,D010-C0146,2026-02-20,2026Q1,false,38901.48,桂中,erp:order:O-D010-2026Q1-C0146
tenant-demo,D010,经销商10,O-D010-2026Q2-C0146,D010-C0146,2026-05-01,2026Q2,true,15893.28,桂中,erp:order:O-D010-2026Q2-C0146
tenant-demo,D010,经销商10,O-D010-2026Q1-C0147,D010-C0147,2026-01-05,2026Q1,false,32846.37,桂中,erp:order:O-D010-2026Q1-C0147
tenant-demo,D010,经销商10,O-D010-2026Q2-C0147,D010-C0147,2026-04-21,2026Q2,false,21679.73,桂中,erp:order:O-D010-2026Q2-C0147
tenant-demo,D010,经销商10,O-D010-2026Q1-C0148,D010-C0148,2026-01-17,2026Q1,true,35011.86,桂中,erp:order:O-D010-2026Q1-C0148
tenant-demo,D010,经销商10,O-D010-2026Q2-C0148,D010-C0148,2026-06-25,2026Q2,true,5907.91,桂中,erp:order:O-D010-2026Q2-C0148
tenant-demo,D010,经销商10,O-D010-2026Q1-C0149,D010-C0149,2026-03-07,2026Q1,false,18182.71,桂中,erp:order:O-D010-2026Q1-C0149
tenant-demo,D010,经销商10,O-D010-2026Q2-C0149,D010-C0149,2026-04-27,2026Q2,true,27546.98,桂中,erp:order:O-D010-2026Q2-C0149
tenant-demo,D010,经销商10,O-D010-2026Q1-C0150,D010-C0150,2026-02-27,2026Q1,false,44028.97,桂中,erp:order:O-D010-2026Q1-C0150
tenant-demo,D010,经销商10,O-D010-2026Q2-C0150,D010-C0150,2026-04-11,2026Q2,false,38909.22,桂中,erp:order:O-D010-2026Q2-C0150
tenant-demo,D010,经销商10,O-D010-2026Q1-C0151,D010-C0151,2026-03-04,2026Q1,false,7294.83,桂中,erp:order:O-D010-2026Q1-C0151
tenant-demo,D010,经销商10,O-D010-2026Q2-C0151,D010-C0151,2026-06-08,2026Q2,false,26248.81,桂中,erp:order:O-D010-2026Q2-C0151
tenant-demo,D010,经销商10,O-D010-2026Q1-C0152,D010-C0152,2026-02-04,2026Q1,true,15932.27,桂中,erp:order:O-D010-2026Q1-C0152
tenant-demo,D010,经销商10,O-D010-2026Q2-C0152,D010-C0152,2026-05-17,2026Q2,true,20968.75,桂中,erp:order:O-D010-2026Q2-C0152
tenant-demo,D010,经销商10,O-D010-2026Q1-C0153,D010-C0153,2026-03-18,2026Q1,false,48075.73,桂中,erp:order:O-D010-2026Q1-C0153
tenant-demo,D010,经销商10,O-D010-2026Q2-C0153,D010-C0153,2026-05-12,2026Q2,true,21068.58,桂中,erp:order:O-D010-2026Q2-C0153
tenant-demo,D010,经销商10,O-D010-2026Q1-C0154,D010-C0154,2026-03-18,2026Q1,false,17196.49,桂中,erp:order:O-D010-2026Q1-C0154
tenant-demo,D010,经销商10,O-D010-2026Q2-C0154,D010-C0154,2026-06-07,2026Q2,true,20917.67,桂中,erp:order:O-D010-2026Q2-C0154
tenant-demo,D010,经销商10,O-D010-2026Q1-C0155,D010-C0155,2026-03-18,2026Q1,false,30138.5,桂中,erp:order:O-D010-2026Q1-C0155
tenant-demo,D010,经销商10,O-D010-2026Q2-C0155,D010-C0155,2026-06-18,2026Q2,true,24233.83,桂中,erp:order:O-D010-2026Q2-C0155
tenant-demo,D010,经销商10,O-D010-2026Q1-C0156,D010-C0156,2026-01-16,2026Q1,false,8137.2,桂中,erp:order:O-D010-2026Q1-C0156
tenant-demo,D010,经销商10,O-D010-2026Q2-C0156,D010-C0156,2026-04-28,2026Q2,true,23472.73,桂中,erp:order:O-D010-2026Q2-C0156
tenant-demo,D010,经销商10,O-D010-2026Q1-C0157,D010-C0157,2026-03-02,2026Q1,false,38670.43,桂中,erp:order:O-D010-2026Q1-C0157
tenant-demo,D010,经销商10,O-D010-2026Q2-C0157,D010-C0157,2026-05-04,2026Q2,false,30564.39,桂中,erp:order:O-D010-2026Q2-C0157
tenant-demo,D010,经销商10,O-D010-2026Q1-C0158,D010-C0158,2026-03-25,2026Q1,true,15997.63,桂中,erp:order:O-D010-2026Q1-C0158
tenant-demo,D010,经销商10,O-D010-2026Q2-C0158,D010-C0158,2026-04-11,2026Q2,false,36493.96,桂中,erp:order:O-D010-2026Q2-C0158
tenant-demo,D010,经销商10,O-D010-2026Q1-C0159,D010-C0159,2026-02-08,2026Q1,true,40140.53,桂中,erp:order:O-D010-2026Q1-C0159
tenant-demo,D010,经销商10,O-D010-2026Q2-C0159,D010-C0159,2026-05-05,2026Q2,false,44854.97,桂中,erp:order:O-D010-2026Q2-C0159
tenant-demo,D010,经销商10,O-D010-2026Q1-C0160,D010-C0160,2026-03-24,2026Q1,false,8797.09,桂中,erp:order:O-D010-2026Q1-C0160
tenant-demo,D010,经销商10,O-D010-2026Q2-C0160,D010-C0160,2026-06-05,2026Q2,false,45465.31,桂中,erp:order:O-D010-2026Q2-C0160
tenant-demo,D010,经销商10,O-D010-2026Q1-C0161,D010-C0161,2026-03-15,2026Q1,true,23638.91,桂中,erp:order:O-D010-2026Q1-C0161
tenant-demo,D010,经销商10,O-D010-2026Q2-C0161,D010-C0161,2026-05-07,2026Q2,false,10494.74,桂中,erp:order:O-D010-2026Q2-C0161
tenant-demo,D010,经销商10,O-D010-2026Q1-C0162,D010-C0162,2026-01-04,2026Q1,false,12432.61,桂中,erp:order:O-D010-2026Q1-C0162
tenant-demo,D010,经销商10,O-D010-2026Q2-C0162,D010-C0162,2026-05-18,2026Q2,true,6920.0,桂中,erp:order:O-D010-2026Q2-C0162
tenant-demo,D010,经销商10,O-D010-2026Q1-C0163,D010-C0163,2026-01-20,2026Q1,true,33816.22,桂中,erp:order:O-D010-2026Q1-C0163
tenant-demo,D010,经销商10,O-D010-2026Q2-C0163,D010-C0163,2026-04-20,2026Q2,false,10878.04,桂中,erp:order:O-D010-2026Q2-C0163
tenant-demo,D010,经销商10,O-D010-2026Q1-C0164,D010-C0164,2026-03-24,2026Q1,true,32268.52,桂中,erp:order:O-D010-2026Q1-C0164
tenant-demo,D010,经销商10,O-D010-2026Q2-C0164,D010-C0164,2026-05-28,2026Q2,true,23253.56,桂中,erp:order:O-D010-2026Q2-C0164
tenant-demo,D010,经销商10,O-D010-2026Q1-C0165,D010-C0165,2026-01-19,2026Q1,true,34137.71,桂中,erp:order:O-D010-2026Q1-C0165
tenant-demo,D010,经销商10,O-D010-2026Q2-C0165,D010-C0165,2026-06-13,2026Q2,false,34876.19,桂中,erp:order:O-D010-2026Q2-C0165
tenant-demo,D010,经销商10,O-D010-2026Q1-C0166,D010-C0166,2026-03-22,2026Q1,true,6501.4,桂中,erp:order:O-D010-2026Q1-C0166
tenant-demo,D010,经销商10,O-D010-2026Q2-C0166,D010-C0166,2026-04-20,2026Q2,false,9010.86,桂中,erp:order:O-D010-2026Q2-C0166
tenant-demo,D010,经销商10,O-D010-2026Q1-C0167,D010-C0167,2026-01-21,2026Q1,true,19561.05,桂中,erp:order:O-D010-2026Q1-C0167
tenant-demo,D010,经销商10,O-D010-2026Q2-C0167,D010-C0167,2026-06-20,2026Q2,false,10957.93,桂中,erp:order:O-D010-2026Q2-C0167
tenant-demo,D010,经销商10,O-D010-2026Q1-C0168,D010-C0168,2026-02-24,2026Q1,false,43441.58,桂中,erp:order:O-D010-2026Q1-C0168
tenant-demo,D010,经销商10,O-D010-2026Q2-C0168,D010-C0168,2026-05-12,2026Q2,false,37820.87,桂中,erp:order:O-D010-2026Q2-C0168
tenant-demo,D010,经销商10,O-D010-2026Q1-C0169,D010-C0169,2026-01-17,2026Q1,false,10851.43,桂中,erp:order:O-D010-2026Q1-C0169
tenant-demo,D010,经销商10,O-D010-2026Q2-C0169,D010-C0169,2026-04-11,2026Q2,false,7592.66,桂中,erp:order:O-D010-2026Q2-C0169
tenant-demo,D010,经销商10,O-D010-2026Q1-C0170,D010-C0170,2026-03-28,2026Q1,true,44490.83,桂中,erp:order:O-D010-2026Q1-C0170
tenant-demo,D010,经销商10,O-D010-2026Q2-C0170,D010-C0170,2026-04-06,2026Q2,false,17743.19,桂中,erp:order:O-D010-2026Q2-C0170
tenant-demo,D010,经销商10,O-D010-2026Q1-C0171,D010-C0171,2026-02-16,2026Q1,true,6138.75,桂中,erp:order:O-D010-2026Q1-C0171
tenant-demo,D010,经销商10,O-D010-2026Q2-C0171,D010-C0171,2026-05-04,2026Q2,false,24245.58,桂中,erp:order:O-D010-2026Q2-C0171
tenant-demo,D010,经销商10,O-D010-2026Q1-C0172,D010-C0172,2026-01-24,2026Q1,false,31437.75,桂中,erp:order:O-D010-2026Q1-C0172
tenant-demo,D010,经销商10,O-D010-2026Q2-C0172,D010-C0172,2026-06-22,2026Q2,true,14130.49,桂中,erp:order:O-D010-2026Q2-C0172
tenant-demo,D010,经销商10,O-D010-2026Q1-C0173,D010-C0173,2026-03-06,2026Q1,false,24191.47,桂中,erp:order:O-D010-2026Q1-C0173
tenant-demo,D010,经销商10,O-D010-2026Q2-C0173,D010-C0173,2026-04-27,2026Q2,false,8692.75,桂中,erp:order:O-D010-2026Q2-C0173
tenant-demo,D010,经销商10,O-D010-2026Q1-C0174,D010-C0174,2026-02-26,2026Q1,false,44723.65,桂中,erp:order:O-D010-2026Q1-C0174
tenant-demo,D010,经销商10,O-D010-2026Q2-C0174,D010-C0174,2026-04-26,2026Q2,false,35561.61,桂中,erp:order:O-D010-2026Q2-C0174
tenant-demo,D010,经销商10,O-D010-2026Q1-C0175,D010-C0175,2026-03-07,2026Q1,false,48926.46,桂中,erp:order:O-D010-2026Q1-C0175
tenant-demo,D010,经销商10,O-D010-2026Q2-C0175,D010-C0175,2026-04-26,2026Q2,true,29739.48,桂中,erp:order:O-D010-2026Q2-C0175
tenant-demo,D010,经销商10,O-D010-2026Q1-C0176,D010-C0176,2026-03-15,2026Q1,true,41614.34,桂中,erp:order:O-D010-2026Q1-C0176
tenant-demo,D010,经销商10,O-D010-2026Q2-C0176,D010-C0176,2026-04-27,2026Q2,true,39110.36,桂中,erp:order:O-D010-2026Q2-C0176
tenant-demo,D010,经销商10,O-D010-2026Q1-C0177,D010-C0177,2026-02-27,2026Q1,true,17535.85,桂中,erp:order:O-D010-2026Q1-C0177
tenant-demo,D010,经销商10,O-D010-2026Q2-C0177,D010-C0177,2026-04-20,2026Q2,true,19882.14,桂中,erp:order:O-D010-2026Q2-C0177
tenant-demo,D010,经销商10,O-D010-2026Q1-C0178,D010-C0178,2026-03-20,2026Q1,false,33759.91,桂中,erp:order:O-D010-2026Q1-C0178
tenant-demo,D010,经销商10,O-D010-2026Q2-C0178,D010-C0178,2026-05-08,2026Q2,true,14971.82,桂中,erp:order:O-D010-2026Q2-C0178
tenant-demo,D010,经销商10,O-D010-2026Q1-C0179,D010-C0179,2026-01-05,2026Q1,false,25148.74,桂中,erp:order:O-D010-2026Q1-C0179
tenant-demo,D010,经销商10,O-D010-2026Q2-C0179,D010-C0179,2026-06-10,2026Q2,true,45890.57,桂中,erp:order:O-D010-2026Q2-C0179
tenant-demo,D010,经销商10,O-D010-2026Q1-C0180,D010-C0180,2026-01-12,2026Q1,true,37808.88,桂中,erp:order:O-D010-2026Q1-C0180
tenant-demo,D010,经销商10,O-D010-2026Q2-C0180,D010-C0180,2026-06-17,2026Q2,true,47465.62,桂中,erp:order:O-D010-2026Q2-C0180
tenant-demo,D010,经销商10,O-D010-2026Q1-C0181,D010-C0181,2026-01-14,2026Q1,true,47470.76,桂中,erp:order:O-D010-2026Q1-C0181
tenant-demo,D010,经销商10,O-D010-2026Q2-C0181,D010-C0181,2026-05-02,2026Q2,true,13160.62,桂中,erp:order:O-D010-2026Q2-C0181
tenant-demo,D010,经销商10,O-D010-2026Q1-C0182,D010-C0182,2026-01-12,2026Q1,false,38778.59,桂中,erp:order:O-D010-2026Q1-C0182
tenant-demo,D010,经销商10,O-D010-2026Q2-C0182,D010-C0182,2026-06-26,2026Q2,false,18542.94,桂中,erp:order:O-D010-2026Q2-C0182
tenant-demo,D010,经销商10,O-D010-2026Q1-C0183,D010-C0183,2026-03-02,2026Q1,true,45216.17,桂中,erp:order:O-D010-2026Q1-C0183
tenant-demo,D010,经销商10,O-D010-2026Q2-C0183,D010-C0183,2026-04-09,2026Q2,false,31202.02,桂中,erp:order:O-D010-2026Q2-C0183
tenant-demo,D010,经销商10,O-D010-2026Q1-C0184,D010-C0184,2026-02-02,2026Q1,false,37959.43,桂中,erp:order:O-D010-2026Q1-C0184
tenant-demo,D010,经销商10,O-D010-2026Q2-C0184,D010-C0184,2026-05-11,2026Q2,false,17008.12,桂中,erp:order:O-D010-2026Q2-C0184
tenant-demo,D010,经销商10,O-D010-2026Q1-C0185,D010-C0185,2026-03-08,2026Q1,false,37662.36,桂中,erp:order:O-D010-2026Q1-C0185
tenant-demo,D010,经销商10,O-D010-2026Q2-C0185,D010-C0185,2026-04-02,2026Q2,true,39868.25,桂中,erp:order:O-D010-2026Q2-C0185
tenant-demo,D010,经销商10,O-D010-2026Q1-C0186,D010-C0186,2026-02-26,2026Q1,false,18322.72,桂中,erp:order:O-D010-2026Q1-C0186
tenant-demo,D010,经销商10,O-D010-2026Q2-C0186,D010-C0186,2026-04-04,2026Q2,true,48045.62,桂中,erp:order:O-D010-2026Q2-C0186
tenant-demo,D010,经销商10,O-D010-2026Q1-C0187,D010-C0187,2026-02-06,2026Q1,false,6907.46,桂中,erp:order:O-D010-2026Q1-C0187
tenant-demo,D010,经销商10,O-D010-2026Q2-C0187,D010-C0187,2026-05-19,2026Q2,false,21281.64,桂中,erp:order:O-D010-2026Q2-C0187
tenant-demo,D010,经销商10,O-D010-2026Q1-C0188,D010-C0188,2026-01-06,2026Q1,false,19893.69,桂中,erp:order:O-D010-2026Q1-C0188
tenant-demo,D010,经销商10,O-D010-2026Q2-C0188,D010-C0188,2026-05-24,2026Q2,true,23497.32,桂中,erp:order:O-D010-2026Q2-C0188
tenant-demo,D010,经销商10,O-D010-2026Q1-C0189,D010-C0189,2026-01-27,2026Q1,true,43799.44,桂中,erp:order:O-D010-2026Q1-C0189
tenant-demo,D010,经销商10,O-D010-2026Q2-C0189,D010-C0189,2026-06-08,2026Q2,true,24430.21,桂中,erp:order:O-D010-2026Q2-C0189
tenant-demo,D010,经销商10,O-D010-2026Q1-C0190,D010-C0190,2026-03-09,2026Q1,false,22210.54,桂中,erp:order:O-D010-2026Q1-C0190
tenant-demo,D010,经销商10,O-D010-2026Q2-C0190,D010-C0190,2026-05-22,2026Q2,false,13888.81,桂中,erp:order:O-D010-2026Q2-C0190
tenant-demo,D010,经销商10,O-D010-2026Q1-C0191,D010-C0191,2026-01-16,2026Q1,true,12980.13,桂中,erp:order:O-D010-2026Q1-C0191
tenant-demo,D010,经销商10,O-D010-2026Q2-C0191,D010-C0191,2026-05-27,2026Q2,false,35276.48,桂中,erp:order:O-D010-2026Q2-C0191
tenant-demo,D010,经销商10,O-D010-2026Q1-C0192,D010-C0192,2026-01-07,2026Q1,false,20258.72,桂中,erp:order:O-D010-2026Q1-C0192
tenant-demo,D010,经销商10,O-D010-2026Q2-C0192,D010-C0192,2026-04-09,2026Q2,false,6168.41,桂中,erp:order:O-D010-2026Q2-C0192
tenant-demo,D010,经销商10,O-D010-2026Q1-C0193,D010-C0193,2026-01-04,2026Q1,false,17891.26,桂中,erp:order:O-D010-2026Q1-C0193
tenant-demo,D010,经销商10,O-D010-2026Q2-C0193,D010-C0193,2026-04-01,2026Q2,true,16422.81,桂中,erp:order:O-D010-2026Q2-C0193
tenant-demo,D010,经销商10,O-D010-2026Q1-C0194,D010-C0194,2026-02-01,2026Q1,false,22131.46,桂中,erp:order:O-D010-2026Q1-C0194
tenant-demo,D010,经销商10,O-D010-2026Q2-C0194,D010-C0194,2026-04-05,2026Q2,false,6739.94,桂中,erp:order:O-D010-2026Q2-C0194
tenant-demo,D010,经销商10,O-D010-2026Q1-C0195,D010-C0195,2026-02-18,2026Q1,false,36051.35,桂中,erp:order:O-D010-2026Q1-C0195
tenant-demo,D010,经销商10,O-D010-2026Q2-C0195,D010-C0195,2026-05-08,2026Q2,false,42743.64,桂中,erp:order:O-D010-2026Q2-C0195
tenant-demo,D010,经销商10,O-D010-2026Q1-C0196,D010-C0196,2026-03-20,2026Q1,false,37843.56,桂中,erp:order:O-D010-2026Q1-C0196
tenant-demo,D010,经销商10,O-D010-2026Q2-C0196,D010-C0196,2026-04-01,2026Q2,true,30246.48,桂中,erp:order:O-D010-2026Q2-C0196
tenant-demo,D010,经销商10,O-D010-2026Q1-C0197,D010-C0197,2026-01-06,2026Q1,false,8046.3,桂中,erp:order:O-D010-2026Q1-C0197
tenant-demo,D010,经销商10,O-D010-2026Q2-C0197,D010-C0197,2026-04-16,2026Q2,true,40053.42,桂中,erp:order:O-D010-2026Q2-C0197
tenant-demo,D010,经销商10,O-D010-2026Q1-C0198,D010-C0198,2026-02-14,2026Q1,false,22414.08,桂中,erp:order:O-D010-2026Q1-C0198
tenant-demo,D010,经销商10,O-D010-2026Q2-C0198,D010-C0198,2026-05-20,2026Q2,true,27998.48,桂中,erp:order:O-D010-2026Q2-C0198
tenant-demo,D010,经销商10,O-D010-2026Q1-C0199,D010-C0199,2026-02-08,2026Q1,false,11973.85,桂中,erp:order:O-D010-2026Q1-C0199
tenant-demo,D010,经销商10,O-D010-2026Q2-C0199,D010-C0199,2026-06-12,2026Q2,false,30958.28,桂中,erp:order:O-D010-2026Q2-C0199
tenant-demo,D010,经销商10,O-D010-2026Q1-C0200,D010-C0200,2026-01-16,2026Q1,true,27495.32,桂中,erp:order:O-D010-2026Q1-C0200
tenant-demo,D010,经销商10,O-D010-2026Q2-C0200,D010-C0200,2026-06-27,2026Q2,true,16293.99,桂中,erp:order:O-D010-2026Q2-C0200
tenant-demo,D010,经销商10,O-D010-2026Q1-C0201,D010-C0201,2026-02-14,2026Q1,true,11619.18,桂中,erp:order:O-D010-2026Q1-C0201
tenant-demo,D010,经销商10,O-D010-2026Q2-C0201,D010-C0201,2026-04-16,2026Q2,false,43345.2,桂中,erp:order:O-D010-2026Q2-C0201
tenant-demo,D010,经销商10,O-D010-2026Q1-C0202,D010-C0202,2026-01-19,2026Q1,false,40198.48,桂中,erp:order:O-D010-2026Q1-C0202
tenant-demo,D010,经销商10,O-D010-2026Q2-C0202,D010-C0202,2026-06-20,2026Q2,false,21685.25,桂中,erp:order:O-D010-2026Q2-C0202
tenant-demo,D010,经销商10,O-D010-2026Q1-C0203,D010-C0203,2026-02-06,2026Q1,false,42280.29,桂中,erp:order:O-D010-2026Q1-C0203
tenant-demo,D010,经销商10,O-D010-2026Q2-C0203,D010-C0203,2026-04-08,2026Q2,false,13448.48,桂中,erp:order:O-D010-2026Q2-C0203
tenant-demo,D010,经销商10,O-D010-2026Q1-C0204,D010-C0204,2026-01-16,2026Q1,true,22120.84,桂中,erp:order:O-D010-2026Q1-C0204
tenant-demo,D010,经销商10,O-D010-2026Q2-C0204,D010-C0204,2026-06-27,2026Q2,true,6356.88,桂中,erp:order:O-D010-2026Q2-C0204
tenant-demo,D010,经销商10,O-D010-2026Q1-C0205,D010-C0205,2026-01-26,2026Q1,false,12066.24,桂中,erp:order:O-D010-2026Q1-C0205
tenant-demo,D010,经销商10,O-D010-2026Q2-C0205,D010-C0205,2026-05-26,2026Q2,false,10924.42,桂中,erp:order:O-D010-2026Q2-C0205
tenant-demo,D010,经销商10,O-D010-2026Q1-C0206,D010-C0206,2026-03-04,2026Q1,false,5865.98,桂中,erp:order:O-D010-2026Q1-C0206
tenant-demo,D010,经销商10,O-D010-2026Q2-C0206,D010-C0206,2026-06-20,2026Q2,false,8145.92,桂中,erp:order:O-D010-2026Q2-C0206
tenant-demo,D010,经销商10,O-D010-2026Q1-C0207,D010-C0207,2026-01-26,2026Q1,false,44819.9,桂中,erp:order:O-D010-2026Q1-C0207
tenant-demo,D010,经销商10,O-D010-2026Q2-C0207,D010-C0207,2026-05-09,2026Q2,true,26067.66,桂中,erp:order:O-D010-2026Q2-C0207
tenant-demo,D010,经销商10,O-D010-2026Q1-C0208,D010-C0208,2026-02-12,2026Q1,true,36003.29,桂中,erp:order:O-D010-2026Q1-C0208
tenant-demo,D010,经销商10,O-D010-2026Q2-C0208,D010-C0208,2026-04-26,2026Q2,false,29146.18,桂中,erp:order:O-D010-2026Q2-C0208
tenant-demo,D010,经销商10,O-D010-2026Q1-C0209,D010-C0209,2026-03-05,2026Q1,true,32839.74,桂中,erp:order:O-D010-2026Q1-C0209
tenant-demo,D010,经销商10,O-D010-2026Q2-C0209,D010-C0209,2026-04-15,2026Q2,false,29146.24,桂中,erp:order:O-D010-2026Q2-C0209
tenant-demo,D010,经销商10,O-D010-2026Q1-C0210,D010-C0210,2026-02-17,2026Q1,true,33526.07,桂中,erp:order:O-D010-2026Q1-C0210
tenant-demo,D010,经销商10,O-D010-2026Q2-C0210,D010-C0210,2026-06-02,2026Q2,false,37822.25,桂中,erp:order:O-D010-2026Q2-C0210
tenant-demo,D010,经销商10,O-D010-2026Q1-C0211,D010-C0211,2026-02-20,2026Q1,true,40174.48,桂中,erp:order:O-D010-2026Q1-C0211
tenant-demo,D010,经销商10,O-D010-2026Q2-C0211,D010-C0211,2026-06-11,2026Q2,false,23153.18,桂中,erp:order:O-D010-2026Q2-C0211
tenant-demo,D010,经销商10,O-D010-2026Q1-C0212,D010-C0212,2026-02-04,2026Q1,true,24168.42,桂中,erp:order:O-D010-2026Q1-C0212
tenant-demo,D010,经销商10,O-D010-2026Q2-C0212,D010-C0212,2026-05-15,2026Q2,false,15336.47,桂中,erp:order:O-D010-2026Q2-C0212
tenant-demo,D010,经销商10,O-D010-2026Q1-C0213,D010-C0213,2026-01-25,2026Q1,true,31345.76,桂中,erp:order:O-D010-2026Q1-C0213
tenant-demo,D010,经销商10,O-D010-2026Q2-C0213,D010-C0213,2026-05-17,2026Q2,true,35034.06,桂中,erp:order:O-D010-2026Q2-C0213
tenant-demo,D010,经销商10,O-D010-2026Q1-C0214,D010-C0214,2026-02-20,2026Q1,false,49712.25,桂中,erp:order:O-D010-2026Q1-C0214
tenant-demo,D010,经销商10,O-D010-2026Q2-C0214,D010-C0214,2026-05-28,2026Q2,true,19372.45,桂中,erp:order:O-D010-2026Q2-C0214
tenant-demo,D010,经销商10,O-D010-2026Q1-C0215,D010-C0215,2026-02-18,2026Q1,true,49222.15,桂中,erp:order:O-D010-2026Q1-C0215
tenant-demo,D010,经销商10,O-D010-2026Q2-C0215,D010-C0215,2026-05-28,2026Q2,false,43975.48,桂中,erp:order:O-D010-2026Q2-C0215
tenant-demo,D010,经销商10,O-D010-2026Q1-C0216,D010-C0216,2026-01-07,2026Q1,true,24160.44,桂中,erp:order:O-D010-2026Q1-C0216
tenant-demo,D010,经销商10,O-D010-2026Q2-C0216,D010-C0216,2026-06-16,2026Q2,false,26422.81,桂中,erp:order:O-D010-2026Q2-C0216
tenant-demo,D010,经销商10,O-D010-2026Q1-C0217,D010-C0217,2026-01-01,2026Q1,true,10629.09,桂中,erp:order:O-D010-2026Q1-C0217
tenant-demo,D010,经销商10,O-D010-2026Q2-C0217,D010-C0217,2026-04-11,2026Q2,true,16909.92,桂中,erp:order:O-D010-2026Q2-C0217
tenant-demo,D010,经销商10,O-D010-2026Q1-C0218,D010-C0218,2026-03-20,2026Q1,false,49325.01,桂中,erp:order:O-D010-2026Q1-C0218
tenant-demo,D010,经销商10,O-D010-2026Q2-C0218,D010-C0218,2026-04-21,2026Q2,true,32600.24,桂中,erp:order:O-D010-2026Q2-C0218
tenant-demo,D010,经销商10,O-D010-2026Q1-C0219,D010-C0219,2026-01-21,2026Q1,false,43688.51,桂中,erp:order:O-D010-2026Q1-C0219
tenant-demo,D010,经销商10,O-D010-2026Q2-C0219,D010-C0219,2026-04-02,2026Q2,true,9757.14,桂中,erp:order:O-D010-2026Q2-C0219
tenant-demo,D010,经销商10,O-D010-2026Q1-C0220,D010-C0220,2026-02-06,2026Q1,true,34151.46,桂中,erp:order:O-D010-2026Q1-C0220
tenant-demo,D010,经销商10,O-D010-2026Q2-C0220,D010-C0220,2026-04-04,2026Q2,false,33680.46,桂中,erp:order:O-D010-2026Q2-C0220
